entity1,relation,entity2,source_chunk
Peter Slowik,RELATED_TO,Anh Bui,doc_1.txt_0
Peter Slowik,RELATED_TO,Nic Lutsey,doc_1.txt_0
Peter Slowik,RELATED_TO,Briefing,doc_1.txt_0
Anh Bui,RELATED_TO,Nic Lutsey,doc_1.txt_0
Anh Bui,RELATED_TO,Briefing,doc_1.txt_0
Nic Lutsey,RELATED_TO,Briefing,doc_1.txt_0
United States,RELATED_TO,approximately 2.4%,doc_1.txt_1
United States,RELATED_TO,US,doc_1.txt_1
United States,RELATED_TO,about 2%,doc_1.txt_1
United States,RELATED_TO,the United States,doc_1.txt_1
approximately 2.4%,RELATED_TO,US,doc_1.txt_1
approximately 2.4%,RELATED_TO,about 2%,doc_1.txt_1
approximately 2.4%,RELATED_TO,the United States,doc_1.txt_1
US,RELATED_TO,about 2%,doc_1.txt_1
US,RELATED_TO,the United States,doc_1.txt_1
about 2%,RELATED_TO,the United States,doc_1.txt_1
5%,RELATED_TO,U.S,doc_1.txt_3
5%,RELATED_TO,1.3%,doc_1.txt_3
U.S,RELATED_TO,1.3%,doc_1.txt_3
"1,500",RELATED_TO,"more than $5,500",doc_1.txt_6
"1,500",RELATED_TO,HOV,doc_1.txt_6
"1,500",RELATED_TO,US,doc_1.txt_6
"more than $5,500",RELATED_TO,HOV,doc_1.txt_6
"more than $5,500",RELATED_TO,US,doc_1.txt_6
HOV,RELATED_TO,US,doc_1.txt_6
US,RELATED_TO,10%,doc_1.txt_7
US,RELATED_TO,U.S.,doc_1.txt_7
US,RELATED_TO,just 20%,doc_1.txt_7
10%,RELATED_TO,U.S.,doc_1.txt_7
10%,RELATED_TO,just 20%,doc_1.txt_7
U.S.,RELATED_TO,just 20%,doc_1.txt_7
less than 10%,RELATED_TO,U.S.,doc_1.txt_8
United States,RELATED_TO,United States,doc_1.txt_9
United States,RELATED_TO,US,doc_1.txt_9
United States,RELATED_TO,"Download

Update",doc_1.txt_9
United States,RELATED_TO,U.S.,doc_1.txt_9
United States,RELATED_TO,US,doc_1.txt_9
United States,RELATED_TO,"Download

Update",doc_1.txt_9
United States,RELATED_TO,U.S.,doc_1.txt_9
US,RELATED_TO,"Download

Update",doc_1.txt_9
US,RELATED_TO,U.S.,doc_1.txt_9
"Download

Update",RELATED_TO,U.S.,doc_1.txt_9
US,RELATED_TO,Google,doc_1.txt_11
US,RELATED_TO,Google Analytics,doc_1.txt_11
Google,RELATED_TO,Google Analytics,doc_1.txt_11
US,MANUFACTURES,Bloomberg,doc_10.txt_0
US,RELATED_TO,The Electric Vehicle Outlook,doc_10.txt_2
US,MANUFACTURES,GM,doc_10.txt_3
US,MANUFACTURES,EV,doc_10.txt_3
GM,MANUFACTURES,EV,doc_10.txt_3
Thailand,RELATED_TO,EV,doc_10.txt_4
Thailand,RELATED_TO,Brazil,doc_10.txt_4
Thailand,RELATED_TO,Turkey,doc_10.txt_4
Thailand,RELATED_TO,China,doc_10.txt_4
EV,RELATED_TO,Brazil,doc_10.txt_4
EV,RELATED_TO,Turkey,doc_10.txt_4
EV,RELATED_TO,China,doc_10.txt_4
Brazil,RELATED_TO,Turkey,doc_10.txt_4
Brazil,RELATED_TO,China,doc_10.txt_4
Turkey,RELATED_TO,China,doc_10.txt_4
Eco-Movement,RELATED_TO,Marklines,doc_10.txt_5
Eco-Movement,RELATED_TO,BloombergNEF,doc_10.txt_5
Eco-Movement,RELATED_TO,US,doc_10.txt_5
Marklines,RELATED_TO,BloombergNEF,doc_10.txt_5
Marklines,RELATED_TO,US,doc_10.txt_5
BloombergNEF,RELATED_TO,US,doc_10.txt_5
Eco-Movement,RELATED_TO,BloombergNEF,doc_10.txt_6
Eco-Movement,RELATED_TO,US,doc_10.txt_6
BloombergNEF,RELATED_TO,US,doc_10.txt_6
Eco-Movement,RELATED_TO,BloombergNEF,doc_10.txt_7
Eco-Movement,RELATED_TO,US,doc_10.txt_7
BloombergNEF,RELATED_TO,US,doc_10.txt_7
Eco-Movement,RELATED_TO,BloombergNEF,doc_10.txt_8
Eco-Movement,RELATED_TO,US,doc_10.txt_8
Eco-Movement,RELATED_TO,about 3%,doc_10.txt_8
BloombergNEF,RELATED_TO,US,doc_10.txt_8
BloombergNEF,RELATED_TO,about 3%,doc_10.txt_8
US,RELATED_TO,about 3%,doc_10.txt_8
US,RELATED_TO,about 3%,doc_10.txt_9
China,RELATED_TO,EPA,doc_10.txt_10
China,RELATED_TO,China,doc_10.txt_10
EPA,RELATED_TO,China,doc_10.txt_10
China,RELATED_TO,EPA,doc_10.txt_11
China,RELATED_TO,China,doc_10.txt_11
EPA,RELATED_TO,China,doc_10.txt_11
China,RELATED_TO,EPA,doc_10.txt_12
China,RELATED_TO,China,doc_10.txt_12
EPA,RELATED_TO,China,doc_10.txt_12
China,RELATED_TO,EPA,doc_10.txt_13
China,RELATED_TO,China,doc_10.txt_13
EPA,RELATED_TO,China,doc_10.txt_13
China,RELATED_TO,EPA,doc_10.txt_14
China,RELATED_TO,China,doc_10.txt_14
EPA,RELATED_TO,China,doc_10.txt_14
EV Outlook,RELATED_TO,GM,doc_10.txt_15
EV Outlook,RELATED_TO,EU,doc_10.txt_15
GM,RELATED_TO,EU,doc_10.txt_15
ICC Battery,RELATED_TO,MarkLines,doc_10.txt_17
ICC Battery,RELATED_TO,JATO Dynamics,doc_10.txt_17
ICC Battery,RELATED_TO,LFP,doc_10.txt_17
ICC Battery,RELATED_TO,BNEF’s Lithium-ion Battery Price Survey,doc_10.txt_17
MarkLines,RELATED_TO,JATO Dynamics,doc_10.txt_17
MarkLines,RELATED_TO,LFP,doc_10.txt_17
MarkLines,RELATED_TO,BNEF’s Lithium-ion Battery Price Survey,doc_10.txt_17
JATO Dynamics,RELATED_TO,LFP,doc_10.txt_17
JATO Dynamics,RELATED_TO,BNEF’s Lithium-ion Battery Price Survey,doc_10.txt_17
LFP,RELATED_TO,BNEF’s Lithium-ion Battery Price Survey,doc_10.txt_17
BloombergNEF,LED_BY,ICC Battery,doc_10.txt_18
BloombergNEF,LED_BY,US,doc_10.txt_18
BloombergNEF,LED_BY,BNEF’s Lithium-ion Battery Price Survey,doc_10.txt_18
ICC Battery,LED_BY,US,doc_10.txt_18
ICC Battery,LED_BY,BNEF’s Lithium-ion Battery Price Survey,doc_10.txt_18
US,LED_BY,BNEF’s Lithium-ion Battery Price Survey,doc_10.txt_18
BloombergNEF,LED_BY,the Net Zero Scenario,doc_10.txt_19
BloombergNEF,LED_BY,$242 billion,doc_10.txt_19
BloombergNEF,LED_BY,the Economic Transition Scenario,doc_10.txt_19
the Net Zero Scenario,LED_BY,$242 billion,doc_10.txt_19
the Net Zero Scenario,LED_BY,the Economic Transition Scenario,doc_10.txt_19
$242 billion,LED_BY,the Economic Transition Scenario,doc_10.txt_19
"the Net Zero Scenario
Enter",RELATED_TO,EV,doc_10.txt_20
Google,RELATED_TO,GM,doc_10.txt_21
Google,RELATED_TO,US,doc_10.txt_21
Google,RELATED_TO,Terms of Service,doc_10.txt_21
Google,RELATED_TO,the Google Privacy Policy,doc_10.txt_21
GM,RELATED_TO,US,doc_10.txt_21
GM,RELATED_TO,Terms of Service,doc_10.txt_21
GM,RELATED_TO,the Google Privacy Policy,doc_10.txt_21
US,RELATED_TO,Terms of Service,doc_10.txt_21
US,RELATED_TO,the Google Privacy Policy,doc_10.txt_21
Terms of Service,RELATED_TO,the Google Privacy Policy,doc_10.txt_21
Jinghong Lyu,RELATED_TO,@colinmckerrache,doc_10.txt_22
Jinghong Lyu,RELATED_TO,Colin McKerracher,doc_10.txt_22
Jinghong Lyu,RELATED_TO,Aleksandra O’Donovan,doc_10.txt_22
Jinghong Lyu,RELATED_TO,Aleksandra,doc_10.txt_22
@colinmckerrache,RELATED_TO,Colin McKerracher,doc_10.txt_22
@colinmckerrache,RELATED_TO,Aleksandra O’Donovan,doc_10.txt_22
@colinmckerrache,RELATED_TO,Aleksandra,doc_10.txt_22
Colin McKerracher,RELATED_TO,Aleksandra O’Donovan,doc_10.txt_22
Colin McKerracher,RELATED_TO,Aleksandra,doc_10.txt_22
Aleksandra O’Donovan,RELATED_TO,Aleksandra,doc_10.txt_22
David Doherty,RELATED_TO,Jinghong Lyu,doc_10.txt_23
David Doherty,RELATED_TO,Vehicle,doc_10.txt_23
David Doherty,RELATED_TO,US,doc_10.txt_23
David Doherty,RELATED_TO,Ryan Fisher,doc_10.txt_23
Jinghong Lyu,RELATED_TO,Vehicle,doc_10.txt_23
Jinghong Lyu,RELATED_TO,US,doc_10.txt_23
Jinghong Lyu,RELATED_TO,Ryan Fisher,doc_10.txt_23
Vehicle,RELATED_TO,US,doc_10.txt_23
Vehicle,RELATED_TO,Ryan Fisher,doc_10.txt_23
US,RELATED_TO,Ryan Fisher,doc_10.txt_23
Andy Leach,RELATED_TO,US,doc_10.txt_24
Andy Leach,RELATED_TO,"Evelina Stoikou
Batteries",doc_10.txt_24
Andy Leach,RELATED_TO,Yayoi Sekine,doc_10.txt_24
Andy Leach,RELATED_TO,"Peng Xu
Metals",doc_10.txt_24
US,RELATED_TO,"Evelina Stoikou
Batteries",doc_10.txt_24
US,RELATED_TO,Yayoi Sekine,doc_10.txt_24
US,RELATED_TO,"Peng Xu
Metals",doc_10.txt_24
"Evelina Stoikou
Batteries",RELATED_TO,Yayoi Sekine,doc_10.txt_24
"Evelina Stoikou
Batteries",RELATED_TO,"Peng Xu
Metals",doc_10.txt_24
Yayoi Sekine,RELATED_TO,"Peng Xu
Metals",doc_10.txt_24
Leonard Quong,RELATED_TO,Brazil,doc_10.txt_25
Leonard Quong,RELATED_TO,Madeleine Brolly,doc_10.txt_25
Leonard Quong,RELATED_TO,Vinicius Nunes,doc_10.txt_25
Leonard Quong,RELATED_TO,US,doc_10.txt_25
Brazil,RELATED_TO,Madeleine Brolly,doc_10.txt_25
Brazil,RELATED_TO,Vinicius Nunes,doc_10.txt_25
Brazil,RELATED_TO,US,doc_10.txt_25
Madeleine Brolly,RELATED_TO,Vinicius Nunes,doc_10.txt_25
Madeleine Brolly,RELATED_TO,US,doc_10.txt_25
Vinicius Nunes,RELATED_TO,US,doc_10.txt_25
Leonard Quong,RELATED_TO,Brazil,doc_10.txt_26
Leonard Quong,RELATED_TO,Kawahara,doc_10.txt_26
Leonard Quong,RELATED_TO,Vinicius Nunes,doc_10.txt_26
Leonard Quong,RELATED_TO,US,doc_10.txt_26
Brazil,RELATED_TO,Kawahara,doc_10.txt_26
Brazil,RELATED_TO,Vinicius Nunes,doc_10.txt_26
Brazil,RELATED_TO,US,doc_10.txt_26
Kawahara,RELATED_TO,Vinicius Nunes,doc_10.txt_26
Kawahara,RELATED_TO,US,doc_10.txt_26
Vinicius Nunes,RELATED_TO,US,doc_10.txt_26
Kawahara,RELATED_TO,US,doc_10.txt_27
Kawahara,RELATED_TO,SEC,doc_10.txt_27
Kawahara,RELATED_TO,Takehiro,doc_10.txt_27
Kawahara,RELATED_TO,"Japan
BloombergNEF",doc_10.txt_27
US,RELATED_TO,SEC,doc_10.txt_27
US,RELATED_TO,Takehiro,doc_10.txt_27
US,RELATED_TO,"Japan
BloombergNEF",doc_10.txt_27
SEC,RELATED_TO,Takehiro,doc_10.txt_27
SEC,RELATED_TO,"Japan
BloombergNEF",doc_10.txt_27
Takehiro,RELATED_TO,"Japan
BloombergNEF",doc_10.txt_27
US,RELATED_TO,Bloomberg Finance L.P.,doc_10.txt_28
US,RELATED_TO,Cookie Preferences,doc_10.txt_28
Bloomberg Finance L.P.,RELATED_TO,Cookie Preferences,doc_10.txt_28
629%,RELATED_TO,19%,doc_11.txt_0
629%,RELATED_TO,US,doc_11.txt_0
629%,RELATED_TO,18%,doc_11.txt_0
629%,RELATED_TO,262%,doc_11.txt_0
19%,RELATED_TO,US,doc_11.txt_0
19%,RELATED_TO,18%,doc_11.txt_0
19%,RELATED_TO,262%,doc_11.txt_0
US,RELATED_TO,18%,doc_11.txt_0
US,RELATED_TO,262%,doc_11.txt_0
18%,RELATED_TO,262%,doc_11.txt_0
US,MANUFACTURES,Jensen Huang,doc_11.txt_1
US,MANUFACTURES,AI,doc_11.txt_1
US,MANUFACTURES,trillion-dollar,doc_11.txt_1
Jensen Huang,MANUFACTURES,AI,doc_11.txt_1
Jensen Huang,MANUFACTURES,trillion-dollar,doc_11.txt_1
AI,MANUFACTURES,trillion-dollar,doc_11.txt_1
US,LED_BY,AI,doc_11.txt_2
US,LED_BY,multibillion-dollar,doc_11.txt_2
US,LED_BY,Hopper,doc_11.txt_2
AI,LED_BY,multibillion-dollar,doc_11.txt_2
AI,LED_BY,Hopper,doc_11.txt_2
multibillion-dollar,LED_BY,Hopper,doc_11.txt_2
US,RELATED_TO,Blackwell,doc_11.txt_3
US,RELATED_TO,NVIDIA NIM,doc_11.txt_3
US,RELATED_TO,AI,doc_11.txt_3
Blackwell,RELATED_TO,NVIDIA NIM,doc_11.txt_3
Blackwell,RELATED_TO,AI,doc_11.txt_3
NVIDIA NIM,RELATED_TO,AI,doc_11.txt_3
0.01,RELATED_TO,US,doc_11.txt_6
0.01,RELATED_TO,SEC,doc_11.txt_6
0.01,RELATED_TO,0.10,doc_11.txt_6
0.01,RELATED_TO,0.04,doc_11.txt_6
US,RELATED_TO,SEC,doc_11.txt_6
US,RELATED_TO,0.10,doc_11.txt_6
US,RELATED_TO,0.04,doc_11.txt_6
SEC,RELATED_TO,0.10,doc_11.txt_6
SEC,RELATED_TO,0.04,doc_11.txt_6
0.10,RELATED_TO,0.04,doc_11.txt_6
Colette Kress,INVESTED_IN,AI,doc_11.txt_7
Colette Kress,INVESTED_IN,"Data Center 
Gaming",doc_11.txt_7
Colette Kress,INVESTED_IN,Conference Call,doc_11.txt_7
AI,INVESTED_IN,"Data Center 
Gaming",doc_11.txt_7
AI,INVESTED_IN,Conference Call,doc_11.txt_7
"Data Center 
Gaming",INVESTED_IN,Conference Call,doc_11.txt_7
US,INVESTED_IN,NVIDIA,doc_11.txt_8
US,RELATED_TO,SEC,doc_11.txt_9
US,RELATED_TO,EPA,doc_11.txt_15
US,MANUFACTURES,AI,doc_11.txt_17
US,MANUFACTURES,multibillion-dollar,doc_11.txt_17
US,MANUFACTURES,Hopper,doc_11.txt_17
AI,MANUFACTURES,multibillion-dollar,doc_11.txt_17
AI,MANUFACTURES,Hopper,doc_11.txt_17
multibillion-dollar,MANUFACTURES,Hopper,doc_11.txt_17
AI,RELATED_TO,US,doc_11.txt_18
AI,RELATED_TO,NVIDIA NIM,doc_11.txt_18
AI,RELATED_TO,NVIDIA,doc_11.txt_18
AI,RELATED_TO,Blackwell,doc_11.txt_18
US,RELATED_TO,NVIDIA NIM,doc_11.txt_18
US,RELATED_TO,NVIDIA,doc_11.txt_18
US,RELATED_TO,Blackwell,doc_11.txt_18
NVIDIA NIM,RELATED_TO,NVIDIA,doc_11.txt_18
NVIDIA NIM,RELATED_TO,Blackwell,doc_11.txt_18
NVIDIA,RELATED_TO,Blackwell,doc_11.txt_18
SEC,RELATED_TO,AI,doc_11.txt_19
SEC,RELATED_TO,mid-70%,doc_11.txt_19
SEC,RELATED_TO,NVIDIA,doc_11.txt_19
AI,RELATED_TO,mid-70%,doc_11.txt_19
AI,RELATED_TO,NVIDIA,doc_11.txt_19
mid-70%,RELATED_TO,NVIDIA,doc_11.txt_19
US,RELATED_TO,SEC,doc_11.txt_22
US,RELATED_TO,the Securities and Exchange Commission,doc_11.txt_22
SEC,RELATED_TO,the Securities and Exchange Commission,doc_11.txt_22
DGX,RELATED_TO,GeForce NOW,doc_11.txt_24
DGX,RELATED_TO,NVIDIA,doc_11.txt_24
DGX,RELATED_TO,U.S.,doc_11.txt_24
DGX,RELATED_TO,NVIDIA Corporation,doc_11.txt_24
GeForce NOW,RELATED_TO,NVIDIA,doc_11.txt_24
GeForce NOW,RELATED_TO,U.S.,doc_11.txt_24
GeForce NOW,RELATED_TO,NVIDIA Corporation,doc_11.txt_24
NVIDIA,RELATED_TO,U.S.,doc_11.txt_24
NVIDIA,RELATED_TO,NVIDIA Corporation,doc_11.txt_24
U.S.,RELATED_TO,NVIDIA Corporation,doc_11.txt_24
Download / File,RELATED_TO,NVDA,doc_11.txt_25
US,MANUFACTURES,AI,doc_11.txt_26
US,MANUFACTURES,multibillion-dollar,doc_11.txt_26
US,MANUFACTURES,Hopper,doc_11.txt_26
AI,MANUFACTURES,multibillion-dollar,doc_11.txt_26
AI,MANUFACTURES,Hopper,doc_11.txt_26
multibillion-dollar,MANUFACTURES,Hopper,doc_11.txt_26
AI,RELATED_TO,US,doc_11.txt_27
AI,RELATED_TO,NVIDIA NIM,doc_11.txt_27
AI,RELATED_TO,NVIDIA,doc_11.txt_27
AI,RELATED_TO,Blackwell,doc_11.txt_27
US,RELATED_TO,NVIDIA NIM,doc_11.txt_27
US,RELATED_TO,NVIDIA,doc_11.txt_27
US,RELATED_TO,Blackwell,doc_11.txt_27
NVIDIA NIM,RELATED_TO,NVIDIA,doc_11.txt_27
NVIDIA NIM,RELATED_TO,Blackwell,doc_11.txt_27
NVIDIA,RELATED_TO,Blackwell,doc_11.txt_27
SEC,RELATED_TO,AI,doc_11.txt_28
SEC,RELATED_TO,mid-70%,doc_11.txt_28
SEC,RELATED_TO,NVIDIA,doc_11.txt_28
AI,RELATED_TO,mid-70%,doc_11.txt_28
AI,RELATED_TO,NVIDIA,doc_11.txt_28
mid-70%,RELATED_TO,NVIDIA,doc_11.txt_28
US,RELATED_TO,SEC,doc_11.txt_31
US,RELATED_TO,the Securities and Exchange Commission,doc_11.txt_31
SEC,RELATED_TO,the Securities and Exchange Commission,doc_11.txt_31
DGX,RELATED_TO,GeForce NOW,doc_11.txt_33
DGX,RELATED_TO,NVIDIA,doc_11.txt_33
DGX,RELATED_TO,U.S.,doc_11.txt_33
DGX,RELATED_TO,NVIDIA Corporation,doc_11.txt_33
GeForce NOW,RELATED_TO,NVIDIA,doc_11.txt_33
GeForce NOW,RELATED_TO,U.S.,doc_11.txt_33
GeForce NOW,RELATED_TO,NVIDIA Corporation,doc_11.txt_33
NVIDIA,RELATED_TO,U.S.,doc_11.txt_33
NVIDIA,RELATED_TO,NVIDIA Corporation,doc_11.txt_33
U.S.,RELATED_TO,NVIDIA Corporation,doc_11.txt_33
SWEDEN,RELATED_TO,Polestar Automotive Holding UK PLC,doc_12.txt_0
SWEDEN,RELATED_TO,millions of U.S. dollars,doc_12.txt_0
SWEDEN,RELATED_TO,GOTHENBURG,doc_12.txt_0
SWEDEN,RELATED_TO,Swedish,doc_12.txt_0
Polestar Automotive Holding UK PLC,RELATED_TO,millions of U.S. dollars,doc_12.txt_0
Polestar Automotive Holding UK PLC,RELATED_TO,GOTHENBURG,doc_12.txt_0
Polestar Automotive Holding UK PLC,RELATED_TO,Swedish,doc_12.txt_0
millions of U.S. dollars,RELATED_TO,GOTHENBURG,doc_12.txt_0
millions of U.S. dollars,RELATED_TO,Swedish,doc_12.txt_0
GOTHENBURG,RELATED_TO,Swedish,doc_12.txt_0
US,MANUFACTURES,"2022
 
%",doc_12.txt_1
US,MANUFACTURES,millions of U.S. dollars,doc_12.txt_1
"2022
 
%",MANUFACTURES,millions of U.S. dollars,doc_12.txt_1
US,RELATED_TO,GGI,doc_12.txt_2
US,RELATED_TO,"Gores Guggenheim, Inc",doc_12.txt_2
GGI,RELATED_TO,"Gores Guggenheim, Inc",doc_12.txt_2
"2022
 
%",MANUFACTURES,millions of U.S. dollars,doc_12.txt_3
US,RELATED_TO,Polestar,doc_12.txt_7
Leases,RELATED_TO,Contracts with Customers,doc_12.txt_8
Leases,RELATED_TO,US,doc_12.txt_8
Contracts with Customers,RELATED_TO,US,doc_12.txt_8
US,RELATED_TO,Represents Polestar Spaces,doc_12.txt_9
US,RELATED_TO,Polestar,doc_12.txt_9
US,RELATED_TO,Represents Volvo Cars,doc_12.txt_9
US,RELATED_TO,approximately 2%,doc_12.txt_9
Represents Polestar Spaces,RELATED_TO,Polestar,doc_12.txt_9
Represents Polestar Spaces,RELATED_TO,Represents Volvo Cars,doc_12.txt_9
Represents Polestar Spaces,RELATED_TO,approximately 2%,doc_12.txt_9
Polestar,RELATED_TO,Represents Volvo Cars,doc_12.txt_9
Polestar,RELATED_TO,approximately 2%,doc_12.txt_9
Represents Volvo Cars,RELATED_TO,approximately 2%,doc_12.txt_9
Polestar,RELATED_TO,MD&A,doc_12.txt_11
Polestar,RELATED_TO,Statement Regarding Preliminary Unaudited Financial and Operational Results,doc_12.txt_11
MD&A,RELATED_TO,Statement Regarding Preliminary Unaudited Financial and Operational Results,doc_12.txt_11
Sweden,LOCATED_IN,US,doc_12.txt_14
Sweden,LOCATED_IN,Europe,doc_12.txt_14
Sweden,LOCATED_IN,EU,doc_12.txt_14
Sweden,LOCATED_IN,Gothenburg,doc_12.txt_14
US,LOCATED_IN,Europe,doc_12.txt_14
US,LOCATED_IN,EU,doc_12.txt_14
US,LOCATED_IN,Gothenburg,doc_12.txt_14
Europe,LOCATED_IN,EU,doc_12.txt_14
Europe,LOCATED_IN,Gothenburg,doc_12.txt_14
EU,LOCATED_IN,Gothenburg,doc_12.txt_14
US,RELATED_TO,EU,doc_12.txt_16
Polestar,RELATED_TO,the Private Securities Litigation Reform Act,doc_12.txt_17
Polestar,RELATED_TO,SEC,doc_12.txt_17
the Private Securities Litigation Reform Act,RELATED_TO,SEC,doc_12.txt_17
US,PARTNERS_WITH,Volvo,doc_12.txt_22
US,PARTNERS_WITH,Xingji Meizu Group,doc_12.txt_22
Volvo,PARTNERS_WITH,Xingji Meizu Group,doc_12.txt_22
Polestar,MANUFACTURES,Polestar,doc_12.txt_24
Polestar,MANUFACTURES,Polestar,doc_12.txt_24
Polestar,MANUFACTURES,Polestar,doc_12.txt_24
US,RELATED_TO,Polestar,doc_12.txt_26
Polestar,RELATED_TO,Polestar,doc_12.txt_27
US,MANUFACTURES,Polestar,doc_12.txt_28
the Gaza Strip,RELATED_TO,Israel,doc_12.txt_29
the Gaza Strip,RELATED_TO,US,doc_12.txt_29
the Gaza Strip,RELATED_TO,Polestar,doc_12.txt_29
the Gaza Strip,RELATED_TO,Russia,doc_12.txt_29
Israel,RELATED_TO,US,doc_12.txt_29
Israel,RELATED_TO,Polestar,doc_12.txt_29
Israel,RELATED_TO,Russia,doc_12.txt_29
US,RELATED_TO,Polestar,doc_12.txt_29
US,RELATED_TO,Russia,doc_12.txt_29
Polestar,RELATED_TO,Russia,doc_12.txt_29
SEC,INVESTED_IN,Polestar,doc_12.txt_30
US,RELATED_TO,DOE,doc_12.txt_32
US,RELATED_TO,Polestar,doc_12.txt_32
DOE,RELATED_TO,Polestar,doc_12.txt_32
US,MANUFACTURES,U.S.,doc_12.txt_35
US,MANUFACTURES,Preliminary Unaudited Consolidated Statement of Income,doc_12.txt_35
U.S.,MANUFACTURES,Preliminary Unaudited Consolidated Statement of Income,doc_12.txt_35
Preliminary Unaudited Consolidated Statement of Financial Position,RELATED_TO,Polestar Automotive Holding UK PLC,doc_12.txt_37
US,RELATED_TO,Preliminary Unaudited Consolidated Statement of Financial Position,doc_12.txt_38
US,RELATED_TO,U.S.,doc_12.txt_38
Preliminary Unaudited Consolidated Statement of Financial Position,RELATED_TO,U.S.,doc_12.txt_38
US,RELATED_TO,U.S.,doc_12.txt_44
US,RELATED_TO,Preliminary Unaudited Consolidated Statement of Cash Flows,doc_12.txt_44
US,RELATED_TO,Polestar Automotive Holding UK PLC,doc_12.txt_44
U.S.,RELATED_TO,Preliminary Unaudited Consolidated Statement of Cash Flows,doc_12.txt_44
U.S.,RELATED_TO,Polestar Automotive Holding UK PLC,doc_12.txt_44
Preliminary Unaudited Consolidated Statement of Cash Flows,RELATED_TO,Polestar Automotive Holding UK PLC,doc_12.txt_44
EPA,RELATED_TO,Taxes,doc_12.txt_46
US,RELATED_TO,Taxes,doc_12.txt_47
US,RELATED_TO,EPA,doc_12.txt_48
US,INVESTED_IN,non-IFRS,doc_12.txt_50
US,RELATED_TO,Polestar,doc_12.txt_59
US,RELATED_TO,EPA,doc_12.txt_60
US,RELATED_TO,Unaudited Reconciliation,doc_12.txt_60
EPA,RELATED_TO,Unaudited Reconciliation,doc_12.txt_60
US,RELATED_TO,SEC,doc_12.txt_65
US,MANUFACTURES,Polestar,doc_12.txt_68
US,MANUFACTURES,Polestar,doc_12.txt_68
Polestar,MANUFACTURES,Polestar,doc_12.txt_68
US,RELATED_TO,-Polestar,doc_12.txt_69
Polestar,RELATED_TO,Charleston,doc_12.txt_74
Polestar,RELATED_TO,the Polestar 2,doc_12.txt_74
Polestar,RELATED_TO,South Carolina,doc_12.txt_74
Charleston,RELATED_TO,the Polestar 2,doc_12.txt_74
Charleston,RELATED_TO,South Carolina,doc_12.txt_74
the Polestar 2,RELATED_TO,South Carolina,doc_12.txt_74
US,RELATED_TO,Polestar,doc_12.txt_75
US,RELATED_TO,Polestar,doc_12.txt_77
US,MANUFACTURES,Polestar,doc_12.txt_78
US,MANUFACTURES,US,doc_12.txt_78
US,MANUFACTURES,the Polestar 3,doc_12.txt_78
Polestar,MANUFACTURES,US,doc_12.txt_78
Polestar,MANUFACTURES,the Polestar 3,doc_12.txt_78
US,MANUFACTURES,the Polestar 3,doc_12.txt_78
US,RELATED_TO,Polestar,doc_12.txt_79
US,RELATED_TO,US,doc_12.txt_79
Polestar,RELATED_TO,US,doc_12.txt_79
the Polestar 3 and Polestar 4,MANUFACTURES,Polestar,doc_12.txt_80
the Polestar 3 and Polestar 4,MANUFACTURES,Polestar,doc_12.txt_80
the Polestar 3 and Polestar 4,MANUFACTURES,the Polestar 2,doc_12.txt_80
Polestar,MANUFACTURES,Polestar,doc_12.txt_80
Polestar,MANUFACTURES,the Polestar 2,doc_12.txt_80
Polestar,MANUFACTURES,the Polestar 2,doc_12.txt_80
US,RELATED_TO,Polestar,doc_12.txt_81
US,RELATED_TO,"the Polestar 2, Polestar 3 and Polestar 4",doc_12.txt_81
Polestar,RELATED_TO,"the Polestar 2, Polestar 3 and Polestar 4",doc_12.txt_81
South Carolina,LOCATED_IN,US,doc_12.txt_83
South Carolina,LOCATED_IN,China,doc_12.txt_83
South Carolina,LOCATED_IN,China,doc_12.txt_83
South Carolina,LOCATED_IN,Charleston,doc_12.txt_83
US,LOCATED_IN,China,doc_12.txt_83
US,LOCATED_IN,China,doc_12.txt_83
US,LOCATED_IN,Charleston,doc_12.txt_83
China,LOCATED_IN,China,doc_12.txt_83
China,LOCATED_IN,Charleston,doc_12.txt_83
China,LOCATED_IN,Charleston,doc_12.txt_83
US,RELATED_TO,Polestar,doc_12.txt_84
Polestar,RELATED_TO,Polestar’s,doc_12.txt_86
US,RELATED_TO,Polestar,doc_12.txt_88
the United States,RELATED_TO,Polestar,doc_12.txt_89
the United States,RELATED_TO,United States,doc_12.txt_89
the United States,RELATED_TO,Polestar,doc_12.txt_89
Polestar,RELATED_TO,United States,doc_12.txt_89
Polestar,RELATED_TO,Polestar,doc_12.txt_89
United States,RELATED_TO,Polestar,doc_12.txt_89
US,RELATED_TO,Polestar,doc_12.txt_93
US,RELATED_TO,Polestar,doc_12.txt_93
Polestar,RELATED_TO,Polestar,doc_12.txt_93
approximately $1.3 billion,INVESTED_IN,US,doc_12.txt_95
approximately $1.3 billion,INVESTED_IN,$200 million,doc_12.txt_95
approximately $1.3 billion,INVESTED_IN,$250 million,doc_12.txt_95
approximately $1.3 billion,INVESTED_IN,Geely Sweden Automotive Investment AB,doc_12.txt_95
US,INVESTED_IN,$200 million,doc_12.txt_95
US,INVESTED_IN,$250 million,doc_12.txt_95
US,INVESTED_IN,Geely Sweden Automotive Investment AB,doc_12.txt_95
$200 million,INVESTED_IN,$250 million,doc_12.txt_95
$200 million,INVESTED_IN,Geely Sweden Automotive Investment AB,doc_12.txt_95
$250 million,INVESTED_IN,Geely Sweden Automotive Investment AB,doc_12.txt_95
Polestar,RELATED_TO,SEC,doc_12.txt_96
US,RELATED_TO,Polestar,doc_12.txt_98
US,RELATED_TO,Polestar,doc_12.txt_100
US,RELATED_TO,Volvo,doc_12.txt_100
Polestar,RELATED_TO,Volvo,doc_12.txt_100
US,RELATED_TO,Polestar,doc_12.txt_105
US,RELATED_TO,China,doc_12.txt_108
US,RELATED_TO,China,doc_12.txt_108
US,RELATED_TO,Chinese,doc_12.txt_108
China,RELATED_TO,China,doc_12.txt_108
China,RELATED_TO,Chinese,doc_12.txt_108
China,RELATED_TO,Chinese,doc_12.txt_108
US,RELATED_TO,Polestar,doc_12.txt_109
US,RELATED_TO,Polestar,doc_12.txt_110
US,RELATED_TO,Polestar,doc_12.txt_110
Polestar,RELATED_TO,Polestar,doc_12.txt_110
PPAB,RELATED_TO,US,doc_12.txt_112
PPAB,RELATED_TO,Polestar,doc_12.txt_112
PPAB,RELATED_TO,Polestar,doc_12.txt_112
PPAB,RELATED_TO,Polestar Performance AB,doc_12.txt_112
US,RELATED_TO,Polestar,doc_12.txt_112
US,RELATED_TO,Polestar,doc_12.txt_112
US,RELATED_TO,Polestar Performance AB,doc_12.txt_112
Polestar,RELATED_TO,Polestar,doc_12.txt_112
Polestar,RELATED_TO,Polestar Performance AB,doc_12.txt_112
Polestar,RELATED_TO,Polestar Performance AB,doc_12.txt_112
Polestar Automotive Holding UK PLC,RELATED_TO,Swedish,doc_12.txt_113
Polestar Automotive Holding UK PLC,RELATED_TO,PPAB,doc_12.txt_113
Swedish,RELATED_TO,PPAB,doc_12.txt_113
US,RELATED_TO,EPA,doc_12.txt_114
US,RELATED_TO,Polestar,doc_12.txt_114
US,RELATED_TO,PPAB,doc_12.txt_114
EPA,RELATED_TO,Polestar,doc_12.txt_114
EPA,RELATED_TO,PPAB,doc_12.txt_114
Polestar,RELATED_TO,PPAB,doc_12.txt_114
US,MANUFACTURES,Volvo,doc_12.txt_116
US,RELATED_TO,Polestar,doc_12.txt_117
US,RELATED_TO,Polestar,doc_12.txt_119
US,RELATED_TO,Polestar,doc_12.txt_120
US,RELATED_TO,Polestar’s,doc_12.txt_120
US,RELATED_TO,Volvo,doc_12.txt_120
Polestar,RELATED_TO,Polestar’s,doc_12.txt_120
Polestar,RELATED_TO,Volvo,doc_12.txt_120
Polestar’s,RELATED_TO,Volvo,doc_12.txt_120
US,RELATED_TO,Polestar,doc_12.txt_123
US,RELATED_TO,Polestar,doc_12.txt_126
US,RELATED_TO,IRA,doc_12.txt_126
Polestar,RELATED_TO,IRA,doc_12.txt_126
US,RELATED_TO,Polestar,doc_12.txt_127
US,RELATED_TO,Polestar,doc_12.txt_131
US,RELATED_TO,DOE,doc_12.txt_131
Polestar,RELATED_TO,DOE,doc_12.txt_131
US,RELATED_TO,Polestar,doc_12.txt_133
US,RELATED_TO,Polestar’s,doc_12.txt_133
Polestar,RELATED_TO,Polestar’s,doc_12.txt_133
Polestar,RELATED_TO,Polestar,doc_12.txt_134
Polestar,MANUFACTURES,Polestar,doc_12.txt_135
Polestar,MANUFACTURES,Polestar,doc_12.txt_135
Polestar,MANUFACTURES,Polestar,doc_12.txt_135
Polestar,PARTNERS_WITH,Xingji Meizu Group,doc_12.txt_137
Polestar,PARTNERS_WITH,Chinese,doc_12.txt_137
Polestar,PARTNERS_WITH,Xingji Meizu,doc_12.txt_137
Xingji Meizu Group,PARTNERS_WITH,Chinese,doc_12.txt_137
Xingji Meizu Group,PARTNERS_WITH,Xingji Meizu,doc_12.txt_137
Chinese,PARTNERS_WITH,Xingji Meizu,doc_12.txt_137
GM,RELATED_TO,Flyme Auto,doc_12.txt_138
GM,RELATED_TO,the remaining 51%,doc_12.txt_138
GM,RELATED_TO,US,doc_12.txt_138
GM,RELATED_TO,Polestar,doc_12.txt_138
Flyme Auto,RELATED_TO,the remaining 51%,doc_12.txt_138
Flyme Auto,RELATED_TO,US,doc_12.txt_138
Flyme Auto,RELATED_TO,Polestar,doc_12.txt_138
the remaining 51%,RELATED_TO,US,doc_12.txt_138
the remaining 51%,RELATED_TO,Polestar,doc_12.txt_138
US,RELATED_TO,Polestar,doc_12.txt_138
US,RELATED_TO,DOE,doc_12.txt_139
US,RELATED_TO,Polestar,doc_12.txt_139
US,RELATED_TO,China,doc_12.txt_139
US,RELATED_TO,China,doc_12.txt_139
DOE,RELATED_TO,Polestar,doc_12.txt_139
DOE,RELATED_TO,China,doc_12.txt_139
DOE,RELATED_TO,China,doc_12.txt_139
Polestar,RELATED_TO,China,doc_12.txt_139
Polestar,RELATED_TO,China,doc_12.txt_139
China,RELATED_TO,China,doc_12.txt_139
US,RELATED_TO,China,doc_12.txt_140
US,RELATED_TO,China,doc_12.txt_140
China,RELATED_TO,China,doc_12.txt_140
US,RELATED_TO,SEC,doc_12.txt_141
US,COMPETES_WITH,Polestar,doc_12.txt_142
US,COMPETES_WITH,Polestar,doc_12.txt_142
US,COMPETES_WITH,Xingji Meizu,doc_12.txt_142
US,COMPETES_WITH,Polestar,doc_12.txt_142
Polestar,COMPETES_WITH,Polestar,doc_12.txt_142
Polestar,COMPETES_WITH,Xingji Meizu,doc_12.txt_142
Polestar,COMPETES_WITH,Polestar,doc_12.txt_142
Polestar,COMPETES_WITH,Xingji Meizu,doc_12.txt_142
Polestar,COMPETES_WITH,Polestar,doc_12.txt_142
Xingji Meizu,COMPETES_WITH,Polestar,doc_12.txt_142
US,RELATED_TO,Polestar,doc_12.txt_144
US,RELATED_TO,Xingji Meizu,doc_12.txt_144
Polestar,RELATED_TO,Xingji Meizu,doc_12.txt_144
Polestar,INVESTED_IN,GM,doc_12.txt_146
Polestar,INVESTED_IN,SEC,doc_12.txt_146
GM,INVESTED_IN,SEC,doc_12.txt_146
US,RELATED_TO,GM,doc_12.txt_148
US,RELATED_TO,Polestar’s,doc_12.txt_149
US,RELATED_TO,EPA,doc_12.txt_149
Polestar’s,RELATED_TO,EPA,doc_12.txt_149
Polestar,INVESTED_IN,Polestar,doc_12.txt_150
Polestar,INVESTED_IN,SEC,doc_12.txt_150
Polestar,INVESTED_IN,SEC,doc_12.txt_150
Polestar,RELATED_TO,EU,doc_12.txt_152
Polestar,RELATED_TO,EPA,doc_12.txt_152
Polestar,RELATED_TO,Europe,doc_12.txt_152
EU,RELATED_TO,EPA,doc_12.txt_152
EU,RELATED_TO,Europe,doc_12.txt_152
EPA,RELATED_TO,Europe,doc_12.txt_152
Europe,MANUFACTURES,The European Union,doc_12.txt_155
Europe,MANUFACTURES,China,doc_12.txt_155
Europe,MANUFACTURES,EU,doc_12.txt_155
Europe,MANUFACTURES,China,doc_12.txt_155
The European Union,MANUFACTURES,China,doc_12.txt_155
The European Union,MANUFACTURES,EU,doc_12.txt_155
The European Union,MANUFACTURES,China,doc_12.txt_155
China,MANUFACTURES,EU,doc_12.txt_155
China,MANUFACTURES,China,doc_12.txt_155
EU,MANUFACTURES,China,doc_12.txt_155
South Carolina,RELATED_TO,US,doc_12.txt_156
South Carolina,RELATED_TO,US,doc_12.txt_156
South Carolina,RELATED_TO,Polestar,doc_12.txt_156
South Carolina,RELATED_TO,Charleston,doc_12.txt_156
US,RELATED_TO,US,doc_12.txt_156
US,RELATED_TO,Polestar,doc_12.txt_156
US,RELATED_TO,Charleston,doc_12.txt_156
US,RELATED_TO,Polestar,doc_12.txt_156
US,RELATED_TO,Charleston,doc_12.txt_156
Polestar,RELATED_TO,Charleston,doc_12.txt_156
Polestar,RELATED_TO,China,doc_12.txt_157
Polestar,RELATED_TO,China,doc_12.txt_157
China,RELATED_TO,China,doc_12.txt_157
US,INVESTED_IN,SEC,doc_12.txt_158
US,INVESTED_IN,FDI,doc_12.txt_158
US,INVESTED_IN,Sweden,doc_12.txt_158
SEC,INVESTED_IN,FDI,doc_12.txt_158
SEC,INVESTED_IN,Sweden,doc_12.txt_158
FDI,INVESTED_IN,Sweden,doc_12.txt_158
FDI,RELATED_TO,Sweden,doc_12.txt_159
FDI,RELATED_TO,US,doc_12.txt_159
FDI,RELATED_TO,Polestar,doc_12.txt_159
FDI,RELATED_TO,Polestar,doc_12.txt_159
Sweden,RELATED_TO,US,doc_12.txt_159
Sweden,RELATED_TO,Polestar,doc_12.txt_159
Sweden,RELATED_TO,Polestar,doc_12.txt_159
US,RELATED_TO,Polestar,doc_12.txt_159
US,RELATED_TO,Polestar,doc_12.txt_159
Polestar,RELATED_TO,Polestar,doc_12.txt_159
the Gaza Strip,RELATED_TO,Israel,doc_12.txt_160
the Gaza Strip,RELATED_TO,US,doc_12.txt_160
the Gaza Strip,RELATED_TO,Polestar,doc_12.txt_160
the Gaza Strip,RELATED_TO,Russia,doc_12.txt_160
Israel,RELATED_TO,US,doc_12.txt_160
Israel,RELATED_TO,Polestar,doc_12.txt_160
Israel,RELATED_TO,Russia,doc_12.txt_160
US,RELATED_TO,Polestar,doc_12.txt_160
US,RELATED_TO,Russia,doc_12.txt_160
Polestar,RELATED_TO,Russia,doc_12.txt_160
Israel,RELATED_TO,US,doc_12.txt_161
Israel,RELATED_TO,Polestar,doc_12.txt_161
Israel,RELATED_TO,Russia,doc_12.txt_161
Israel,RELATED_TO,Ukraine,doc_12.txt_161
US,RELATED_TO,Polestar,doc_12.txt_161
US,RELATED_TO,Russia,doc_12.txt_161
US,RELATED_TO,Ukraine,doc_12.txt_161
Polestar,RELATED_TO,Russia,doc_12.txt_161
Polestar,RELATED_TO,Ukraine,doc_12.txt_161
Russia,RELATED_TO,Ukraine,doc_12.txt_161
Israel,MANUFACTURES,US,doc_12.txt_162
Israel,MANUFACTURES,StoreDot,doc_12.txt_162
Israel,MANUFACTURES,Hamas,doc_12.txt_162
Israel,MANUFACTURES,Mobileye,doc_12.txt_162
US,MANUFACTURES,StoreDot,doc_12.txt_162
US,MANUFACTURES,Hamas,doc_12.txt_162
US,MANUFACTURES,Mobileye,doc_12.txt_162
StoreDot,MANUFACTURES,Hamas,doc_12.txt_162
StoreDot,MANUFACTURES,Mobileye,doc_12.txt_162
Hamas,MANUFACTURES,Mobileye,doc_12.txt_162
Israel,RELATED_TO,US,doc_12.txt_163
Israel,RELATED_TO,StoreDot,doc_12.txt_163
Israel,RELATED_TO,boycotts,doc_12.txt_163
Israel,RELATED_TO,Polestar,doc_12.txt_163
US,RELATED_TO,StoreDot,doc_12.txt_163
US,RELATED_TO,boycotts,doc_12.txt_163
US,RELATED_TO,Polestar,doc_12.txt_163
StoreDot,RELATED_TO,boycotts,doc_12.txt_163
StoreDot,RELATED_TO,Polestar,doc_12.txt_163
boycotts,RELATED_TO,Polestar,doc_12.txt_163
Russia,RELATED_TO,Polestar,doc_12.txt_164
Russia,RELATED_TO,US,doc_12.txt_164
Polestar,RELATED_TO,US,doc_12.txt_164
Russia,MANUFACTURES,DOE,doc_12.txt_165
Russia,MANUFACTURES,US,doc_12.txt_165
Russia,MANUFACTURES,Volvo Cars,doc_12.txt_165
DOE,MANUFACTURES,US,doc_12.txt_165
DOE,MANUFACTURES,Volvo Cars,doc_12.txt_165
US,MANUFACTURES,Volvo Cars,doc_12.txt_165
Russia,RELATED_TO,Polestar,doc_12.txt_166
Russia,RELATED_TO,US,doc_12.txt_166
Polestar,RELATED_TO,US,doc_12.txt_166
US,RELATED_TO,Polestar,doc_12.txt_167
US,MANUFACTURES,VinFast Auto Ltd.,doc_13.txt_0
US,MANUFACTURES,SINGAPORE,doc_13.txt_0
VinFast Auto Ltd.,MANUFACTURES,SINGAPORE,doc_13.txt_0
Vietnam,MANUFACTURES,US,doc_13.txt_1
Vietnam,MANUFACTURES,VinFast,doc_13.txt_1
Vietnam,MANUFACTURES,49.3%,doc_13.txt_1
Vietnam,MANUFACTURES,115%,doc_13.txt_1
US,MANUFACTURES,VinFast,doc_13.txt_1
US,MANUFACTURES,49.3%,doc_13.txt_1
US,MANUFACTURES,115%,doc_13.txt_1
VinFast,MANUFACTURES,49.3%,doc_13.txt_1
VinFast,MANUFACTURES,115%,doc_13.txt_1
49.3%,MANUFACTURES,115%,doc_13.txt_1
US,RELATED_TO,SEC,doc_13.txt_2
US,RELATED_TO,VinFast,doc_13.txt_2
US,RELATED_TO,Company,doc_13.txt_2
SEC,RELATED_TO,VinFast,doc_13.txt_2
SEC,RELATED_TO,Company,doc_13.txt_2
VinFast,RELATED_TO,Company,doc_13.txt_2
Vietnam,COMPETES_WITH,US,doc_13.txt_3
Vietnam,COMPETES_WITH,VinFast,doc_13.txt_3
Vietnam,COMPETES_WITH,Thuy Le,doc_13.txt_3
Vietnam,COMPETES_WITH,OEM,doc_13.txt_3
US,COMPETES_WITH,VinFast,doc_13.txt_3
US,COMPETES_WITH,Thuy Le,doc_13.txt_3
US,COMPETES_WITH,OEM,doc_13.txt_3
VinFast,COMPETES_WITH,Thuy Le,doc_13.txt_3
VinFast,COMPETES_WITH,OEM,doc_13.txt_3
Thuy Le,COMPETES_WITH,OEM,doc_13.txt_3
Q4,MANUFACTURES,Q3,doc_13.txt_4
VinFast,RELATED_TO,BOM,doc_13.txt_6
VinFast,RELATED_TO,Lan Anh Nguyen,doc_13.txt_6
BOM,RELATED_TO,Lan Anh Nguyen,doc_13.txt_6
Founder,RELATED_TO,$3.5 billion,doc_13.txt_7
Founder,RELATED_TO,Vingroup,doc_13.txt_7
$3.5 billion,RELATED_TO,Vingroup,doc_13.txt_7
EV,RELATED_TO,SEC,doc_13.txt_8
EV,RELATED_TO,163%,doc_13.txt_8
EV,RELATED_TO,VinFast,doc_13.txt_8
EV,RELATED_TO,49.3%,doc_13.txt_8
SEC,RELATED_TO,163%,doc_13.txt_8
SEC,RELATED_TO,VinFast,doc_13.txt_8
SEC,RELATED_TO,49.3%,doc_13.txt_8
163%,RELATED_TO,VinFast,doc_13.txt_8
163%,RELATED_TO,49.3%,doc_13.txt_8
VinFast,RELATED_TO,49.3%,doc_13.txt_8
42.2%,RELATED_TO,US,doc_13.txt_9
42.2%,RELATED_TO,SEC,doc_13.txt_9
42.2%,RELATED_TO,45.6%,doc_13.txt_9
42.2%,RELATED_TO,US$122.8 million,doc_13.txt_9
US,RELATED_TO,SEC,doc_13.txt_9
US,RELATED_TO,45.6%,doc_13.txt_9
US,RELATED_TO,US$122.8 million,doc_13.txt_9
SEC,RELATED_TO,45.6%,doc_13.txt_9
SEC,RELATED_TO,US$122.8 million,doc_13.txt_9
45.6%,RELATED_TO,US$122.8 million,doc_13.txt_9
US,RELATED_TO,SEC,doc_13.txt_10
US,RELATED_TO,62.7%,doc_13.txt_10
US,RELATED_TO,"VND13,251,944 million",doc_13.txt_10
US,RELATED_TO,27.0%,doc_13.txt_10
SEC,RELATED_TO,62.7%,doc_13.txt_10
SEC,RELATED_TO,"VND13,251,944 million",doc_13.txt_10
SEC,RELATED_TO,27.0%,doc_13.txt_10
62.7%,RELATED_TO,"VND13,251,944 million",doc_13.txt_10
62.7%,RELATED_TO,27.0%,doc_13.txt_10
"VND13,251,944 million",RELATED_TO,27.0%,doc_13.txt_10
Vietnam,COMPETES_WITH,EV,doc_13.txt_11
Vietnam,COMPETES_WITH,Vietnamese,doc_13.txt_11
Vietnam,COMPETES_WITH,US,doc_13.txt_11
Vietnam,COMPETES_WITH,VinFast,doc_13.txt_11
EV,COMPETES_WITH,Vietnamese,doc_13.txt_11
EV,COMPETES_WITH,US,doc_13.txt_11
EV,COMPETES_WITH,VinFast,doc_13.txt_11
Vietnamese,COMPETES_WITH,US,doc_13.txt_11
Vietnamese,COMPETES_WITH,VinFast,doc_13.txt_11
US,COMPETES_WITH,VinFast,doc_13.txt_11
Vietnam,MANUFACTURES,Vietnamese,doc_13.txt_12
Vietnam,MANUFACTURES,US,doc_13.txt_12
Vietnam,MANUFACTURES,VinFast,doc_13.txt_12
Vietnam,MANUFACTURES,21%,doc_13.txt_12
Vietnamese,MANUFACTURES,US,doc_13.txt_12
Vietnamese,MANUFACTURES,VinFast,doc_13.txt_12
Vietnamese,MANUFACTURES,21%,doc_13.txt_12
US,MANUFACTURES,VinFast,doc_13.txt_12
US,MANUFACTURES,21%,doc_13.txt_12
VinFast,MANUFACTURES,21%,doc_13.txt_12
Vietnam,RELATED_TO,US,doc_13.txt_13
Vietnam,RELATED_TO,Company,doc_13.txt_13
Vietnam,RELATED_TO,Ford,doc_13.txt_13
Vietnam,RELATED_TO,Ha Tinh,doc_13.txt_13
US,RELATED_TO,Company,doc_13.txt_13
US,RELATED_TO,Ford,doc_13.txt_13
US,RELATED_TO,Ha Tinh,doc_13.txt_13
Company,RELATED_TO,Ford,doc_13.txt_13
Company,RELATED_TO,Ha Tinh,doc_13.txt_13
Ford,RELATED_TO,Ha Tinh,doc_13.txt_13
VinFast,RELATED_TO,Company,doc_13.txt_15
Canada,RELATED_TO,VinFast,doc_13.txt_16
Canada,RELATED_TO,US,doc_13.txt_16
Canada,RELATED_TO,U.S.,doc_13.txt_16
VinFast,RELATED_TO,US,doc_13.txt_16
VinFast,RELATED_TO,U.S.,doc_13.txt_16
US,RELATED_TO,U.S.,doc_13.txt_16
VinFast,RELATED_TO,Company,doc_13.txt_17
VinFast,RELATED_TO,Indonesia,doc_13.txt_17
VinFast,RELATED_TO,Philippine,doc_13.txt_17
VinFast,RELATED_TO,Subang,doc_13.txt_17
Company,RELATED_TO,Indonesia,doc_13.txt_17
Company,RELATED_TO,Philippine,doc_13.txt_17
Company,RELATED_TO,Subang,doc_13.txt_17
Indonesia,RELATED_TO,Philippine,doc_13.txt_17
Indonesia,RELATED_TO,Subang,doc_13.txt_17
Philippine,RELATED_TO,Subang,doc_13.txt_17
VinFast Secures Significant Funding,INVESTED_IN,IRA,doc_13.txt_18
VinFast Secures Significant Funding,INVESTED_IN,SEC,doc_13.txt_18
VinFast Secures Significant Funding,INVESTED_IN,Indian,doc_13.txt_18
VinFast Secures Significant Funding,INVESTED_IN,VinFast,doc_13.txt_18
IRA,INVESTED_IN,SEC,doc_13.txt_18
IRA,INVESTED_IN,Indian,doc_13.txt_18
IRA,INVESTED_IN,VinFast,doc_13.txt_18
SEC,INVESTED_IN,Indian,doc_13.txt_18
SEC,INVESTED_IN,VinFast,doc_13.txt_18
Indian,INVESTED_IN,VinFast,doc_13.txt_18
US,LED_BY,SEC,doc_13.txt_19
US,LED_BY,VinFast,doc_13.txt_19
US,LED_BY,Company,doc_13.txt_19
US,LED_BY,"VinFast Secures Significant Funding
VinFast",doc_13.txt_19
SEC,LED_BY,VinFast,doc_13.txt_19
SEC,LED_BY,Company,doc_13.txt_19
SEC,LED_BY,"VinFast Secures Significant Funding
VinFast",doc_13.txt_19
VinFast,LED_BY,Company,doc_13.txt_19
VinFast,LED_BY,"VinFast Secures Significant Funding
VinFast",doc_13.txt_19
Company,LED_BY,"VinFast Secures Significant Funding
VinFast",doc_13.txt_19
Vietnam,RELATED_TO,US,doc_13.txt_20
Vietnam,RELATED_TO,VinFast,doc_13.txt_20
Vietnam,RELATED_TO,Vingroup Joint Stock Company,doc_13.txt_20
Vietnam,RELATED_TO,US$1.5 billion,doc_13.txt_20
US,RELATED_TO,VinFast,doc_13.txt_20
US,RELATED_TO,Vingroup Joint Stock Company,doc_13.txt_20
US,RELATED_TO,US$1.5 billion,doc_13.txt_20
VinFast,RELATED_TO,Vingroup Joint Stock Company,doc_13.txt_20
VinFast,RELATED_TO,US$1.5 billion,doc_13.txt_20
Vingroup Joint Stock Company,RELATED_TO,US$1.5 billion,doc_13.txt_20
VFTP,RELATED_TO,Vingroup,doc_13.txt_21
VFTP,RELATED_TO,Vietnam,doc_13.txt_21
VFTP,RELATED_TO,VinFast Poised,doc_13.txt_21
VFTP,RELATED_TO,EV,doc_13.txt_21
Vingroup,RELATED_TO,Vietnam,doc_13.txt_21
Vingroup,RELATED_TO,VinFast Poised,doc_13.txt_21
Vingroup,RELATED_TO,EV,doc_13.txt_21
Vietnam,RELATED_TO,VinFast Poised,doc_13.txt_21
Vietnam,RELATED_TO,EV,doc_13.txt_21
VinFast Poised,RELATED_TO,EV,doc_13.txt_21
Vietnam,MANUFACTURES,VinFast,doc_13.txt_22
Vietnam,MANUFACTURES,Vietnamese,doc_13.txt_22
VinFast,MANUFACTURES,Vietnamese,doc_13.txt_22
US,RELATED_TO,VinFast,doc_13.txt_23
US,RELATED_TO,Company,doc_13.txt_23
US,RELATED_TO,VinFast Q3 2024,doc_13.txt_23
VinFast,RELATED_TO,Company,doc_13.txt_23
VinFast,RELATED_TO,VinFast Q3 2024,doc_13.txt_23
Company,RELATED_TO,VinFast Q3 2024,doc_13.txt_23
Investor Relations,INVESTED_IN,Company,doc_13.txt_24
Investor Relations,INVESTED_IN,Eastern Standard Time,doc_13.txt_24
Investor Relations,INVESTED_IN,US,doc_13.txt_24
Company,INVESTED_IN,Eastern Standard Time,doc_13.txt_24
Company,INVESTED_IN,US,doc_13.txt_24
Eastern Standard Time,INVESTED_IN,US,doc_13.txt_24
Vietnam,MANUFACTURES,NASDAQ,doc_13.txt_25
Vietnam,MANUFACTURES,US,doc_13.txt_25
Vietnam,MANUFACTURES,VinFast,doc_13.txt_25
Vietnam,MANUFACTURES,Vingroup JSC,doc_13.txt_25
NASDAQ,MANUFACTURES,US,doc_13.txt_25
NASDAQ,MANUFACTURES,VinFast,doc_13.txt_25
NASDAQ,MANUFACTURES,Vingroup JSC,doc_13.txt_25
US,MANUFACTURES,VinFast,doc_13.txt_25
US,MANUFACTURES,Vingroup JSC,doc_13.txt_25
VinFast,MANUFACTURES,Vingroup JSC,doc_13.txt_25
US,RELATED_TO,VinFast,doc_13.txt_26
US,RELATED_TO,Europe,doc_13.txt_26
US,RELATED_TO,EU,doc_13.txt_26
US,RELATED_TO,www.vinfastauto.us,doc_13.txt_26
VinFast,RELATED_TO,Europe,doc_13.txt_26
VinFast,RELATED_TO,EU,doc_13.txt_26
VinFast,RELATED_TO,www.vinfastauto.us,doc_13.txt_26
Europe,RELATED_TO,EU,doc_13.txt_26
Europe,RELATED_TO,www.vinfastauto.us,doc_13.txt_26
EU,RELATED_TO,www.vinfastauto.us,doc_13.txt_26
SEC,RELATED_TO,the Private Securities Litigation Reform Act,doc_13.txt_28
US,RELATED_TO,VinFast,doc_13.txt_29
US,RELATED_TO,SEC,doc_13.txt_33
US,RELATED_TO,Company,doc_13.txt_33
SEC,RELATED_TO,Company,doc_13.txt_33
US,RELATED_TO,Company,doc_13.txt_34
US,RELATED_TO,EV,doc_13.txt_34
Company,RELATED_TO,EV,doc_13.txt_34
US,RELATED_TO,Company,doc_13.txt_35
US,RELATED_TO,EV,doc_13.txt_35
Company,RELATED_TO,EV,doc_13.txt_35
Vietnam,RELATED_TO,Company,doc_13.txt_36
Vietnam,RELATED_TO,Company,doc_13.txt_37
Vietnam,RELATED_TO,EV,doc_13.txt_37
Company,RELATED_TO,EV,doc_13.txt_37
xvii,COMPETES_WITH,Company,doc_13.txt_38
xvii,COMPETES_WITH,EV,doc_13.txt_38
Company,COMPETES_WITH,EV,doc_13.txt_38
US,COMPETES_WITH,Company,doc_13.txt_39
Vingroup,MANUFACTURES,Company,doc_13.txt_40
Vingroup,MANUFACTURES,xxvii,doc_13.txt_40
Vingroup,MANUFACTURES,Vingroup,doc_13.txt_40
Company,MANUFACTURES,xxvii,doc_13.txt_40
Company,MANUFACTURES,Vingroup,doc_13.txt_40
xxvii,MANUFACTURES,Vingroup,doc_13.txt_40
US,RELATED_TO,SEC,doc_13.txt_41
US,RELATED_TO,Vingroup,doc_13.txt_41
SEC,RELATED_TO,Vingroup,doc_13.txt_41
DOE,MANUFACTURES,VinFast,doc_13.txt_44
US,RELATED_TO,VinFast,doc_13.txt_45
US,RELATED_TO,DOE,doc_13.txt_45
VinFast,RELATED_TO,DOE,doc_13.txt_45
VinFast Auto,MANUFACTURES,US,doc_13.txt_46
VinFast Auto,MANUFACTURES,VF 9,doc_13.txt_46
VinFast Auto,MANUFACTURES,"Automotive
Transportation, Trucking & Railroad
Green Technology
Environmental Products & Services",doc_13.txt_46
VinFast Auto,MANUFACTURES,Dubai,doc_13.txt_46
US,MANUFACTURES,VF 9,doc_13.txt_46
US,MANUFACTURES,"Automotive
Transportation, Trucking & Railroad
Green Technology
Environmental Products & Services",doc_13.txt_46
US,MANUFACTURES,Dubai,doc_13.txt_46
VF 9,MANUFACTURES,"Automotive
Transportation, Trucking & Railroad
Green Technology
Environmental Products & Services",doc_13.txt_46
VF 9,MANUFACTURES,Dubai,doc_13.txt_46
"Automotive
Transportation, Trucking & Railroad
Green Technology
Environmental Products & Services",MANUFACTURES,Dubai,doc_13.txt_46
HANGZHOU,RELATED_TO,Operating Highlights,doc_14.txt_0
HANGZHOU,RELATED_TO,China,doc_14.txt_0
HANGZHOU,RELATED_TO,China,doc_14.txt_0
HANGZHOU,RELATED_TO,NYSE,doc_14.txt_0
Operating Highlights,RELATED_TO,China,doc_14.txt_0
Operating Highlights,RELATED_TO,China,doc_14.txt_0
Operating Highlights,RELATED_TO,NYSE,doc_14.txt_0
China,RELATED_TO,China,doc_14.txt_0
China,RELATED_TO,NYSE,doc_14.txt_0
China,RELATED_TO,NYSE,doc_14.txt_0
73.0 %,RELATED_TO,15.3 %,doc_14.txt_1
73.0 %,RELATED_TO,YoY,doc_14.txt_1
73.0 %,RELATED_TO,QoQ,doc_14.txt_1
73.0 %,RELATED_TO,154.9 %,doc_14.txt_1
15.3 %,RELATED_TO,YoY,doc_14.txt_1
15.3 %,RELATED_TO,QoQ,doc_14.txt_1
15.3 %,RELATED_TO,154.9 %,doc_14.txt_1
YoY,RELATED_TO,QoQ,doc_14.txt_1
YoY,RELATED_TO,154.9 %,doc_14.txt_1
QoQ,RELATED_TO,154.9 %,doc_14.txt_1
154.9 %,RELATED_TO,14.2 %,doc_14.txt_2
154.9 %,RELATED_TO,3.9 %,doc_14.txt_2
154.9 %,RELATED_TO,11.8 %,doc_14.txt_2
154.9 %,RELATED_TO,7.9 %,doc_14.txt_2
14.2 %,RELATED_TO,3.9 %,doc_14.txt_2
14.2 %,RELATED_TO,11.8 %,doc_14.txt_2
14.2 %,RELATED_TO,7.9 %,doc_14.txt_2
3.9 %,RELATED_TO,11.8 %,doc_14.txt_2
3.9 %,RELATED_TO,7.9 %,doc_14.txt_2
11.8 %,RELATED_TO,7.9 %,doc_14.txt_2
Company,RELATED_TO,115%,doc_14.txt_3
Company,RELATED_TO,"Recent Developments
Delivery Updates",doc_14.txt_3
Company,RELATED_TO,99%,doc_14.txt_3
115%,RELATED_TO,"Recent Developments
Delivery Updates",doc_14.txt_3
115%,RELATED_TO,99%,doc_14.txt_3
"Recent Developments
Delivery Updates",RELATED_TO,99%,doc_14.txt_3
Andy An,LED_BY,ZEEKR,doc_14.txt_5
Andy An,LED_BY,117%,doc_14.txt_5
ZEEKR,LED_BY,117%,doc_14.txt_5
GM,MANUFACTURES,US,doc_14.txt_6
GM,MANUFACTURES,SEC,doc_14.txt_6
GM,MANUFACTURES,China,doc_14.txt_6
GM,MANUFACTURES,China,doc_14.txt_6
US,MANUFACTURES,SEC,doc_14.txt_6
US,MANUFACTURES,China,doc_14.txt_6
US,MANUFACTURES,China,doc_14.txt_6
SEC,MANUFACTURES,China,doc_14.txt_6
SEC,MANUFACTURES,China,doc_14.txt_6
China,MANUFACTURES,China,doc_14.txt_6
US,RELATED_TO,ZEEKR,doc_14.txt_7
US,RELATED_TO,Geely Group,doc_14.txt_7
ZEEKR,RELATED_TO,Geely Group,doc_14.txt_7
US,RELATED_TO,ZEEKR,doc_14.txt_8
US,RELATED_TO,71.0%,doc_14.txt_8
US,RELATED_TO,3.9 percentage,doc_14.txt_8
US,RELATED_TO,154.9%,doc_14.txt_8
ZEEKR,RELATED_TO,71.0%,doc_14.txt_8
ZEEKR,RELATED_TO,3.9 percentage,doc_14.txt_8
ZEEKR,RELATED_TO,154.9%,doc_14.txt_8
71.0%,RELATED_TO,3.9 percentage,doc_14.txt_8
71.0%,RELATED_TO,154.9%,doc_14.txt_8
3.9 percentage,RELATED_TO,154.9%,doc_14.txt_8
US,RELATED_TO,the New York Stock Exchange,doc_14.txt_9
US,RELATED_TO,"Operations
Net Loss and",doc_14.txt_10
US,RELATED_TO,"RMB3,791.1",doc_14.txt_10
US,RELATED_TO,US$525.1 million,doc_14.txt_10
"Operations
Net Loss and",RELATED_TO,"RMB3,791.1",doc_14.txt_10
"Operations
Net Loss and",RELATED_TO,US$525.1 million,doc_14.txt_10
"RMB3,791.1",RELATED_TO,US$525.1 million,doc_14.txt_10
US,RELATED_TO,PIN,doc_14.txt_11
BEV,RELATED_TO,ZEEKR,doc_14.txt_13
BEV,RELATED_TO,US,doc_14.txt_13
ZEEKR,RELATED_TO,US,doc_14.txt_13
US,INVESTED_IN,ZEEKR,doc_14.txt_15
US,RELATED_TO,Company,doc_14.txt_17
US,RELATED_TO,Company,doc_14.txt_18
EPA,INVESTED_IN,Company,doc_14.txt_19
EPA,INVESTED_IN,US,doc_14.txt_19
EPA,INVESTED_IN,U.S.,doc_14.txt_19
Company,INVESTED_IN,US,doc_14.txt_19
Company,INVESTED_IN,U.S.,doc_14.txt_19
US,INVESTED_IN,U.S.,doc_14.txt_19
Company,INVESTED_IN,U.S.,doc_14.txt_20
the Federal Reserve Board,MANUFACTURES,US,doc_14.txt_22
the Federal Reserve Board,MANUFACTURES,Company,doc_14.txt_22
the Federal Reserve Board,MANUFACTURES,U.S,doc_14.txt_22
the Federal Reserve Board,MANUFACTURES,H.10,doc_14.txt_22
US,MANUFACTURES,Company,doc_14.txt_22
US,MANUFACTURES,U.S,doc_14.txt_22
US,MANUFACTURES,H.10,doc_14.txt_22
Company,MANUFACTURES,U.S,doc_14.txt_22
Company,MANUFACTURES,H.10,doc_14.txt_22
U.S,MANUFACTURES,H.10,doc_14.txt_22
Company,MANUFACTURES,U.S.,doc_14.txt_23
the U.S. Private Securities Litigation Reform Act,RELATED_TO,Company,doc_14.txt_25
the U.S. Private Securities Litigation Reform Act,RELATED_TO,SEC,doc_14.txt_25
Company,RELATED_TO,SEC,doc_14.txt_25
DOE,RELATED_TO,SEC,doc_14.txt_27
DOE,RELATED_TO,Company,doc_14.txt_27
SEC,RELATED_TO,Company,doc_14.txt_27
Media Enquiries,INVESTED_IN,ZEEKR INC.,doc_14.txt_28
Media Enquiries,INVESTED_IN,US,doc_14.txt_28
Media Enquiries,INVESTED_IN,"Media Relations
Email",doc_14.txt_28
Media Enquiries,INVESTED_IN,Notes,doc_14.txt_28
ZEEKR INC.,INVESTED_IN,US,doc_14.txt_28
ZEEKR INC.,INVESTED_IN,"Media Relations
Email",doc_14.txt_28
ZEEKR INC.,INVESTED_IN,Notes,doc_14.txt_28
US,INVESTED_IN,"Media Relations
Email",doc_14.txt_28
US,INVESTED_IN,Notes,doc_14.txt_28
"Media Relations
Email",INVESTED_IN,Notes,doc_14.txt_28
US,RELATED_TO,Notes,doc_14.txt_29
US,RELATED_TO,EPA,doc_14.txt_29
Notes,RELATED_TO,EPA,doc_14.txt_29
US,RELATED_TO,Notes,doc_14.txt_31
US,RELATED_TO,EQUITY,doc_14.txt_31
US,RELATED_TO,ZEEKR INC.,doc_14.txt_31
Notes,RELATED_TO,EQUITY,doc_14.txt_31
Notes,RELATED_TO,ZEEKR INC.,doc_14.txt_31
EQUITY,RELATED_TO,ZEEKR INC.,doc_14.txt_31
US,RELATED_TO,EQUITY,doc_14.txt_34
US,RELATED_TO,ZEEKR INC.,doc_14.txt_34
EQUITY,RELATED_TO,ZEEKR INC.,doc_14.txt_34
US,RELATED_TO,Vehicle,doc_14.txt_35
US,RELATED_TO,ZEEKR,doc_14.txt_41
"Gender
Climate Change
Access and Affordability
COP28: Tracking the Energy Outcomes
Net Zero Emissions",RELATED_TO,US,doc_15.txt_0
"Gender
Climate Change
Access and Affordability
COP28: Tracking the Energy Outcomes
Net Zero Emissions",RELATED_TO,SEC,doc_15.txt_0
"Gender
Climate Change
Access and Affordability
COP28: Tracking the Energy Outcomes
Net Zero Emissions",RELATED_TO,Ford,doc_15.txt_0
"Gender
Climate Change
Access and Affordability
COP28: Tracking the Energy Outcomes
Net Zero Emissions",RELATED_TO,"Fossil Fuels
Renewables
Electricity",doc_15.txt_0
US,RELATED_TO,SEC,doc_15.txt_0
US,RELATED_TO,Ford,doc_15.txt_0
US,RELATED_TO,"Fossil Fuels
Renewables
Electricity",doc_15.txt_0
SEC,RELATED_TO,Ford,doc_15.txt_0
SEC,RELATED_TO,"Fossil Fuels
Renewables
Electricity",doc_15.txt_0
Ford,RELATED_TO,"Fossil Fuels
Renewables
Electricity",doc_15.txt_0
IEA,RELATED_TO,"Chart Library
Access",doc_15.txt_1
IEA,RELATED_TO,IP,doc_15.txt_3
IEA,RELATED_TO,Connect,doc_15.txt_3
IP,RELATED_TO,Connect,doc_15.txt_3
US,RELATED_TO,IVT,doc_15.txt_4
US,RELATED_TO,WDS,doc_15.txt_4
US,RELATED_TO,Paris,doc_15.txt_4
US,RELATED_TO,Excel,doc_15.txt_4
IVT,RELATED_TO,WDS,doc_15.txt_4
IVT,RELATED_TO,Paris,doc_15.txt_4
IVT,RELATED_TO,Excel,doc_15.txt_4
WDS,RELATED_TO,Paris,doc_15.txt_4
WDS,RELATED_TO,Excel,doc_15.txt_4
Paris,RELATED_TO,Excel,doc_15.txt_4
GM,MANUFACTURES,EV,doc_15.txt_5
EV,MANUFACTURES,USD,doc_15.txt_6
EV,MANUFACTURES,100 billion,doc_15.txt_6
EV,MANUFACTURES,US,doc_15.txt_6
EV,MANUFACTURES,Tesla,doc_15.txt_6
USD,MANUFACTURES,100 billion,doc_15.txt_6
USD,MANUFACTURES,US,doc_15.txt_6
USD,MANUFACTURES,Tesla,doc_15.txt_6
100 billion,MANUFACTURES,US,doc_15.txt_6
100 billion,MANUFACTURES,Tesla,doc_15.txt_6
US,MANUFACTURES,Tesla,doc_15.txt_6
Russia,INVESTED_IN,EV,doc_15.txt_7
Russia,INVESTED_IN,US,doc_15.txt_7
Russia,INVESTED_IN,Ukraine,doc_15.txt_7
EV,INVESTED_IN,US,doc_15.txt_7
EV,INVESTED_IN,Ukraine,doc_15.txt_7
US,INVESTED_IN,Ukraine,doc_15.txt_7
United States,MANUFACTURES,EV,doc_15.txt_8
United States,MANUFACTURES,BYD,doc_15.txt_8
United States,MANUFACTURES,Viet Nam,doc_15.txt_8
United States,MANUFACTURES,VinFast,doc_15.txt_8
EV,MANUFACTURES,BYD,doc_15.txt_8
EV,MANUFACTURES,Viet Nam,doc_15.txt_8
EV,MANUFACTURES,VinFast,doc_15.txt_8
BYD,MANUFACTURES,Viet Nam,doc_15.txt_8
BYD,MANUFACTURES,VinFast,doc_15.txt_8
Viet Nam,MANUFACTURES,VinFast,doc_15.txt_8
US,MANUFACTURES,CATL,doc_15.txt_9
US,MANUFACTURES,EV,doc_15.txt_9
CATL,MANUFACTURES,EV,doc_15.txt_9
US,INVESTED_IN,SEC,doc_15.txt_10
US,INVESTED_IN,EV,doc_15.txt_10
US,INVESTED_IN,GEVO-2023,doc_15.txt_10
SEC,INVESTED_IN,EV,doc_15.txt_10
SEC,INVESTED_IN,GEVO-2023,doc_15.txt_10
EV,INVESTED_IN,GEVO-2023,doc_15.txt_10
US,PARTNERS_WITH,SEC,doc_15.txt_11
US,PARTNERS_WITH,1 billion,doc_15.txt_11
US,PARTNERS_WITH,Volkswagen,doc_15.txt_11
US,PARTNERS_WITH,Stellantis,doc_15.txt_11
SEC,PARTNERS_WITH,1 billion,doc_15.txt_11
SEC,PARTNERS_WITH,Volkswagen,doc_15.txt_11
SEC,PARTNERS_WITH,Stellantis,doc_15.txt_11
1 billion,PARTNERS_WITH,Volkswagen,doc_15.txt_11
1 billion,PARTNERS_WITH,Stellantis,doc_15.txt_11
Volkswagen,PARTNERS_WITH,Stellantis,doc_15.txt_11
Australia,MANUFACTURES,US,doc_15.txt_12
Australia,MANUFACTURES,IRA,doc_15.txt_12
Australia,MANUFACTURES,US,doc_15.txt_12
Australia,MANUFACTURES,AustralianSuper,doc_15.txt_12
US,MANUFACTURES,IRA,doc_15.txt_12
US,MANUFACTURES,US,doc_15.txt_12
US,MANUFACTURES,AustralianSuper,doc_15.txt_12
IRA,MANUFACTURES,US,doc_15.txt_12
IRA,MANUFACTURES,AustralianSuper,doc_15.txt_12
US,MANUFACTURES,AustralianSuper,doc_15.txt_12
SEC,RELATED_TO,EV,doc_15.txt_14
Albermarle,RELATED_TO,USD,doc_15.txt_16
Albermarle,RELATED_TO,1.6‑1.8 billion,doc_15.txt_16
Albermarle,RELATED_TO,US,doc_15.txt_16
Albermarle,RELATED_TO,AUD,doc_15.txt_16
USD,RELATED_TO,1.6‑1.8 billion,doc_15.txt_16
USD,RELATED_TO,US,doc_15.txt_16
USD,RELATED_TO,AUD,doc_15.txt_16
1.6‑1.8 billion,RELATED_TO,US,doc_15.txt_16
1.6‑1.8 billion,RELATED_TO,AUD,doc_15.txt_16
US,RELATED_TO,AUD,doc_15.txt_16
US,MANUFACTURES,the United States,doc_15.txt_17
US,MANUFACTURES,Wyloo Metals,doc_15.txt_17
US,MANUFACTURES,25%,doc_15.txt_17
US,MANUFACTURES,First Quantum Minerals,doc_15.txt_17
the United States,MANUFACTURES,Wyloo Metals,doc_15.txt_17
the United States,MANUFACTURES,25%,doc_15.txt_17
the United States,MANUFACTURES,First Quantum Minerals,doc_15.txt_17
Wyloo Metals,MANUFACTURES,25%,doc_15.txt_17
Wyloo Metals,MANUFACTURES,First Quantum Minerals,doc_15.txt_17
25%,MANUFACTURES,First Quantum Minerals,doc_15.txt_17
just above 30%,MANUFACTURES,just under 30%,doc_15.txt_18
just above 30%,MANUFACTURES,US,doc_15.txt_18
just above 30%,MANUFACTURES,BYD,doc_15.txt_18
just above 30%,MANUFACTURES,China,doc_15.txt_18
just under 30%,MANUFACTURES,US,doc_15.txt_18
just under 30%,MANUFACTURES,BYD,doc_15.txt_18
just under 30%,MANUFACTURES,China,doc_15.txt_18
US,MANUFACTURES,BYD,doc_15.txt_18
US,MANUFACTURES,China,doc_15.txt_18
BYD,MANUFACTURES,China,doc_15.txt_18
Tesla,RELATED_TO,55%,doc_15.txt_19
Tesla,RELATED_TO,BYD,doc_15.txt_19
55%,RELATED_TO,BYD,doc_15.txt_19
EV,MANUFACTURES,BYD,doc_15.txt_20
EV,MANUFACTURES,US,doc_15.txt_20
EV,MANUFACTURES,PHEV,doc_15.txt_20
EV,MANUFACTURES,SEC,doc_15.txt_20
BYD,MANUFACTURES,US,doc_15.txt_20
BYD,MANUFACTURES,PHEV,doc_15.txt_20
BYD,MANUFACTURES,SEC,doc_15.txt_20
US,MANUFACTURES,PHEV,doc_15.txt_20
US,MANUFACTURES,SEC,doc_15.txt_20
PHEV,MANUFACTURES,SEC,doc_15.txt_20
BYD,MANUFACTURES,Volkswagen,doc_15.txt_21
BYD,MANUFACTURES,China,doc_15.txt_21
BYD,MANUFACTURES,China,doc_15.txt_21
BYD,MANUFACTURES,11%,doc_15.txt_21
Volkswagen,MANUFACTURES,China,doc_15.txt_21
Volkswagen,MANUFACTURES,China,doc_15.txt_21
Volkswagen,MANUFACTURES,11%,doc_15.txt_21
China,MANUFACTURES,China,doc_15.txt_21
China,MANUFACTURES,11%,doc_15.txt_21
China,MANUFACTURES,11%,doc_15.txt_21
Models 3,COMPETES_WITH,CNY,doc_15.txt_22
Models 3,COMPETES_WITH,China,doc_15.txt_22
Models 3,COMPETES_WITH,China,doc_15.txt_22
Models 3,COMPETES_WITH,up to 6%,doc_15.txt_22
CNY,COMPETES_WITH,China,doc_15.txt_22
CNY,COMPETES_WITH,China,doc_15.txt_22
CNY,COMPETES_WITH,up to 6%,doc_15.txt_22
China,COMPETES_WITH,China,doc_15.txt_22
China,COMPETES_WITH,up to 6%,doc_15.txt_22
China,COMPETES_WITH,up to 6%,doc_15.txt_22
GM,RELATED_TO,XPeng,doc_15.txt_23
GM,RELATED_TO,BYD,doc_15.txt_23
GM,RELATED_TO,US,doc_15.txt_23
GM,RELATED_TO,CNY,doc_15.txt_23
XPeng,RELATED_TO,BYD,doc_15.txt_23
XPeng,RELATED_TO,US,doc_15.txt_23
XPeng,RELATED_TO,CNY,doc_15.txt_23
BYD,RELATED_TO,US,doc_15.txt_23
BYD,RELATED_TO,CNY,doc_15.txt_23
US,RELATED_TO,CNY,doc_15.txt_23
BYD,MANUFACTURES,US,doc_15.txt_24
BYD,MANUFACTURES,Ford,doc_15.txt_24
BYD,MANUFACTURES,Tesla,doc_15.txt_24
BYD,MANUFACTURES,USD,doc_15.txt_24
US,MANUFACTURES,Ford,doc_15.txt_24
US,MANUFACTURES,Tesla,doc_15.txt_24
US,MANUFACTURES,USD,doc_15.txt_24
Ford,MANUFACTURES,Tesla,doc_15.txt_24
Ford,MANUFACTURES,USD,doc_15.txt_24
Tesla,MANUFACTURES,USD,doc_15.txt_24
XPeng,MANUFACTURES,US,doc_15.txt_25
XPeng,MANUFACTURES,SEC,doc_15.txt_25
XPeng,MANUFACTURES,BYD,doc_15.txt_25
XPeng,MANUFACTURES,CNY,doc_15.txt_25
US,MANUFACTURES,SEC,doc_15.txt_25
US,MANUFACTURES,BYD,doc_15.txt_25
US,MANUFACTURES,CNY,doc_15.txt_25
SEC,MANUFACTURES,BYD,doc_15.txt_25
SEC,MANUFACTURES,CNY,doc_15.txt_25
BYD,MANUFACTURES,CNY,doc_15.txt_25
GM,SURPASSED,US,doc_15.txt_26
GM,SURPASSED,IRA,doc_15.txt_26
GM,SURPASSED,United States,doc_15.txt_26
GM,SURPASSED,Kia,doc_15.txt_26
US,SURPASSED,IRA,doc_15.txt_26
US,SURPASSED,United States,doc_15.txt_26
US,SURPASSED,Kia,doc_15.txt_26
IRA,SURPASSED,United States,doc_15.txt_26
IRA,SURPASSED,Kia,doc_15.txt_26
United States,SURPASSED,Kia,doc_15.txt_26
US,LED_BY,US,doc_15.txt_27
US,LED_BY,Stellantis,doc_15.txt_27
US,LED_BY,About 15%,doc_15.txt_27
US,LED_BY,BMW,doc_15.txt_27
US,LED_BY,Stellantis,doc_15.txt_27
US,LED_BY,About 15%,doc_15.txt_27
US,LED_BY,BMW,doc_15.txt_27
Stellantis,LED_BY,About 15%,doc_15.txt_27
Stellantis,LED_BY,BMW,doc_15.txt_27
About 15%,LED_BY,BMW,doc_15.txt_27
GM,MANUFACTURES,US,doc_15.txt_28
GM,MANUFACTURES,Industry Outlook,doc_15.txt_28
GM,MANUFACTURES,US,doc_15.txt_28
GM,MANUFACTURES,SEC,doc_15.txt_28
US,MANUFACTURES,Industry Outlook,doc_15.txt_28
US,MANUFACTURES,US,doc_15.txt_28
US,MANUFACTURES,SEC,doc_15.txt_28
Industry Outlook,MANUFACTURES,US,doc_15.txt_28
Industry Outlook,MANUFACTURES,SEC,doc_15.txt_28
US,MANUFACTURES,SEC,doc_15.txt_28
nearly 15%,MANUFACTURES,60%,doc_15.txt_29
nearly 15%,MANUFACTURES,Volkswagen,doc_15.txt_29
nearly 15%,MANUFACTURES,over 80%,doc_15.txt_29
nearly 15%,MANUFACTURES,Stellantis,doc_15.txt_29
60%,MANUFACTURES,Volkswagen,doc_15.txt_29
60%,MANUFACTURES,over 80%,doc_15.txt_29
60%,MANUFACTURES,Stellantis,doc_15.txt_29
Volkswagen,MANUFACTURES,over 80%,doc_15.txt_29
Volkswagen,MANUFACTURES,Stellantis,doc_15.txt_29
over 80%,MANUFACTURES,Stellantis,doc_15.txt_29
nearly 40%,MANUFACTURES,US,doc_15.txt_30
nearly 40%,MANUFACTURES,just under 15%,doc_15.txt_30
nearly 40%,MANUFACTURES,around 10%,doc_15.txt_30
nearly 40%,MANUFACTURES,Europe,doc_15.txt_30
US,MANUFACTURES,just under 15%,doc_15.txt_30
US,MANUFACTURES,around 10%,doc_15.txt_30
US,MANUFACTURES,Europe,doc_15.txt_30
just under 15%,MANUFACTURES,around 10%,doc_15.txt_30
just under 15%,MANUFACTURES,Europe,doc_15.txt_30
around 10%,MANUFACTURES,Europe,doc_15.txt_30
EV,MANUFACTURES,US,doc_15.txt_31
EV,MANUFACTURES,China,doc_15.txt_31
EV,MANUFACTURES,China,doc_15.txt_31
EV,MANUFACTURES,PV,doc_15.txt_31
US,MANUFACTURES,China,doc_15.txt_31
US,MANUFACTURES,China,doc_15.txt_31
US,MANUFACTURES,PV,doc_15.txt_31
China,MANUFACTURES,China,doc_15.txt_31
China,MANUFACTURES,PV,doc_15.txt_31
China,MANUFACTURES,PV,doc_15.txt_31
EV,MANUFACTURES,80%,doc_15.txt_32
EV,MANUFACTURES,USD,doc_15.txt_32
EV,MANUFACTURES,US,doc_15.txt_32
EV,MANUFACTURES,SEC,doc_15.txt_32
80%,MANUFACTURES,USD,doc_15.txt_32
80%,MANUFACTURES,US,doc_15.txt_32
80%,MANUFACTURES,SEC,doc_15.txt_32
USD,MANUFACTURES,US,doc_15.txt_32
USD,MANUFACTURES,SEC,doc_15.txt_32
US,MANUFACTURES,SEC,doc_15.txt_32
EV,SURPASSED,US,doc_15.txt_33
EV,SURPASSED,60%,doc_15.txt_33
EV,SURPASSED,Germany,doc_15.txt_33
EV,SURPASSED,Germany,doc_15.txt_33
US,SURPASSED,60%,doc_15.txt_33
US,SURPASSED,Germany,doc_15.txt_33
US,SURPASSED,Germany,doc_15.txt_33
60%,SURPASSED,Germany,doc_15.txt_33
60%,SURPASSED,Germany,doc_15.txt_33
Germany,SURPASSED,Germany,doc_15.txt_33
GM,RELATED_TO,United States,doc_15.txt_34
GM,RELATED_TO,10%,doc_15.txt_34
GM,RELATED_TO,27%,doc_15.txt_34
GM,RELATED_TO,EV,doc_15.txt_34
United States,RELATED_TO,10%,doc_15.txt_34
United States,RELATED_TO,27%,doc_15.txt_34
United States,RELATED_TO,EV,doc_15.txt_34
10%,RELATED_TO,27%,doc_15.txt_34
10%,RELATED_TO,EV,doc_15.txt_34
27%,RELATED_TO,EV,doc_15.txt_34
Europe,RELATED_TO,EU,doc_15.txt_35
Europe,RELATED_TO,BYD,doc_15.txt_35
EU,RELATED_TO,BYD,doc_15.txt_35
GM,MANUFACTURES,US,doc_15.txt_36
GM,MANUFACTURES,EV,doc_15.txt_36
GM,MANUFACTURES,BYD,doc_15.txt_36
GM,MANUFACTURES,US,doc_15.txt_36
US,MANUFACTURES,EV,doc_15.txt_36
US,MANUFACTURES,BYD,doc_15.txt_36
US,MANUFACTURES,US,doc_15.txt_36
EV,MANUFACTURES,BYD,doc_15.txt_36
EV,MANUFACTURES,US,doc_15.txt_36
BYD,MANUFACTURES,US,doc_15.txt_36
EV,MANUFACTURES,Stellantis,doc_15.txt_37
EV,MANUFACTURES,China,doc_15.txt_37
EV,MANUFACTURES,China,doc_15.txt_37
EV,MANUFACTURES,Chinese,doc_15.txt_37
Stellantis,MANUFACTURES,China,doc_15.txt_37
Stellantis,MANUFACTURES,China,doc_15.txt_37
Stellantis,MANUFACTURES,Chinese,doc_15.txt_37
China,MANUFACTURES,China,doc_15.txt_37
China,MANUFACTURES,Chinese,doc_15.txt_37
China,MANUFACTURES,Chinese,doc_15.txt_37
VC,INVESTED_IN,EV,doc_15.txt_38
VC,INVESTED_IN,EV,doc_15.txt_38
VC,INVESTED_IN,US,doc_15.txt_38
VC,INVESTED_IN,VC,doc_15.txt_38
EV,INVESTED_IN,EV,doc_15.txt_38
EV,INVESTED_IN,US,doc_15.txt_38
EV,INVESTED_IN,VC,doc_15.txt_38
EV,INVESTED_IN,US,doc_15.txt_38
EV,INVESTED_IN,VC,doc_15.txt_38
US,INVESTED_IN,VC,doc_15.txt_38
VC,RELATED_TO,EV,doc_15.txt_40
VC,RELATED_TO,US,doc_15.txt_40
VC,RELATED_TO,20%,doc_15.txt_40
VC,RELATED_TO,USD,doc_15.txt_40
EV,RELATED_TO,US,doc_15.txt_40
EV,RELATED_TO,20%,doc_15.txt_40
EV,RELATED_TO,USD,doc_15.txt_40
US,RELATED_TO,20%,doc_15.txt_40
US,RELATED_TO,USD,doc_15.txt_40
20%,RELATED_TO,USD,doc_15.txt_40
US,RELATED_TO,USD,doc_15.txt_41
US,RELATED_TO,10.1 billion,doc_15.txt_41
US,RELATED_TO,35%,doc_15.txt_41
USD,RELATED_TO,10.1 billion,doc_15.txt_41
USD,RELATED_TO,35%,doc_15.txt_41
10.1 billion,RELATED_TO,35%,doc_15.txt_41
EV,MANUFACTURES,USD,doc_15.txt_45
EV,MANUFACTURES,US,doc_15.txt_45
EV,MANUFACTURES,VC,doc_15.txt_45
EV,MANUFACTURES,USD,doc_15.txt_45
USD,MANUFACTURES,US,doc_15.txt_45
USD,MANUFACTURES,VC,doc_15.txt_45
USD,MANUFACTURES,USD,doc_15.txt_45
US,MANUFACTURES,VC,doc_15.txt_45
US,MANUFACTURES,USD,doc_15.txt_45
VC,MANUFACTURES,USD,doc_15.txt_45
GM,INVESTED_IN,EV,doc_15.txt_46
VC,INVESTED_IN,160 million,doc_15.txt_47
VC,INVESTED_IN,EV,doc_15.txt_47
VC,INVESTED_IN,US,doc_15.txt_47
VC,INVESTED_IN,German,doc_15.txt_47
160 million,INVESTED_IN,EV,doc_15.txt_47
160 million,INVESTED_IN,US,doc_15.txt_47
160 million,INVESTED_IN,German,doc_15.txt_47
EV,INVESTED_IN,US,doc_15.txt_47
EV,INVESTED_IN,German,doc_15.txt_47
US,INVESTED_IN,German,doc_15.txt_47
US,RELATED_TO,Indian,doc_15.txt_48
US,RELATED_TO,USD,doc_15.txt_48
Indian,RELATED_TO,USD,doc_15.txt_48
Brazilian Vammo,INVESTED_IN,GM,doc_15.txt_49
Brazilian Vammo,INVESTED_IN,USD,doc_15.txt_49
Brazilian Vammo,INVESTED_IN,Benin,doc_15.txt_49
Brazilian Vammo,INVESTED_IN,USD,doc_15.txt_49
GM,INVESTED_IN,USD,doc_15.txt_49
GM,INVESTED_IN,Benin,doc_15.txt_49
GM,INVESTED_IN,USD,doc_15.txt_49
USD,INVESTED_IN,Benin,doc_15.txt_49
USD,INVESTED_IN,USD,doc_15.txt_49
Benin,INVESTED_IN,USD,doc_15.txt_49
Evera,RELATED_TO,US,doc_15.txt_50
Evera,RELATED_TO,Delhi,doc_15.txt_50
Evera,RELATED_TO,Zyngo,doc_15.txt_50
Evera,RELATED_TO,USD,doc_15.txt_50
US,RELATED_TO,Delhi,doc_15.txt_50
US,RELATED_TO,Zyngo,doc_15.txt_50
US,RELATED_TO,USD,doc_15.txt_50
Delhi,RELATED_TO,Zyngo,doc_15.txt_50
Delhi,RELATED_TO,USD,doc_15.txt_50
Zyngo,RELATED_TO,USD,doc_15.txt_50
EV,INVESTED_IN,USD,doc_15.txt_51
EV,INVESTED_IN,2.5 billion,doc_15.txt_51
EV,INVESTED_IN,US,doc_15.txt_51
USD,INVESTED_IN,2.5 billion,doc_15.txt_51
USD,INVESTED_IN,US,doc_15.txt_51
2.5 billion,INVESTED_IN,US,doc_15.txt_51
the European Investment Bank,INVESTED_IN,US,doc_15.txt_52
the European Investment Bank,INVESTED_IN,Verkor,doc_15.txt_52
the European Investment Bank,INVESTED_IN,BPI France,doc_15.txt_52
the European Investment Bank,INVESTED_IN,Europe,doc_15.txt_52
US,INVESTED_IN,Verkor,doc_15.txt_52
US,INVESTED_IN,BPI France,doc_15.txt_52
US,INVESTED_IN,Europe,doc_15.txt_52
Verkor,INVESTED_IN,BPI France,doc_15.txt_52
Verkor,INVESTED_IN,Europe,doc_15.txt_52
BPI France,INVESTED_IN,Europe,doc_15.txt_52
the German Government,INVESTED_IN,USD,doc_15.txt_53
the German Government,INVESTED_IN,Ontario,doc_15.txt_53
the German Government,INVESTED_IN,the European Investment Bank,doc_15.txt_53
the German Government,INVESTED_IN,US,doc_15.txt_53
USD,INVESTED_IN,Ontario,doc_15.txt_53
USD,INVESTED_IN,the European Investment Bank,doc_15.txt_53
USD,INVESTED_IN,US,doc_15.txt_53
Ontario,INVESTED_IN,the European Investment Bank,doc_15.txt_53
Ontario,INVESTED_IN,US,doc_15.txt_53
the European Investment Bank,INVESTED_IN,US,doc_15.txt_53
US,INVESTED_IN,Hozon,doc_15.txt_54
US,INVESTED_IN,Hozon Automobile,doc_15.txt_54
US,INVESTED_IN,Chinese,doc_15.txt_54
US,INVESTED_IN,Avatr,doc_15.txt_54
Hozon,INVESTED_IN,Hozon Automobile,doc_15.txt_54
Hozon,INVESTED_IN,Chinese,doc_15.txt_54
Hozon,INVESTED_IN,Avatr,doc_15.txt_54
Hozon Automobile,INVESTED_IN,Chinese,doc_15.txt_54
Hozon Automobile,INVESTED_IN,Avatr,doc_15.txt_54
Chinese,INVESTED_IN,Avatr,doc_15.txt_54
US,SURPASSED,Free Now,doc_15.txt_55
US,SURPASSED,Beat,doc_15.txt_55
US,SURPASSED,EMDEs,doc_15.txt_55
US,SURPASSED,India,doc_15.txt_55
Free Now,SURPASSED,Beat,doc_15.txt_55
Free Now,SURPASSED,EMDEs,doc_15.txt_55
Free Now,SURPASSED,India,doc_15.txt_55
Beat,SURPASSED,EMDEs,doc_15.txt_55
Beat,SURPASSED,India,doc_15.txt_55
EMDEs,SURPASSED,India,doc_15.txt_55
VC,LOCATED_IN,about 70%,doc_15.txt_56
VC,LOCATED_IN,United States,doc_15.txt_56
VC,LOCATED_IN,EV,doc_15.txt_56
VC,LOCATED_IN,10%,doc_15.txt_56
about 70%,LOCATED_IN,United States,doc_15.txt_56
about 70%,LOCATED_IN,EV,doc_15.txt_56
about 70%,LOCATED_IN,10%,doc_15.txt_56
United States,LOCATED_IN,EV,doc_15.txt_56
United States,LOCATED_IN,10%,doc_15.txt_56
EV,LOCATED_IN,10%,doc_15.txt_56
VC,RELATED_TO,United States,doc_15.txt_57
VC,RELATED_TO,US,doc_15.txt_57
VC,RELATED_TO,the United States,doc_15.txt_57
VC,RELATED_TO,about 95%,doc_15.txt_57
United States,RELATED_TO,US,doc_15.txt_57
United States,RELATED_TO,the United States,doc_15.txt_57
United States,RELATED_TO,about 95%,doc_15.txt_57
US,RELATED_TO,the United States,doc_15.txt_57
US,RELATED_TO,about 95%,doc_15.txt_57
the United States,RELATED_TO,about 95%,doc_15.txt_57
VC,RELATED_TO,US,doc_15.txt_58
VC,RELATED_TO,Indian,doc_15.txt_58
VC,RELATED_TO,China,doc_15.txt_58
VC,RELATED_TO,2.7 billion,doc_15.txt_58
US,RELATED_TO,Indian,doc_15.txt_58
US,RELATED_TO,China,doc_15.txt_58
US,RELATED_TO,2.7 billion,doc_15.txt_58
Indian,RELATED_TO,China,doc_15.txt_58
Indian,RELATED_TO,2.7 billion,doc_15.txt_58
China,RELATED_TO,2.7 billion,doc_15.txt_58
EV,INVESTED_IN,FAME,doc_15.txt_59
EV,INVESTED_IN,US,doc_15.txt_59
EV,INVESTED_IN,SEC,doc_15.txt_59
EV,INVESTED_IN,Indian,doc_15.txt_59
FAME,INVESTED_IN,US,doc_15.txt_59
FAME,INVESTED_IN,SEC,doc_15.txt_59
FAME,INVESTED_IN,Indian,doc_15.txt_59
US,INVESTED_IN,SEC,doc_15.txt_59
US,INVESTED_IN,Indian,doc_15.txt_59
SEC,INVESTED_IN,Indian,doc_15.txt_59
VC,LOCATED_IN,United States,doc_15.txt_60
VC,LOCATED_IN,Korea,doc_15.txt_60
VC,LOCATED_IN,VC,doc_15.txt_60
VC,LOCATED_IN,over 80%,doc_15.txt_60
United States,LOCATED_IN,Korea,doc_15.txt_60
United States,LOCATED_IN,VC,doc_15.txt_60
United States,LOCATED_IN,over 80%,doc_15.txt_60
Korea,LOCATED_IN,VC,doc_15.txt_60
Korea,LOCATED_IN,over 80%,doc_15.txt_60
VC,LOCATED_IN,over 80%,doc_15.txt_60
VC,INVESTED_IN,EV,doc_15.txt_61
VC,INVESTED_IN,USD,doc_15.txt_61
VC,INVESTED_IN,430 million,doc_15.txt_61
VC,INVESTED_IN,US,doc_15.txt_61
EV,INVESTED_IN,USD,doc_15.txt_61
EV,INVESTED_IN,430 million,doc_15.txt_61
EV,INVESTED_IN,US,doc_15.txt_61
USD,INVESTED_IN,430 million,doc_15.txt_61
USD,INVESTED_IN,US,doc_15.txt_61
430 million,INVESTED_IN,US,doc_15.txt_61
more than 25%,RELATED_TO,less than,doc_15.txt_62
more than 25%,RELATED_TO,US,doc_15.txt_62
more than 25%,RELATED_TO,just 60%,doc_15.txt_62
less than,RELATED_TO,US,doc_15.txt_62
less than,RELATED_TO,just 60%,doc_15.txt_62
US,RELATED_TO,just 60%,doc_15.txt_62
US,RELATED_TO,SEC,doc_15.txt_63
US,RELATED_TO,EV,doc_15.txt_63
SEC,RELATED_TO,EV,doc_15.txt_63
Chinese WeView,LOCATED_IN,Peak Energy,doc_15.txt_64
Chinese WeView,LOCATED_IN,Singapore,doc_15.txt_64
Chinese WeView,LOCATED_IN,Noon Energy,doc_15.txt_64
Chinese WeView,LOCATED_IN,30 million,doc_15.txt_64
Peak Energy,LOCATED_IN,Singapore,doc_15.txt_64
Peak Energy,LOCATED_IN,Noon Energy,doc_15.txt_64
Peak Energy,LOCATED_IN,30 million,doc_15.txt_64
Singapore,LOCATED_IN,Noon Energy,doc_15.txt_64
Singapore,LOCATED_IN,30 million,doc_15.txt_64
Noon Energy,LOCATED_IN,30 million,doc_15.txt_64
DOE,INVESTED_IN,US,doc_15.txt_65
DOE,INVESTED_IN,EPA,doc_15.txt_65
DOE,INVESTED_IN,Inlyte Energy,doc_15.txt_65
DOE,INVESTED_IN,the US Department of Energy,doc_15.txt_65
US,INVESTED_IN,EPA,doc_15.txt_65
US,INVESTED_IN,Inlyte Energy,doc_15.txt_65
US,INVESTED_IN,the US Department of Energy,doc_15.txt_65
EPA,INVESTED_IN,Inlyte Energy,doc_15.txt_65
EPA,INVESTED_IN,the US Department of Energy,doc_15.txt_65
Inlyte Energy,INVESTED_IN,the US Department of Energy,doc_15.txt_65
US,INVESTED_IN,USD,doc_15.txt_66
US,INVESTED_IN,160 million,doc_15.txt_66
US,INVESTED_IN,DoE,doc_15.txt_66
US,INVESTED_IN,US,doc_15.txt_66
USD,INVESTED_IN,160 million,doc_15.txt_66
USD,INVESTED_IN,DoE,doc_15.txt_66
USD,INVESTED_IN,US,doc_15.txt_66
160 million,INVESTED_IN,DoE,doc_15.txt_66
160 million,INVESTED_IN,US,doc_15.txt_66
DoE,INVESTED_IN,US,doc_15.txt_66
French,RELATED_TO,Chinese Tianneng New Materials,doc_15.txt_67
French,RELATED_TO,US,doc_15.txt_67
Chinese Tianneng New Materials,RELATED_TO,US,doc_15.txt_67
135 million,RELATED_TO,VC,doc_15.txt_68
135 million,RELATED_TO,USD,doc_15.txt_68
135 million,RELATED_TO,US,doc_15.txt_68
VC,RELATED_TO,USD,doc_15.txt_68
VC,RELATED_TO,US,doc_15.txt_68
USD,RELATED_TO,US,doc_15.txt_68
2 billion,RELATED_TO,InfraVia,doc_15.txt_70
2 billion,RELATED_TO,Industry Outlook,doc_15.txt_70
2 billion,RELATED_TO,US,doc_15.txt_70
2 billion,RELATED_TO,SEC,doc_15.txt_70
InfraVia,RELATED_TO,Industry Outlook,doc_15.txt_70
InfraVia,RELATED_TO,US,doc_15.txt_70
InfraVia,RELATED_TO,SEC,doc_15.txt_70
Industry Outlook,RELATED_TO,US,doc_15.txt_70
Industry Outlook,RELATED_TO,SEC,doc_15.txt_70
US,RELATED_TO,SEC,doc_15.txt_70
Natural Resources Canada,INVESTED_IN,US,doc_15.txt_71
Natural Resources Canada,INVESTED_IN,Summit Nanotech,doc_15.txt_71
Natural Resources Canada,INVESTED_IN,Canada,doc_15.txt_71
Natural Resources Canada,INVESTED_IN,Sustainable Development Technology Canada,doc_15.txt_71
US,INVESTED_IN,Summit Nanotech,doc_15.txt_71
US,INVESTED_IN,Canada,doc_15.txt_71
US,INVESTED_IN,Sustainable Development Technology Canada,doc_15.txt_71
Summit Nanotech,INVESTED_IN,Canada,doc_15.txt_71
Summit Nanotech,INVESTED_IN,Sustainable Development Technology Canada,doc_15.txt_71
Canada,INVESTED_IN,Sustainable Development Technology Canada,doc_15.txt_71
GM Ventures,RELATED_TO,GM,doc_15.txt_72
GM Ventures,RELATED_TO,Atlas Materials,doc_15.txt_72
GM Ventures,RELATED_TO,195 million,doc_15.txt_72
GM Ventures,RELATED_TO,US,doc_15.txt_72
GM,RELATED_TO,Atlas Materials,doc_15.txt_72
GM,RELATED_TO,195 million,doc_15.txt_72
GM,RELATED_TO,US,doc_15.txt_72
Atlas Materials,RELATED_TO,195 million,doc_15.txt_72
Atlas Materials,RELATED_TO,US,doc_15.txt_72
195 million,RELATED_TO,US,doc_15.txt_72
Mercedes-Benz AG,RELATED_TO,Troska,doc_16.txt_0
Mercedes-Benz AG,RELATED_TO,JÃ¶rg Burzer,doc_16.txt_0
Mercedes-Benz AG,RELATED_TO,US,doc_16.txt_0
Mercedes-Benz AG,RELATED_TO,the Board of Management:Ola KÃ¤llenius,doc_16.txt_0
Troska,RELATED_TO,JÃ¶rg Burzer,doc_16.txt_0
Troska,RELATED_TO,US,doc_16.txt_0
Troska,RELATED_TO,the Board of Management:Ola KÃ¤llenius,doc_16.txt_0
JÃ¶rg Burzer,RELATED_TO,US,doc_16.txt_0
JÃ¶rg Burzer,RELATED_TO,the Board of Management:Ola KÃ¤llenius,doc_16.txt_0
US,RELATED_TO,the Board of Management:Ola KÃ¤llenius,doc_16.txt_0
Mercedes-Benz,RELATED_TO,â,doc_16.txt_1
Mercedes-Benz,RELATED_TO,Mercedes,doc_16.txt_1
Mercedes-Benz,RELATED_TO,the Supervisory Board,doc_16.txt_1
Mercedes-Benz,RELATED_TO,"Martin BrudermÃ¼ller
Court of Registry: Stuttgart",doc_16.txt_1
â,RELATED_TO,Mercedes,doc_16.txt_1
â,RELATED_TO,the Supervisory Board,doc_16.txt_1
â,RELATED_TO,"Martin BrudermÃ¼ller
Court of Registry: Stuttgart",doc_16.txt_1
Mercedes,RELATED_TO,the Supervisory Board,doc_16.txt_1
Mercedes,RELATED_TO,"Martin BrudermÃ¼ller
Court of Registry: Stuttgart",doc_16.txt_1
the Supervisory Board,RELATED_TO,"Martin BrudermÃ¼ller
Court of Registry: Stuttgart",doc_16.txt_1
IRA,RELATED_TO,Group Earnings Before Interest,doc_16.txt_2
IRA,RELATED_TO,US,doc_16.txt_2
IRA,RELATED_TO,Taxes,doc_16.txt_2
IRA,RELATED_TO,Mercedes,doc_16.txt_2
Group Earnings Before Interest,RELATED_TO,US,doc_16.txt_2
Group Earnings Before Interest,RELATED_TO,Taxes,doc_16.txt_2
Group Earnings Before Interest,RELATED_TO,Mercedes,doc_16.txt_2
US,RELATED_TO,Taxes,doc_16.txt_2
US,RELATED_TO,Mercedes,doc_16.txt_2
Taxes,RELATED_TO,Mercedes,doc_16.txt_2
Mercedes-Benz Vans,RELATED_TO,PDF,doc_16.txt_3
Mercedes-Benz Vans,RELATED_TO,12.6%,doc_16.txt_3
Mercedes-Benz Vans,RELATED_TO,Mercedes-Benz Cars,doc_16.txt_3
Mercedes-Benz Vans,RELATED_TO,US,doc_16.txt_3
PDF,RELATED_TO,12.6%,doc_16.txt_3
PDF,RELATED_TO,Mercedes-Benz Cars,doc_16.txt_3
PDF,RELATED_TO,US,doc_16.txt_3
12.6%,RELATED_TO,Mercedes-Benz Cars,doc_16.txt_3
12.6%,RELATED_TO,US,doc_16.txt_3
Mercedes-Benz Cars,RELATED_TO,US,doc_16.txt_3
US,RELATED_TO,Mercedes,doc_16.txt_5
US,RELATED_TO,EPA,doc_16.txt_5
US,RELATED_TO,Mercedes-Benz,doc_16.txt_5
Mercedes,RELATED_TO,EPA,doc_16.txt_5
Mercedes,RELATED_TO,Mercedes-Benz,doc_16.txt_5
EPA,RELATED_TO,Mercedes-Benz,doc_16.txt_5
the Industrial Business,RELATED_TO,US,doc_16.txt_6
the Industrial Business,RELATED_TO,â¬31.7 billion,doc_16.txt_6
the Industrial Business,RELATED_TO,Research & Development,doc_16.txt_6
the Industrial Business,RELATED_TO,The Net Liquidity of the Industrial Business,doc_16.txt_6
US,RELATED_TO,â¬31.7 billion,doc_16.txt_6
US,RELATED_TO,Research & Development,doc_16.txt_6
US,RELATED_TO,The Net Liquidity of the Industrial Business,doc_16.txt_6
â¬31.7 billion,RELATED_TO,Research & Development,doc_16.txt_6
â¬31.7 billion,RELATED_TO,The Net Liquidity of the Industrial Business,doc_16.txt_6
Research & Development,RELATED_TO,The Net Liquidity of the Industrial Business,doc_16.txt_6
Beijing,SURPASSED,Mercedes-Benz,doc_16.txt_7
Beijing,SURPASSED,US,doc_16.txt_7
Beijing,SURPASSED,SAE Level,doc_16.txt_7
Beijing,SURPASSED,Nevada,doc_16.txt_7
Mercedes-Benz,SURPASSED,US,doc_16.txt_7
Mercedes-Benz,SURPASSED,SAE Level,doc_16.txt_7
Mercedes-Benz,SURPASSED,Nevada,doc_16.txt_7
US,SURPASSED,SAE Level,doc_16.txt_7
US,SURPASSED,Nevada,doc_16.txt_7
SAE Level,SURPASSED,Nevada,doc_16.txt_7
Thailand,RELATED_TO,more than 50%,doc_16.txt_8
Thailand,RELATED_TO,Mercedes-Benz,doc_16.txt_8
Thailand,RELATED_TO,Germany,doc_16.txt_8
Thailand,RELATED_TO,Germany,doc_16.txt_8
more than 50%,RELATED_TO,Mercedes-Benz,doc_16.txt_8
more than 50%,RELATED_TO,Germany,doc_16.txt_8
more than 50%,RELATED_TO,Germany,doc_16.txt_8
Mercedes-Benz,RELATED_TO,Germany,doc_16.txt_8
Mercedes-Benz,RELATED_TO,Germany,doc_16.txt_8
Germany,RELATED_TO,Germany,doc_16.txt_8
12.6%,RELATED_TO,Mercedes-Benz Cars,doc_16.txt_9
12.6%,RELATED_TO,US,doc_16.txt_9
12.6%,RELATED_TO,Taxes,doc_16.txt_9
12.6%,RELATED_TO,14.6%,doc_16.txt_9
Mercedes-Benz Cars,RELATED_TO,US,doc_16.txt_9
Mercedes-Benz Cars,RELATED_TO,Taxes,doc_16.txt_9
Mercedes-Benz Cars,RELATED_TO,14.6%,doc_16.txt_9
US,RELATED_TO,Taxes,doc_16.txt_9
US,RELATED_TO,14.6%,doc_16.txt_9
Taxes,RELATED_TO,14.6%,doc_16.txt_9
+4%,RELATED_TO,Mercedes-AMG,doc_16.txt_11
+4%,RELATED_TO,GM,doc_16.txt_11
+4%,RELATED_TO,around 50%,doc_16.txt_11
+4%,RELATED_TO,Mercedes,doc_16.txt_11
Mercedes-AMG,RELATED_TO,GM,doc_16.txt_11
Mercedes-AMG,RELATED_TO,around 50%,doc_16.txt_11
Mercedes-AMG,RELATED_TO,Mercedes,doc_16.txt_11
GM,RELATED_TO,around 50%,doc_16.txt_11
GM,RELATED_TO,Mercedes,doc_16.txt_11
around 50%,RELATED_TO,Mercedes,doc_16.txt_11
United States,RELATED_TO,Mercedes-Benz Cars,doc_16.txt_12
United States,RELATED_TO,Mercedes-Benz,doc_16.txt_12
United States,RELATED_TO,the United States,doc_16.txt_12
United States,RELATED_TO,Mercedes,doc_16.txt_12
Mercedes-Benz Cars,RELATED_TO,Mercedes-Benz,doc_16.txt_12
Mercedes-Benz Cars,RELATED_TO,the United States,doc_16.txt_12
Mercedes-Benz Cars,RELATED_TO,Mercedes,doc_16.txt_12
Mercedes-Benz,RELATED_TO,the United States,doc_16.txt_12
Mercedes-Benz,RELATED_TO,Mercedes,doc_16.txt_12
the United States,RELATED_TO,Mercedes,doc_16.txt_12
Cash Conversion Rate,RELATED_TO,10%,doc_16.txt_13
Cash Conversion Rate,RELATED_TO,Mercedes-Benz Cars,doc_16.txt_13
Cash Conversion Rate,RELATED_TO,US,doc_16.txt_13
Cash Conversion Rate,RELATED_TO,Taxes,doc_16.txt_13
10%,RELATED_TO,Mercedes-Benz Cars,doc_16.txt_13
10%,RELATED_TO,US,doc_16.txt_13
10%,RELATED_TO,Taxes,doc_16.txt_13
Mercedes-Benz Cars,RELATED_TO,US,doc_16.txt_13
Mercedes-Benz Cars,RELATED_TO,Taxes,doc_16.txt_13
US,RELATED_TO,Taxes,doc_16.txt_13
Mercedes-Benz Vans,RELATED_TO,US,doc_16.txt_14
Mercedes-Benz Vans,RELATED_TO,18%,doc_16.txt_14
Mercedes-Benz Vans,RELATED_TO,8%,doc_16.txt_14
Mercedes-Benz Vans,RELATED_TO,Mercedes,doc_16.txt_14
US,RELATED_TO,18%,doc_16.txt_14
US,RELATED_TO,8%,doc_16.txt_14
US,RELATED_TO,Mercedes,doc_16.txt_14
18%,RELATED_TO,8%,doc_16.txt_14
18%,RELATED_TO,Mercedes,doc_16.txt_14
8%,RELATED_TO,Mercedes,doc_16.txt_14
Sprinter,RELATED_TO,Mercedes-Benz Vans,doc_16.txt_16
Sprinter,RELATED_TO,GM,doc_16.txt_16
Sprinter,RELATED_TO,US,doc_16.txt_16
Sprinter,RELATED_TO,Germany,doc_16.txt_16
Mercedes-Benz Vans,RELATED_TO,GM,doc_16.txt_16
Mercedes-Benz Vans,RELATED_TO,US,doc_16.txt_16
Mercedes-Benz Vans,RELATED_TO,Germany,doc_16.txt_16
GM,RELATED_TO,US,doc_16.txt_16
GM,RELATED_TO,Germany,doc_16.txt_16
US,RELATED_TO,Germany,doc_16.txt_16
United States,RELATED_TO,13%,doc_16.txt_17
United States,RELATED_TO,51%,doc_16.txt_17
United States,RELATED_TO,eVans,doc_16.txt_17
United States,RELATED_TO,the United States,doc_16.txt_17
13%,RELATED_TO,51%,doc_16.txt_17
13%,RELATED_TO,eVans,doc_16.txt_17
13%,RELATED_TO,the United States,doc_16.txt_17
51%,RELATED_TO,eVans,doc_16.txt_17
51%,RELATED_TO,the United States,doc_16.txt_17
eVans,RELATED_TO,the United States,doc_16.txt_17
Mercedes-Benz Vans,RELATED_TO,Van Electric Architecture,doc_16.txt_18
Mercedes-Benz Vans,RELATED_TO,US,doc_16.txt_18
Mercedes-Benz Vans,RELATED_TO,CO2,doc_16.txt_18
Mercedes-Benz Vans,RELATED_TO,Mercedes,doc_16.txt_18
Van Electric Architecture,RELATED_TO,US,doc_16.txt_18
Van Electric Architecture,RELATED_TO,CO2,doc_16.txt_18
Van Electric Architecture,RELATED_TO,Mercedes,doc_16.txt_18
US,RELATED_TO,CO2,doc_16.txt_18
US,RELATED_TO,Mercedes,doc_16.txt_18
CO2,RELATED_TO,Mercedes,doc_16.txt_18
US,RELATED_TO,â¬2.0 billion,doc_16.txt_19
US,RELATED_TO,48%,doc_16.txt_19
â¬2.0 billion,RELATED_TO,48%,doc_16.txt_19
US,RELATED_TO,7%,doc_16.txt_20
US,RELATED_TO,Mercedes,doc_16.txt_20
US,RELATED_TO,Mercedes-Benz Mobility,doc_16.txt_20
7%,RELATED_TO,Mercedes,doc_16.txt_20
7%,RELATED_TO,Mercedes-Benz Mobility,doc_16.txt_20
Mercedes,RELATED_TO,Mercedes-Benz Mobility,doc_16.txt_20
Taxes of â¬1.7 billion,RELATED_TO,SEC,doc_16.txt_21
Taxes of â¬1.7 billion,RELATED_TO,Earnings Before Interest,doc_16.txt_21
Taxes of â¬1.7 billion,RELATED_TO,US,doc_16.txt_21
SEC,RELATED_TO,Earnings Before Interest,doc_16.txt_21
SEC,RELATED_TO,US,doc_16.txt_21
Earnings Before Interest,RELATED_TO,US,doc_16.txt_21
US,RELATED_TO,Germany,doc_16.txt_22
US,RELATED_TO,16.8%,doc_16.txt_22
US,RELATED_TO,Germany,doc_16.txt_22
US,RELATED_TO,12.3%,doc_16.txt_22
Germany,RELATED_TO,16.8%,doc_16.txt_22
Germany,RELATED_TO,Germany,doc_16.txt_22
Germany,RELATED_TO,12.3%,doc_16.txt_22
16.8%,RELATED_TO,Germany,doc_16.txt_22
16.8%,RELATED_TO,12.3%,doc_16.txt_22
Germany,RELATED_TO,12.3%,doc_16.txt_22
the Board of Management,RELATED_TO,EPS,doc_16.txt_23
the Board of Management,RELATED_TO,the Supervisory Board,doc_16.txt_23
the Board of Management,RELATED_TO,the Earnings per Share,doc_16.txt_23
EPS,RELATED_TO,the Supervisory Board,doc_16.txt_23
EPS,RELATED_TO,the Earnings per Share,doc_16.txt_23
the Supervisory Board,RELATED_TO,the Earnings per Share,doc_16.txt_23
40 percent,RELATED_TO,Mercedes-Benz,doc_16.txt_24
40 percent,RELATED_TO,US,doc_16.txt_24
40 percent,RELATED_TO,Group Net Income,doc_16.txt_24
40 percent,RELATED_TO,Mercedes,doc_16.txt_24
Mercedes-Benz,RELATED_TO,US,doc_16.txt_24
Mercedes-Benz,RELATED_TO,Group Net Income,doc_16.txt_24
Mercedes-Benz,RELATED_TO,Mercedes,doc_16.txt_24
US,RELATED_TO,Group Net Income,doc_16.txt_24
US,RELATED_TO,Mercedes,doc_16.txt_24
Group Net Income,RELATED_TO,Mercedes,doc_16.txt_24
Mercedes,ACQUIRED,up to â¬3 billion,doc_16.txt_25
Mercedes,ACQUIRED,Mercedes-Benz,doc_16.txt_25
up to â¬3 billion,ACQUIRED,Mercedes-Benz,doc_16.txt_25
the Board of Management,RELATED_TO,Mercedes,doc_16.txt_26
the Board of Management,RELATED_TO,ten percent,doc_16.txt_26
the Board of Management,RELATED_TO,Mercedes-Benz Group AG,doc_16.txt_26
the Board of Management,RELATED_TO,the Supervisory Board,doc_16.txt_26
Mercedes,RELATED_TO,ten percent,doc_16.txt_26
Mercedes,RELATED_TO,Mercedes-Benz Group AG,doc_16.txt_26
Mercedes,RELATED_TO,the Supervisory Board,doc_16.txt_26
ten percent,RELATED_TO,Mercedes-Benz Group AG,doc_16.txt_26
ten percent,RELATED_TO,the Supervisory Board,doc_16.txt_26
Mercedes-Benz Group AG,RELATED_TO,the Supervisory Board,doc_16.txt_26
EPS,RELATED_TO,Share Buyback Program,doc_16.txt_28
EPS,RELATED_TO,US,doc_16.txt_28
EPS,RELATED_TO,Share Buyback,doc_16.txt_28
EPS,RELATED_TO,Earnings Per Share,doc_16.txt_28
Share Buyback Program,RELATED_TO,US,doc_16.txt_28
Share Buyback Program,RELATED_TO,Share Buyback,doc_16.txt_28
Share Buyback Program,RELATED_TO,Earnings Per Share,doc_16.txt_28
US,RELATED_TO,Share Buyback,doc_16.txt_28
US,RELATED_TO,Earnings Per Share,doc_16.txt_28
Share Buyback,RELATED_TO,Earnings Per Share,doc_16.txt_28
MB,RELATED_TO,PDF,doc_16.txt_29
MB,RELATED_TO,XLSX,doc_16.txt_29
PDF,RELATED_TO,XLSX,doc_16.txt_29
US,RELATED_TO,Mercedes,doc_16.txt_30
US,RELATED_TO,the Mercedes-Benz Group,doc_16.txt_30
US,RELATED_TO,the Supervisory Board,doc_16.txt_30
Mercedes,RELATED_TO,the Mercedes-Benz Group,doc_16.txt_30
Mercedes,RELATED_TO,the Supervisory Board,doc_16.txt_30
the Mercedes-Benz Group,RELATED_TO,the Supervisory Board,doc_16.txt_30
Mercedes-Benz AG,RELATED_TO,Daimler AG,doc_16.txt_31
Mercedes-Benz AG,RELATED_TO,Mercedes,doc_16.txt_31
Mercedes-Benz AG,RELATED_TO,Mercedes-Benz Mobility AG,doc_16.txt_31
Mercedes-Benz AG,RELATED_TO,The Mercedes-Benz Group AG,doc_16.txt_31
Daimler AG,RELATED_TO,Mercedes,doc_16.txt_31
Daimler AG,RELATED_TO,Mercedes-Benz Mobility AG,doc_16.txt_31
Daimler AG,RELATED_TO,The Mercedes-Benz Group AG,doc_16.txt_31
Mercedes,RELATED_TO,Mercedes-Benz Mobility AG,doc_16.txt_31
Mercedes,RELATED_TO,The Mercedes-Benz Group AG,doc_16.txt_31
Mercedes-Benz Mobility AG,RELATED_TO,The Mercedes-Benz Group AG,doc_16.txt_31
"Classic Cars
©",RELATED_TO,Mercedes-Benz,doc_16.txt_32
"Classic Cars
©",RELATED_TO,Digital Extras,doc_16.txt_32
"Classic Cars
©",RELATED_TO,"Mercedes-Benz Open Source
Whistleblower System",doc_16.txt_32
"Classic Cars
©",RELATED_TO,Mercedes,doc_16.txt_32
Mercedes-Benz,RELATED_TO,Digital Extras,doc_16.txt_32
Mercedes-Benz,RELATED_TO,"Mercedes-Benz Open Source
Whistleblower System",doc_16.txt_32
Mercedes-Benz,RELATED_TO,Mercedes,doc_16.txt_32
Digital Extras,RELATED_TO,"Mercedes-Benz Open Source
Whistleblower System",doc_16.txt_32
Digital Extras,RELATED_TO,Mercedes,doc_16.txt_32
"Mercedes-Benz Open Source
Whistleblower System",RELATED_TO,Mercedes,doc_16.txt_32
US,RELATED_TO,fed,doc_16.txt_33
US,RELATED_TO,Energy Attribute Certificates,doc_16.txt_33
US,RELATED_TO,Mercedes,doc_16.txt_33
fed,RELATED_TO,Energy Attribute Certificates,doc_16.txt_33
fed,RELATED_TO,Mercedes,doc_16.txt_33
Energy Attribute Certificates,RELATED_TO,Mercedes,doc_16.txt_33
WLTP,RELATED_TO,ECE,doc_16.txt_34
EC,RELATED_TO,NEDC,doc_16.txt_35
GM,RELATED_TO,PKW-EnVKV',doc_16.txt_37
GM,RELATED_TO,German,doc_16.txt_37
GM,RELATED_TO,Deutsche Automobil,doc_16.txt_37
GM,RELATED_TO,COâ,doc_16.txt_37
PKW-EnVKV',RELATED_TO,German,doc_16.txt_37
PKW-EnVKV',RELATED_TO,Deutsche Automobil,doc_16.txt_37
PKW-EnVKV',RELATED_TO,COâ,doc_16.txt_37
German,RELATED_TO,Deutsche Automobil,doc_16.txt_37
German,RELATED_TO,COâ,doc_16.txt_37
Deutsche Automobil,RELATED_TO,COâ,doc_16.txt_37
US,MANUFACTURES,the United States,doc_17.txt_1
US,MANUFACTURES,United States,doc_17.txt_1
US,MANUFACTURES,SEC,doc_17.txt_1
the United States,MANUFACTURES,United States,doc_17.txt_1
the United States,MANUFACTURES,SEC,doc_17.txt_1
United States,MANUFACTURES,SEC,doc_17.txt_1
EV,RELATED_TO,Clean Cities and Communities,doc_17.txt_9
EV,RELATED_TO,Incentives,doc_17.txt_9
EV,RELATED_TO,US,doc_17.txt_9
EV,RELATED_TO,Clean Vehicle Tax Credits,doc_17.txt_9
Clean Cities and Communities,RELATED_TO,Incentives,doc_17.txt_9
Clean Cities and Communities,RELATED_TO,US,doc_17.txt_9
Clean Cities and Communities,RELATED_TO,Clean Vehicle Tax Credits,doc_17.txt_9
Incentives,RELATED_TO,US,doc_17.txt_9
Incentives,RELATED_TO,Clean Vehicle Tax Credits,doc_17.txt_9
US,RELATED_TO,Clean Vehicle Tax Credits,doc_17.txt_9
US,RELATED_TO,EPA,doc_17.txt_13
US,RELATED_TO,Corolla,doc_17.txt_13
US,RELATED_TO,Corolla Hybrid,doc_17.txt_13
US,RELATED_TO,Toyota,doc_17.txt_13
EPA,RELATED_TO,Corolla,doc_17.txt_13
EPA,RELATED_TO,Corolla Hybrid,doc_17.txt_13
EPA,RELATED_TO,Toyota,doc_17.txt_13
Corolla,RELATED_TO,Corolla Hybrid,doc_17.txt_13
Corolla,RELATED_TO,Toyota,doc_17.txt_13
Corolla Hybrid,RELATED_TO,Toyota,doc_17.txt_13
US,RELATED_TO,EV,doc_17.txt_15
United States,MANUFACTURES,Clean Cities and Communities,doc_17.txt_17
United States,MANUFACTURES,US,doc_17.txt_17
United States,MANUFACTURES,the Alternative Fueling Station Locator,doc_17.txt_17
United States,MANUFACTURES,the United States,doc_17.txt_17
Clean Cities and Communities,MANUFACTURES,US,doc_17.txt_17
Clean Cities and Communities,MANUFACTURES,the Alternative Fueling Station Locator,doc_17.txt_17
Clean Cities and Communities,MANUFACTURES,the United States,doc_17.txt_17
US,MANUFACTURES,the Alternative Fueling Station Locator,doc_17.txt_17
US,MANUFACTURES,the United States,doc_17.txt_17
the Alternative Fueling Station Locator,MANUFACTURES,the United States,doc_17.txt_17
approximately 30%,RELATED_TO,SEC,doc_17.txt_20
approximately 30%,RELATED_TO,US,doc_17.txt_20
approximately 30%,RELATED_TO,EU,doc_17.txt_20
approximately 30%,RELATED_TO,U.S.,doc_17.txt_20
SEC,RELATED_TO,US,doc_17.txt_20
SEC,RELATED_TO,EU,doc_17.txt_20
SEC,RELATED_TO,U.S.,doc_17.txt_20
US,RELATED_TO,EU,doc_17.txt_20
US,RELATED_TO,U.S.,doc_17.txt_20
EU,RELATED_TO,U.S.,doc_17.txt_20
US,MANUFACTURES,the United States,doc_17.txt_22
US,MANUFACTURES,United States,doc_17.txt_22
the United States,MANUFACTURES,United States,doc_17.txt_22
US,RELATED_TO,EPA,doc_17.txt_23
US,RELATED_TO,Corolla,doc_17.txt_23
US,RELATED_TO,Corolla Hybrid,doc_17.txt_23
US,RELATED_TO,Toyota,doc_17.txt_23
EPA,RELATED_TO,Corolla,doc_17.txt_23
EPA,RELATED_TO,Corolla Hybrid,doc_17.txt_23
EPA,RELATED_TO,Toyota,doc_17.txt_23
Corolla,RELATED_TO,Corolla Hybrid,doc_17.txt_23
Corolla,RELATED_TO,Toyota,doc_17.txt_23
Corolla Hybrid,RELATED_TO,Toyota,doc_17.txt_23
US,RELATED_TO,EV,doc_17.txt_25
United States,MANUFACTURES,Clean Cities and Communities,doc_17.txt_27
United States,MANUFACTURES,US,doc_17.txt_27
United States,MANUFACTURES,the Alternative Fueling Station Locator,doc_17.txt_27
United States,MANUFACTURES,the United States,doc_17.txt_27
Clean Cities and Communities,MANUFACTURES,US,doc_17.txt_27
Clean Cities and Communities,MANUFACTURES,the Alternative Fueling Station Locator,doc_17.txt_27
Clean Cities and Communities,MANUFACTURES,the United States,doc_17.txt_27
US,MANUFACTURES,the Alternative Fueling Station Locator,doc_17.txt_27
US,MANUFACTURES,the United States,doc_17.txt_27
the Alternative Fueling Station Locator,MANUFACTURES,the United States,doc_17.txt_27
approximately 30%,RELATED_TO,SEC,doc_17.txt_29
approximately 30%,RELATED_TO,US,doc_17.txt_29
approximately 30%,RELATED_TO,EU,doc_17.txt_29
approximately 30%,RELATED_TO,U.S.,doc_17.txt_29
SEC,RELATED_TO,US,doc_17.txt_29
SEC,RELATED_TO,EU,doc_17.txt_29
SEC,RELATED_TO,U.S.,doc_17.txt_29
US,RELATED_TO,EU,doc_17.txt_29
US,RELATED_TO,U.S.,doc_17.txt_29
EU,RELATED_TO,U.S.,doc_17.txt_29
US,MANUFACTURES,the United States,doc_17.txt_31
US,MANUFACTURES,United States,doc_17.txt_31
the United States,MANUFACTURES,United States,doc_17.txt_31
"Gender
Climate Change
Access and Affordability
COP28: Tracking the Energy Outcomes
Net Zero Emissions",RELATED_TO,US,doc_18.txt_0
"Gender
Climate Change
Access and Affordability
COP28: Tracking the Energy Outcomes
Net Zero Emissions",RELATED_TO,SEC,doc_18.txt_0
"Gender
Climate Change
Access and Affordability
COP28: Tracking the Energy Outcomes
Net Zero Emissions",RELATED_TO,Ford,doc_18.txt_0
"Gender
Climate Change
Access and Affordability
COP28: Tracking the Energy Outcomes
Net Zero Emissions",RELATED_TO,"Fossil Fuels
Renewables
Electricity",doc_18.txt_0
US,RELATED_TO,SEC,doc_18.txt_0
US,RELATED_TO,Ford,doc_18.txt_0
US,RELATED_TO,"Fossil Fuels
Renewables
Electricity",doc_18.txt_0
SEC,RELATED_TO,Ford,doc_18.txt_0
SEC,RELATED_TO,"Fossil Fuels
Renewables
Electricity",doc_18.txt_0
Ford,RELATED_TO,"Fossil Fuels
Renewables
Electricity",doc_18.txt_0
IEA,RELATED_TO,"Chart Library
Access",doc_18.txt_1
IEA,RELATED_TO,IP,doc_18.txt_3
IEA,RELATED_TO,Connect,doc_18.txt_3
IP,RELATED_TO,Connect,doc_18.txt_3
US,RELATED_TO,IVT,doc_18.txt_4
US,RELATED_TO,WDS,doc_18.txt_4
US,RELATED_TO,Excel,doc_18.txt_4
US,RELATED_TO,CSV,doc_18.txt_4
IVT,RELATED_TO,WDS,doc_18.txt_4
IVT,RELATED_TO,Excel,doc_18.txt_4
IVT,RELATED_TO,CSV,doc_18.txt_4
WDS,RELATED_TO,Excel,doc_18.txt_4
WDS,RELATED_TO,CSV,doc_18.txt_4
Excel,RELATED_TO,CSV,doc_18.txt_4
US,RELATED_TO,SEC,doc_18.txt_6
EV,RELATED_TO,US,doc_18.txt_7
EV,RELATED_TO,CO2,doc_18.txt_7
EV,RELATED_TO,Europe,doc_18.txt_7
EV,RELATED_TO,China,doc_18.txt_7
US,RELATED_TO,CO2,doc_18.txt_7
US,RELATED_TO,Europe,doc_18.txt_7
US,RELATED_TO,China,doc_18.txt_7
CO2,RELATED_TO,Europe,doc_18.txt_7
CO2,RELATED_TO,China,doc_18.txt_7
Europe,RELATED_TO,China,doc_18.txt_7
over 15%,RELATED_TO,SEC,doc_18.txt_9
over 15%,RELATED_TO,18%,doc_18.txt_9
SEC,RELATED_TO,18%,doc_18.txt_9
US,RELATED_TO,the Net Zero Emissions,doc_18.txt_10
United States,RELATED_TO,Europe,doc_18.txt_11
United States,RELATED_TO,the United States,doc_18.txt_11
United States,RELATED_TO,China,doc_18.txt_11
United States,RELATED_TO,EU,doc_18.txt_11
Europe,RELATED_TO,the United States,doc_18.txt_11
Europe,RELATED_TO,China,doc_18.txt_11
Europe,RELATED_TO,EU,doc_18.txt_11
the United States,RELATED_TO,China,doc_18.txt_11
the United States,RELATED_TO,EU,doc_18.txt_11
China,RELATED_TO,EU,doc_18.txt_11
China,RELATED_TO,China,doc_18.txt_12
US,RELATED_TO,14%,doc_18.txt_13
US,RELATED_TO,around 18%,doc_18.txt_13
US,RELATED_TO,only 2%,doc_18.txt_13
US,RELATED_TO,35%,doc_18.txt_13
14%,RELATED_TO,around 18%,doc_18.txt_13
14%,RELATED_TO,only 2%,doc_18.txt_13
14%,RELATED_TO,35%,doc_18.txt_13
around 18%,RELATED_TO,only 2%,doc_18.txt_13
around 18%,RELATED_TO,35%,doc_18.txt_13
only 2%,RELATED_TO,35%,doc_18.txt_13
GM,RELATED_TO,23%,doc_18.txt_14
GM,RELATED_TO,around 65%,doc_18.txt_14
GM,RELATED_TO,US,doc_18.txt_14
GM,RELATED_TO,3% and,doc_18.txt_14
23%,RELATED_TO,around 65%,doc_18.txt_14
23%,RELATED_TO,US,doc_18.txt_14
23%,RELATED_TO,3% and,doc_18.txt_14
around 65%,RELATED_TO,US,doc_18.txt_14
around 65%,RELATED_TO,3% and,doc_18.txt_14
US,RELATED_TO,3% and,doc_18.txt_14
about 0.5%,RELATED_TO,EV,doc_18.txt_15
about 0.5%,RELATED_TO,US,doc_18.txt_15
about 0.5%,RELATED_TO,2 EJ,doc_18.txt_15
EV,RELATED_TO,US,doc_18.txt_15
EV,RELATED_TO,2 EJ,doc_18.txt_15
US,RELATED_TO,2 EJ,doc_18.txt_15
18 EJ,RELATED_TO,the NZE Scenario,doc_18.txt_16
18 EJ,RELATED_TO,over 90%,doc_18.txt_16
18 EJ,RELATED_TO,the NZE Scenario.,doc_18.txt_16
the NZE Scenario,RELATED_TO,over 90%,doc_18.txt_16
the NZE Scenario,RELATED_TO,the NZE Scenario.,doc_18.txt_16
over 90%,RELATED_TO,the NZE Scenario.,doc_18.txt_16
the NZE Scenario,RELATED_TO,over 25%,doc_18.txt_17
the NZE Scenario,RELATED_TO,over 90%,doc_18.txt_17
over 25%,RELATED_TO,over 90%,doc_18.txt_17
about 70%,MANUFACTURES,85%,doc_18.txt_18
the NZE Scenario,RELATED_TO,over 90%,doc_18.txt_19
the NZE Scenario,RELATED_TO,APS,doc_18.txt_19
over 90%,RELATED_TO,APS,doc_18.txt_19
the NZE Scenario,RELATED_TO,EV,doc_18.txt_21
LFP,RELATED_TO,DOE,doc_18.txt_22
LFP,RELATED_TO,over 40%,doc_18.txt_22
LFP,RELATED_TO,US,doc_18.txt_22
DOE,RELATED_TO,over 40%,doc_18.txt_22
DOE,RELATED_TO,US,doc_18.txt_22
over 40%,RELATED_TO,US,doc_18.txt_22
US,MANUFACTURES,up to 20%,doc_18.txt_23
about 70%,RELATED_TO,China,doc_18.txt_24
about 70%,RELATED_TO,more 40%,doc_18.txt_24
about 70%,RELATED_TO,China,doc_18.txt_24
China,RELATED_TO,more 40%,doc_18.txt_24
China,RELATED_TO,China,doc_18.txt_24
more 40%,RELATED_TO,China,doc_18.txt_24
US,RELATED_TO,SEC,doc_18.txt_25
US,RELATED_TO,Europe,doc_18.txt_25
US,RELATED_TO,EU,doc_18.txt_25
US,RELATED_TO,35%,doc_18.txt_25
SEC,RELATED_TO,Europe,doc_18.txt_25
SEC,RELATED_TO,EU,doc_18.txt_25
SEC,RELATED_TO,35%,doc_18.txt_25
Europe,RELATED_TO,EU,doc_18.txt_25
Europe,RELATED_TO,35%,doc_18.txt_25
EU,RELATED_TO,35%,doc_18.txt_25
around 23%,RELATED_TO,GHG,doc_18.txt_26
around 23%,RELATED_TO,US,doc_18.txt_26
around 23%,RELATED_TO,ZEV,doc_18.txt_26
GHG,RELATED_TO,US,doc_18.txt_26
GHG,RELATED_TO,ZEV,doc_18.txt_26
US,RELATED_TO,ZEV,doc_18.txt_26
United States,MANUFACTURES,EV,doc_18.txt_28
United States,MANUFACTURES,US,doc_18.txt_28
United States,MANUFACTURES,the European Union,doc_18.txt_28
United States,MANUFACTURES,Europe,doc_18.txt_28
EV,MANUFACTURES,US,doc_18.txt_28
EV,MANUFACTURES,the European Union,doc_18.txt_28
EV,MANUFACTURES,Europe,doc_18.txt_28
US,MANUFACTURES,the European Union,doc_18.txt_28
US,MANUFACTURES,Europe,doc_18.txt_28
the European Union,MANUFACTURES,Europe,doc_18.txt_28
USD,RELATED_TO,US,doc_18.txt_29
USD,RELATED_TO,275 billion,doc_18.txt_29
USD,RELATED_TO,190 billion,doc_18.txt_29
USD,RELATED_TO,USD,doc_18.txt_29
US,RELATED_TO,275 billion,doc_18.txt_29
US,RELATED_TO,190 billion,doc_18.txt_29
US,RELATED_TO,USD,doc_18.txt_29
275 billion,RELATED_TO,190 billion,doc_18.txt_29
275 billion,RELATED_TO,USD,doc_18.txt_29
190 billion,RELATED_TO,USD,doc_18.txt_29
US,RELATED_TO,EV,doc_18.txt_34
EV,MANUFACTURES,over 90%,doc_18.txt_36
EV,MANUFACTURES,between 42% and 58%,doc_18.txt_36
over 90%,MANUFACTURES,between 42% and 58%,doc_18.txt_36
almost 45%,RELATED_TO,STEPS,doc_18.txt_37
almost 45%,RELATED_TO,almost 50%,doc_18.txt_37
almost 45%,RELATED_TO,APS,doc_18.txt_37
STEPS,RELATED_TO,almost 50%,doc_18.txt_37
STEPS,RELATED_TO,APS,doc_18.txt_37
almost 50%,RELATED_TO,APS,doc_18.txt_37
70% to 80%,MANUFACTURES,"Europe
Group
Suzuki",doc_18.txt_38
70% to 80%,MANUFACTURES,United States,doc_18.txt_38
70% to 80%,MANUFACTURES,50% to 55%,doc_18.txt_38
70% to 80%,MANUFACTURES,United States,doc_18.txt_38
"Europe
Group
Suzuki",MANUFACTURES,United States,doc_18.txt_38
"Europe
Group
Suzuki",MANUFACTURES,50% to 55%,doc_18.txt_38
"Europe
Group
Suzuki",MANUFACTURES,United States,doc_18.txt_38
United States,MANUFACTURES,50% to 55%,doc_18.txt_38
United States,MANUFACTURES,United States,doc_18.txt_38
50% to 55%,MANUFACTURES,United States,doc_18.txt_38
"Europe
Group
Suzuki
Presented",MANUFACTURES,80%,doc_18.txt_39
"Europe
Group
Suzuki
Presented",MANUFACTURES,"India
Group
Suzuki
Presented",doc_18.txt_39
"Europe
Group
Suzuki
Presented",MANUFACTURES,50%,doc_18.txt_39
"Europe
Group
Suzuki
Presented",MANUFACTURES,Kia,doc_18.txt_39
80%,MANUFACTURES,"India
Group
Suzuki
Presented",doc_18.txt_39
80%,MANUFACTURES,50%,doc_18.txt_39
80%,MANUFACTURES,Kia,doc_18.txt_39
"India
Group
Suzuki
Presented",MANUFACTURES,50%,doc_18.txt_39
"India
Group
Suzuki
Presented",MANUFACTURES,Kia,doc_18.txt_39
50%,MANUFACTURES,Kia,doc_18.txt_39
40% to 50%,MANUFACTURES,EV,doc_18.txt_40
40% to 50%,MANUFACTURES,Kia,doc_18.txt_40
40% to 50%,MANUFACTURES,50%,doc_18.txt_40
40% to 50%,MANUFACTURES,"Global
Group",doc_18.txt_40
EV,MANUFACTURES,Kia,doc_18.txt_40
EV,MANUFACTURES,50%,doc_18.txt_40
EV,MANUFACTURES,"Global
Group",doc_18.txt_40
Kia,MANUFACTURES,50%,doc_18.txt_40
Kia,MANUFACTURES,"Global
Group",doc_18.txt_40
50%,MANUFACTURES,"Global
Group",doc_18.txt_40
US,RELATED_TO,EU,doc_18.txt_41
US,RELATED_TO,EV,doc_18.txt_41
EU,RELATED_TO,EV,doc_18.txt_41
US,RELATED_TO,SEC,doc_18.txt_43
US,RELATED_TO,CO2,doc_18.txt_43
US,RELATED_TO,ZEV,doc_18.txt_43
SEC,RELATED_TO,CO2,doc_18.txt_43
SEC,RELATED_TO,ZEV,doc_18.txt_43
CO2,RELATED_TO,ZEV,doc_18.txt_43
US,RELATED_TO,EV,doc_18.txt_44
US,RELATED_TO,EV,doc_18.txt_49
Interactive,RELATED_TO,G20,doc_18.txt_52
Interactive,RELATED_TO,Family,doc_18.txt_52
G20,RELATED_TO,Family,doc_18.txt_52
IEA,RELATED_TO,Ford,doc_18.txt_53
US,RELATED_TO,Quantify,doc_18.txt_55
US,RELATED_TO,Promoting,doc_18.txt_57
Global EV Outlook,RELATED_TO,IEA,doc_18.txt_61
Global EV Outlook,RELATED_TO,"Elizabeth Connelly


Contributors",doc_18.txt_61
IEA,RELATED_TO,"Elizabeth Connelly


Contributors",doc_18.txt_61
IEA,RELATED_TO,"Elizabeth Connelly


Contributors",doc_18.txt_62
NASDAQ,PARTNERS_WITH,EV,doc_19.txt_1
NASDAQ,PARTNERS_WITH,US,doc_19.txt_1
NASDAQ,PARTNERS_WITH,REE Automotive Ltd.,doc_19.txt_1
NASDAQ,PARTNERS_WITH,TEL-AVIV,doc_19.txt_1
EV,PARTNERS_WITH,US,doc_19.txt_1
EV,PARTNERS_WITH,REE Automotive Ltd.,doc_19.txt_1
EV,PARTNERS_WITH,TEL-AVIV,doc_19.txt_1
US,PARTNERS_WITH,REE Automotive Ltd.,doc_19.txt_1
US,PARTNERS_WITH,TEL-AVIV,doc_19.txt_1
REE Automotive Ltd.,PARTNERS_WITH,TEL-AVIV,doc_19.txt_1
US,LED_BY,Daniel Barel,doc_19.txt_2
US,LED_BY,REE’s Co-Founder,doc_19.txt_2
Daniel Barel,LED_BY,REE’s Co-Founder,doc_19.txt_2
REEcornerTM,RELATED_TO,Powered,doc_19.txt_4
REEcornerTM,PARTNERS_WITH,GM,doc_19.txt_5
REEcornerTM,PARTNERS_WITH,US,doc_19.txt_5
GM,PARTNERS_WITH,US,doc_19.txt_5
US,RELATED_TO,REEcornerTM,doc_19.txt_7
US,PARTNERS_WITH,EV,doc_19.txt_8
Company,RELATED_TO,REE,doc_19.txt_9
P7,RELATED_TO,US,doc_19.txt_13
P7,RELATED_TO,up to 35%,doc_19.txt_13
US,RELATED_TO,up to 35%,doc_19.txt_13
P7,RELATED_TO,US,doc_19.txt_14
P7,RELATED_TO,Company,doc_19.txt_14
P7,RELATED_TO,Europe,doc_19.txt_14
P7,RELATED_TO,EU,doc_19.txt_14
US,RELATED_TO,Company,doc_19.txt_14
US,RELATED_TO,Europe,doc_19.txt_14
US,RELATED_TO,EU,doc_19.txt_14
Company,RELATED_TO,Europe,doc_19.txt_14
Company,RELATED_TO,EU,doc_19.txt_14
Europe,RELATED_TO,EU,doc_19.txt_14
REEcorner,PARTNERS_WITH,EPA,doc_19.txt_15
REEcorner,PARTNERS_WITH,Leading Logistics Company,doc_19.txt_15
EPA,PARTNERS_WITH,Leading Logistics Company,doc_19.txt_15
J.B. Poindexter,RELATED_TO,U.S.,doc_19.txt_16
J.B. Poindexter,RELATED_TO,US,doc_19.txt_16
J.B. Poindexter,RELATED_TO,"Leading Logistics Company 
One P7",doc_19.txt_16
U.S.,RELATED_TO,US,doc_19.txt_16
U.S.,RELATED_TO,"Leading Logistics Company 
One P7",doc_19.txt_16
US,RELATED_TO,"Leading Logistics Company 
One P7",doc_19.txt_16
EV,PARTNERS_WITH,Morgan Olson,doc_19.txt_17
EV,PARTNERS_WITH,US,doc_19.txt_17
EV,PARTNERS_WITH,J.B. Poindexter,doc_19.txt_17
EV,PARTNERS_WITH,North American,doc_19.txt_17
Morgan Olson,PARTNERS_WITH,US,doc_19.txt_17
Morgan Olson,PARTNERS_WITH,J.B. Poindexter,doc_19.txt_17
Morgan Olson,PARTNERS_WITH,North American,doc_19.txt_17
US,PARTNERS_WITH,J.B. Poindexter,doc_19.txt_17
US,PARTNERS_WITH,North American,doc_19.txt_17
J.B. Poindexter,PARTNERS_WITH,North American,doc_19.txt_17
EV,RELATED_TO,US,doc_19.txt_18
EV,RELATED_TO,Canada,doc_19.txt_18
EV,RELATED_TO,P7,doc_19.txt_18
EV,RELATED_TO,U.S.,doc_19.txt_18
US,RELATED_TO,Canada,doc_19.txt_18
US,RELATED_TO,P7,doc_19.txt_18
US,RELATED_TO,U.S.,doc_19.txt_18
Canada,RELATED_TO,P7,doc_19.txt_18
Canada,RELATED_TO,U.S.,doc_19.txt_18
P7,RELATED_TO,U.S.,doc_19.txt_18
P7,PARTNERS_WITH,Navya,doc_19.txt_19
P7,PARTNERS_WITH,US,doc_19.txt_19
P7,PARTNERS_WITH,L4,doc_19.txt_19
Navya,PARTNERS_WITH,US,doc_19.txt_19
Navya,PARTNERS_WITH,L4,doc_19.txt_19
US,PARTNERS_WITH,L4,doc_19.txt_19
"Hitachi America, Ltd",PARTNERS_WITH,Brembo,doc_19.txt_20
"Hitachi America, Ltd",PARTNERS_WITH,US,doc_19.txt_20
"Hitachi America, Ltd",PARTNERS_WITH,American Axle & Manufacturing,doc_19.txt_20
Brembo,PARTNERS_WITH,US,doc_19.txt_20
Brembo,PARTNERS_WITH,American Axle & Manufacturing,doc_19.txt_20
US,PARTNERS_WITH,American Axle & Manufacturing,doc_19.txt_20
REEcorner,RELATED_TO,Hino Motors,doc_19.txt_23
REEcorner,RELATED_TO,Las Vegas,doc_19.txt_23
REEcorner,RELATED_TO,US,doc_19.txt_23
REEcorner,RELATED_TO,EV,doc_19.txt_23
Hino Motors,RELATED_TO,Las Vegas,doc_19.txt_23
Hino Motors,RELATED_TO,US,doc_19.txt_23
Hino Motors,RELATED_TO,EV,doc_19.txt_23
Las Vegas,RELATED_TO,US,doc_19.txt_23
Las Vegas,RELATED_TO,EV,doc_19.txt_23
US,RELATED_TO,EV,doc_19.txt_23
US,RELATED_TO,EPA,doc_19.txt_24
US,RELATED_TO,EV,doc_19.txt_24
US,RELATED_TO,The Mobility Service Module,doc_19.txt_24
US,RELATED_TO,FlatFormer,doc_19.txt_24
EPA,RELATED_TO,EV,doc_19.txt_24
EPA,RELATED_TO,The Mobility Service Module,doc_19.txt_24
EPA,RELATED_TO,FlatFormer,doc_19.txt_24
EV,RELATED_TO,The Mobility Service Module,doc_19.txt_24
EV,RELATED_TO,FlatFormer,doc_19.txt_24
The Mobility Service Module,RELATED_TO,FlatFormer,doc_19.txt_24
Hino,MANUFACTURES,FlatFormer,doc_19.txt_25
US,RELATED_TO,Company,doc_19.txt_26
US,RELATED_TO,EV,doc_19.txt_26
Company,RELATED_TO,EV,doc_19.txt_26
US,PARTNERS_WITH,Magna International,doc_19.txt_29
US,PARTNERS_WITH,SEC,doc_19.txt_29
US,PARTNERS_WITH,Mobility,doc_19.txt_29
Magna International,PARTNERS_WITH,SEC,doc_19.txt_29
Magna International,PARTNERS_WITH,Mobility,doc_19.txt_29
SEC,PARTNERS_WITH,Mobility,doc_19.txt_29
"Hitachi America, Ltd.",PARTNERS_WITH,"Hitachi, Ltd",doc_19.txt_31
"Hitachi America, Ltd.",PARTNERS_WITH,Hitachi,doc_19.txt_31
"Hitachi America, Ltd.",PARTNERS_WITH,REE,doc_19.txt_31
"Hitachi, Ltd",PARTNERS_WITH,Hitachi,doc_19.txt_31
"Hitachi, Ltd",PARTNERS_WITH,REE,doc_19.txt_31
Hitachi,PARTNERS_WITH,REE,doc_19.txt_31
REE,RELATED_TO,Hitachi,doc_19.txt_32
REE,RELATED_TO,EV,doc_19.txt_32
REE,RELATED_TO,US,doc_19.txt_32
Hitachi,RELATED_TO,EV,doc_19.txt_32
Hitachi,RELATED_TO,US,doc_19.txt_32
EV,RELATED_TO,US,doc_19.txt_32
P7,PARTNERS_WITH,US,doc_19.txt_35
P7,PARTNERS_WITH,CES,doc_19.txt_35
P7,PARTNERS_WITH,AAM,doc_19.txt_35
P7,PARTNERS_WITH,EDU,doc_19.txt_35
US,PARTNERS_WITH,CES,doc_19.txt_35
US,PARTNERS_WITH,AAM,doc_19.txt_35
US,PARTNERS_WITH,EDU,doc_19.txt_35
CES,PARTNERS_WITH,AAM,doc_19.txt_35
CES,PARTNERS_WITH,EDU,doc_19.txt_35
AAM,PARTNERS_WITH,EDU,doc_19.txt_35
P7,RELATED_TO,EV,doc_19.txt_37
P7,RELATED_TO,US,doc_19.txt_37
EV,RELATED_TO,US,doc_19.txt_37
REEcorner,INVESTED_IN,EV,doc_19.txt_38
REEcorner,INVESTED_IN,US,doc_19.txt_38
REEcorner,INVESTED_IN,The Engineering Center,doc_19.txt_38
REEcorner,INVESTED_IN,REE,doc_19.txt_38
EV,INVESTED_IN,US,doc_19.txt_38
EV,INVESTED_IN,The Engineering Center,doc_19.txt_38
EV,INVESTED_IN,REE,doc_19.txt_38
US,INVESTED_IN,The Engineering Center,doc_19.txt_38
US,INVESTED_IN,REE,doc_19.txt_38
The Engineering Center,INVESTED_IN,REE,doc_19.txt_38
first Integration Center,MANUFACTURES,TX,doc_19.txt_39
first Integration Center,MANUFACTURES,Integration Center,doc_19.txt_39
first Integration Center,MANUFACTURES,US,doc_19.txt_39
first Integration Center,MANUFACTURES,Coventry,doc_19.txt_39
TX,MANUFACTURES,Integration Center,doc_19.txt_39
TX,MANUFACTURES,US,doc_19.txt_39
TX,MANUFACTURES,Coventry,doc_19.txt_39
Integration Center,MANUFACTURES,US,doc_19.txt_39
Integration Center,MANUFACTURES,Coventry,doc_19.txt_39
US,MANUFACTURES,Coventry,doc_19.txt_39
REE’s CapEx-light,RELATED_TO,Integration Centers,doc_19.txt_41
US,INVESTED_IN,Company,doc_19.txt_42
SEC,INVESTED_IN,the REE Automotive Fourth Quarter 2021 Earnings Conference Call,doc_19.txt_43
US,MANUFACTURES,Company,doc_19.txt_46
US,RELATED_TO,Company,doc_19.txt_47
EPA,INVESTED_IN,Company,doc_19.txt_50
EPA,INVESTED_IN,US,doc_19.txt_50
Company,INVESTED_IN,US,doc_19.txt_50
Uber,INVESTED_IN,Unaudited,doc_19.txt_51
Uber,INVESTED_IN,US,doc_19.txt_51
Unaudited,INVESTED_IN,US,doc_19.txt_51
CONDENSED,RELATED_TO,Unaudited,doc_19.txt_52
CONDENSED,RELATED_TO,US,doc_19.txt_52
CONDENSED,RELATED_TO,U.S.,doc_19.txt_52
Unaudited,RELATED_TO,US,doc_19.txt_52
Unaudited,RELATED_TO,U.S.,doc_19.txt_52
US,RELATED_TO,U.S.,doc_19.txt_52
REEcorner,RELATED_TO,US,doc_19.txt_55
REEcorner,RELATED_TO,EV,doc_19.txt_55
US,RELATED_TO,EV,doc_19.txt_55
US,RELATED_TO,ADAS,doc_19.txt_56
US,RELATED_TO,TCO,doc_19.txt_56
ADAS,RELATED_TO,TCO,doc_19.txt_56
CapEx,LOCATED_IN,Israel,doc_19.txt_57
CapEx,LOCATED_IN,USA,doc_19.txt_57
CapEx,LOCATED_IN,US,doc_19.txt_57
CapEx,LOCATED_IN,Germany,doc_19.txt_57
Israel,LOCATED_IN,USA,doc_19.txt_57
Israel,LOCATED_IN,US,doc_19.txt_57
Israel,LOCATED_IN,Germany,doc_19.txt_57
USA,LOCATED_IN,US,doc_19.txt_57
USA,LOCATED_IN,Germany,doc_19.txt_57
US,LOCATED_IN,Germany,doc_19.txt_57
US,RELATED_TO,SEC,doc_19.txt_58
US,RELATED_TO,the Private Securities Litigation Reform Act,doc_19.txt_58
SEC,RELATED_TO,the Private Securities Litigation Reform Act,doc_19.txt_58
US,RELATED_TO,Company,doc_19.txt_59
US,RELATED_TO,REE,doc_19.txt_59
Company,RELATED_TO,REE,doc_19.txt_59
US,RELATED_TO,Tier 1,doc_19.txt_62
Tier 1,RELATED_TO,UK Engineering Center of Excellence,doc_19.txt_63
Company,COMPETES_WITH,COVID-19,doc_19.txt_64
Company,COMPETES_WITH,Israeli,doc_19.txt_64
Company,COMPETES_WITH,Israel,doc_19.txt_64
COVID-19,COMPETES_WITH,Israeli,doc_19.txt_64
COVID-19,COMPETES_WITH,Israel,doc_19.txt_64
Israeli,COMPETES_WITH,Israel,doc_19.txt_64
SEC,RELATED_TO,COVID-19,doc_19.txt_65
US,RELATED_TO,SEC,doc_19.txt_66
US,RELATED_TO,U.S,doc_19.txt_66
SEC,RELATED_TO,U.S,doc_19.txt_66
US,RELATED_TO,SEC,doc_19.txt_67
US,RELATED_TO,Securities and Exchange Commission,doc_19.txt_67
SEC,RELATED_TO,Securities and Exchange Commission,doc_19.txt_67
7.3%,ACQUIRED,EV,doc_2.txt_0
7.3%,ACQUIRED,Kelley Blue Book,doc_2.txt_0
7.3%,ACQUIRED,Americans,doc_2.txt_0
7.3%,ACQUIRED,U.S.,doc_2.txt_0
EV,ACQUIRED,Kelley Blue Book,doc_2.txt_0
EV,ACQUIRED,Americans,doc_2.txt_0
EV,ACQUIRED,U.S.,doc_2.txt_0
Kelley Blue Book,ACQUIRED,Americans,doc_2.txt_0
Kelley Blue Book,ACQUIRED,U.S.,doc_2.txt_0
Americans,ACQUIRED,U.S.,doc_2.txt_0
EV,RELATED_TO,2.6%,doc_2.txt_1
EV,RELATED_TO,46.4%,doc_2.txt_1
EV,RELATED_TO,US,doc_2.txt_1
EV,RELATED_TO,U.S.,doc_2.txt_1
2.6%,RELATED_TO,46.4%,doc_2.txt_1
2.6%,RELATED_TO,US,doc_2.txt_1
2.6%,RELATED_TO,U.S.,doc_2.txt_1
46.4%,RELATED_TO,US,doc_2.txt_1
46.4%,RELATED_TO,U.S.,doc_2.txt_1
US,RELATED_TO,U.S.,doc_2.txt_1
US,RELATED_TO,Stephanie Valdez Streaty,doc_2.txt_2
US,RELATED_TO,U.S.,doc_2.txt_2
Stephanie Valdez Streaty,RELATED_TO,U.S.,doc_2.txt_2
Tesla,RELATED_TO,over 50%,doc_2.txt_3
Tesla,RELATED_TO,EV,doc_2.txt_3
Tesla,RELATED_TO,US,doc_2.txt_3
over 50%,RELATED_TO,EV,doc_2.txt_3
over 50%,RELATED_TO,US,doc_2.txt_3
EV,RELATED_TO,US,doc_2.txt_3
Tesla,RELATED_TO,GM,doc_2.txt_4
Tesla,RELATED_TO,EV,doc_2.txt_4
Tesla,RELATED_TO,Tesla,doc_2.txt_4
GM,RELATED_TO,EV,doc_2.txt_4
GM,RELATED_TO,Tesla,doc_2.txt_4
EV,RELATED_TO,Tesla,doc_2.txt_4
more than 50%,MANUFACTURES,US,doc_2.txt_5
more than 50%,MANUFACTURES,Mercedes,doc_2.txt_5
more than 50%,MANUFACTURES,Kia,doc_2.txt_5
more than 50%,MANUFACTURES,Tesla,doc_2.txt_5
US,MANUFACTURES,Mercedes,doc_2.txt_5
US,MANUFACTURES,Kia,doc_2.txt_5
US,MANUFACTURES,Tesla,doc_2.txt_5
Mercedes,MANUFACTURES,Kia,doc_2.txt_5
Mercedes,MANUFACTURES,Tesla,doc_2.txt_5
Kia,MANUFACTURES,Tesla,doc_2.txt_5
EV,RELATED_TO,3.8%,doc_2.txt_6
EV,RELATED_TO,roughly 13.5%,doc_2.txt_6
EV,RELATED_TO,"55,167",doc_2.txt_6
EV,RELATED_TO,9.0%,doc_2.txt_6
3.8%,RELATED_TO,roughly 13.5%,doc_2.txt_6
3.8%,RELATED_TO,"55,167",doc_2.txt_6
3.8%,RELATED_TO,9.0%,doc_2.txt_6
roughly 13.5%,RELATED_TO,"55,167",doc_2.txt_6
roughly 13.5%,RELATED_TO,9.0%,doc_2.txt_6
"55,167",RELATED_TO,9.0%,doc_2.txt_6
Tesla,MANUFACTURES,"7,500",doc_2.txt_7
Tesla,MANUFACTURES,roughly 27%,doc_2.txt_7
"7,500",MANUFACTURES,roughly 27%,doc_2.txt_7
EV,MANUFACTURES,66.9%,doc_2.txt_8
EV,MANUFACTURES,Audi,doc_2.txt_8
EV,MANUFACTURES,US,doc_2.txt_8
EV,MANUFACTURES,Cadillac,doc_2.txt_8
66.9%,MANUFACTURES,Audi,doc_2.txt_8
66.9%,MANUFACTURES,US,doc_2.txt_8
66.9%,MANUFACTURES,Cadillac,doc_2.txt_8
Audi,MANUFACTURES,US,doc_2.txt_8
Audi,MANUFACTURES,Cadillac,doc_2.txt_8
US,MANUFACTURES,Cadillac,doc_2.txt_8
EV,RELATED_TO,US,doc_2.txt_9
EV,RELATED_TO,SEC,doc_2.txt_9
EV,RELATED_TO,Ford,doc_2.txt_9
EV,RELATED_TO,64.3%,doc_2.txt_9
US,RELATED_TO,SEC,doc_2.txt_9
US,RELATED_TO,Ford,doc_2.txt_9
US,RELATED_TO,64.3%,doc_2.txt_9
SEC,RELATED_TO,Ford,doc_2.txt_9
SEC,RELATED_TO,64.3%,doc_2.txt_9
Ford,RELATED_TO,64.3%,doc_2.txt_9
7.3%,RELATED_TO,roughly 10%,doc_2.txt_10
7.3%,RELATED_TO,EV,doc_2.txt_10
7.3%,RELATED_TO,U.S.,doc_2.txt_10
roughly 10%,RELATED_TO,EV,doc_2.txt_10
roughly 10%,RELATED_TO,U.S.,doc_2.txt_10
EV,RELATED_TO,U.S.,doc_2.txt_10
US,RELATED_TO,PHOENIX,doc_20.txt_1
US,RELATED_TO,Nikola Corporation,doc_20.txt_1
US,RELATED_TO,NKLA,doc_20.txt_1
PHOENIX,RELATED_TO,Nikola Corporation,doc_20.txt_1
PHOENIX,RELATED_TO,NKLA,doc_20.txt_1
Nikola Corporation,RELATED_TO,NKLA,doc_20.txt_1
US,RELATED_TO,HYLA,doc_20.txt_2
US,RELATED_TO,North American,doc_20.txt_2
US,RELATED_TO,Michael Lohscheller,doc_20.txt_2
US,RELATED_TO,Nikola,doc_20.txt_2
HYLA,RELATED_TO,North American,doc_20.txt_2
HYLA,RELATED_TO,Michael Lohscheller,doc_20.txt_2
HYLA,RELATED_TO,Nikola,doc_20.txt_2
North American,RELATED_TO,Michael Lohscheller,doc_20.txt_2
North American,RELATED_TO,Nikola,doc_20.txt_2
Michael Lohscheller,RELATED_TO,Nikola,doc_20.txt_2
US,RELATED_TO,Strategic Refocus,doc_20.txt_3
US,RELATED_TO,Nikola’s Core BusinessWe,doc_20.txt_3
US,RELATED_TO,Lohscheller,doc_20.txt_3
US,RELATED_TO,HYLA,doc_20.txt_3
Strategic Refocus,RELATED_TO,Nikola’s Core BusinessWe,doc_20.txt_3
Strategic Refocus,RELATED_TO,Lohscheller,doc_20.txt_3
Strategic Refocus,RELATED_TO,HYLA,doc_20.txt_3
Nikola’s Core BusinessWe,RELATED_TO,Lohscheller,doc_20.txt_3
Nikola’s Core BusinessWe,RELATED_TO,HYLA,doc_20.txt_3
Lohscheller,RELATED_TO,HYLA,doc_20.txt_3
US,MANUFACTURES,$35 million,doc_20.txt_4
US,MANUFACTURES,Europe,doc_20.txt_4
US,MANUFACTURES,EU,doc_20.txt_4
US,MANUFACTURES,Iveco Group,doc_20.txt_4
$35 million,MANUFACTURES,Europe,doc_20.txt_4
$35 million,MANUFACTURES,EU,doc_20.txt_4
$35 million,MANUFACTURES,Iveco Group,doc_20.txt_4
Europe,MANUFACTURES,EU,doc_20.txt_4
Europe,MANUFACTURES,Iveco Group,doc_20.txt_4
EU,MANUFACTURES,Iveco Group,doc_20.txt_4
US,RELATED_TO,Iveco,doc_20.txt_5
Washington,RELATED_TO,Colorado,doc_20.txt_6
Washington,RELATED_TO,New Jersey,doc_20.txt_6
Washington,RELATED_TO,New York,doc_20.txt_6
Washington,RELATED_TO,U.S.,doc_20.txt_6
Colorado,RELATED_TO,New Jersey,doc_20.txt_6
Colorado,RELATED_TO,New York,doc_20.txt_6
Colorado,RELATED_TO,U.S.,doc_20.txt_6
New Jersey,RELATED_TO,New York,doc_20.txt_6
New Jersey,RELATED_TO,U.S.,doc_20.txt_6
New York,RELATED_TO,U.S.,doc_20.txt_6
California,RELATED_TO,the California Air Resources Board,doc_20.txt_7
US,INVESTED_IN,Voltera Power,doc_20.txt_9
US,INVESTED_IN,HYLA,doc_20.txt_9
US,INVESTED_IN,EQT,doc_20.txt_9
US,INVESTED_IN,Nikola,doc_20.txt_9
Voltera Power,INVESTED_IN,HYLA,doc_20.txt_9
Voltera Power,INVESTED_IN,EQT,doc_20.txt_9
Voltera Power,INVESTED_IN,Nikola,doc_20.txt_9
HYLA,INVESTED_IN,EQT,doc_20.txt_9
HYLA,INVESTED_IN,Nikola,doc_20.txt_9
EQT,INVESTED_IN,Nikola,doc_20.txt_9
Fortescue Future Industries,RELATED_TO,US,doc_20.txt_11
Fortescue Future Industries,RELATED_TO,EPA,doc_20.txt_11
Fortescue Future Industries,RELATED_TO,PHH,doc_20.txt_11
Fortescue Future Industries,RELATED_TO,U.S.,doc_20.txt_11
US,RELATED_TO,EPA,doc_20.txt_11
US,RELATED_TO,PHH,doc_20.txt_11
US,RELATED_TO,U.S.,doc_20.txt_11
EPA,RELATED_TO,PHH,doc_20.txt_11
EPA,RELATED_TO,U.S.,doc_20.txt_11
PHH,RELATED_TO,U.S.,doc_20.txt_11
US,RELATED_TO,Nikola Tre Hydrogen Fuel Cell DevelopmentWe,doc_20.txt_13
US,RELATED_TO,HYLA,doc_20.txt_13
Nikola Tre Hydrogen Fuel Cell DevelopmentWe,RELATED_TO,HYLA,doc_20.txt_13
United States,MANUFACTURES,Nikola Tre Battery Electric CommercializationDuring,doc_20.txt_15
United States,MANUFACTURES,Linde,doc_20.txt_15
United States,MANUFACTURES,"Biagi Bros, Walmart,",doc_20.txt_15
United States,MANUFACTURES,AJR Trucking,doc_20.txt_15
Nikola Tre Battery Electric CommercializationDuring,MANUFACTURES,Linde,doc_20.txt_15
Nikola Tre Battery Electric CommercializationDuring,MANUFACTURES,"Biagi Bros, Walmart,",doc_20.txt_15
Nikola Tre Battery Electric CommercializationDuring,MANUFACTURES,AJR Trucking,doc_20.txt_15
Linde,MANUFACTURES,"Biagi Bros, Walmart,",doc_20.txt_15
Linde,MANUFACTURES,AJR Trucking,doc_20.txt_15
"Biagi Bros, Walmart,",MANUFACTURES,AJR Trucking,doc_20.txt_15
US,RELATED_TO,Coolidge,doc_20.txt_16
Arizona Manufacturing FacilityIn Coolidge,RELATED_TO,EU,doc_20.txt_17
Arizona Manufacturing FacilityIn Coolidge,RELATED_TO,Coolidge,doc_20.txt_17
Arizona Manufacturing FacilityIn Coolidge,RELATED_TO,Phase 2,doc_20.txt_17
Arizona Manufacturing FacilityIn Coolidge,RELATED_TO,Tre,doc_20.txt_17
EU,RELATED_TO,Coolidge,doc_20.txt_17
EU,RELATED_TO,Phase 2,doc_20.txt_17
EU,RELATED_TO,Tre,doc_20.txt_17
Coolidge,RELATED_TO,Phase 2,doc_20.txt_17
Coolidge,RELATED_TO,Tre,doc_20.txt_17
Phase 2,RELATED_TO,Tre,doc_20.txt_17
Bosch Fuel Cell Power Module,RELATED_TO,Coolidge,doc_20.txt_19
US,RELATED_TO,the United States,doc_20.txt_20
US,RELATED_TO,United States,doc_20.txt_20
the United States,RELATED_TO,United States,doc_20.txt_20
US,INVESTED_IN,Nikola CorporationNikola Corporation,doc_20.txt_21
Arizona,LOCATED_IN,Phoenix,doc_20.txt_22
Arizona,LOCATED_IN,HYLA,doc_20.txt_22
Arizona,LOCATED_IN,Nikola Corporation,doc_20.txt_22
Arizona,LOCATED_IN,Nikola,doc_20.txt_22
Phoenix,LOCATED_IN,HYLA,doc_20.txt_22
Phoenix,LOCATED_IN,Nikola Corporation,doc_20.txt_22
Phoenix,LOCATED_IN,Nikola,doc_20.txt_22
HYLA,LOCATED_IN,Nikola Corporation,doc_20.txt_22
HYLA,LOCATED_IN,Nikola,doc_20.txt_22
Nikola Corporation,LOCATED_IN,Nikola,doc_20.txt_22
SEC,RELATED_TO,Company,doc_20.txt_23
SEC,RELATED_TO,HYLA,doc_20.txt_23
SEC,RELATED_TO,Nikola Corporation,doc_20.txt_23
Company,RELATED_TO,HYLA,doc_20.txt_23
Company,RELATED_TO,Nikola Corporation,doc_20.txt_23
HYLA,RELATED_TO,Nikola Corporation,doc_20.txt_23
US,PARTNERS_WITH,Company,doc_20.txt_24
US,PARTNERS_WITH,HYLA,doc_20.txt_24
Company,PARTNERS_WITH,HYLA,doc_20.txt_24
US,RELATED_TO,Company,doc_20.txt_27
US,RELATED_TO,COVID-19,doc_20.txt_27
Company,RELATED_TO,COVID-19,doc_20.txt_27
US,RELATED_TO,Company,doc_20.txt_29
US,RELATED_TO,Romeo,doc_20.txt_29
Company,RELATED_TO,Romeo,doc_20.txt_29
US,RELATED_TO,Company,doc_20.txt_30
US,RELATED_TO,SEC,doc_20.txt_31
US,RELATED_TO,the “Risk Factors,doc_20.txt_31
US,RELATED_TO,Company,doc_20.txt_31
SEC,RELATED_TO,the “Risk Factors,doc_20.txt_31
SEC,RELATED_TO,Company,doc_20.txt_31
the “Risk Factors,RELATED_TO,Company,doc_20.txt_31
US,RELATED_TO,DOE,doc_20.txt_33
the United States,RELATED_TO,EPA,doc_20.txt_36
the United States,RELATED_TO,United States,doc_20.txt_36
EPA,RELATED_TO,United States,doc_20.txt_36
US,RELATED_TO,Company,doc_20.txt_38
U.S.,RELATED_TO,CADSI,doc_21.txt_0
U.S.,RELATED_TO,Cox Automotive Dealer Sentiment Index,doc_21.txt_0
U.S.,RELATED_TO,ATLANTA,doc_21.txt_0
CADSI,RELATED_TO,Cox Automotive Dealer Sentiment Index,doc_21.txt_0
CADSI,RELATED_TO,ATLANTA,doc_21.txt_0
Cox Automotive Dealer Sentiment Index,RELATED_TO,ATLANTA,doc_21.txt_0
US,RELATED_TO,SEC,doc_21.txt_1
US,RELATED_TO,Jonathan Smoke,doc_21.txt_2
US,RELATED_TO,CADSI,doc_21.txt_3
US,RELATED_TO,Smoke,doc_21.txt_4
Q2,RELATED_TO,SEC,doc_21.txt_8
US,RELATED_TO,SEC,doc_21.txt_11
US,RELATED_TO,DOE,doc_21.txt_12
US,RELATED_TO,Market Conditions,doc_21.txt_17
US,RELATED_TO,U.S.,doc_21.txt_17
US,RELATED_TO,Political Climate,doc_21.txt_17
Market Conditions,RELATED_TO,U.S.,doc_21.txt_17
Market Conditions,RELATED_TO,Political Climate,doc_21.txt_17
U.S.,RELATED_TO,Political Climate,doc_21.txt_17
The Economy and Market Conditions,RELATED_TO,US,doc_21.txt_18
The Economy and Market Conditions,RELATED_TO,36%,doc_21.txt_18
The Economy and Market Conditions,RELATED_TO,29%,doc_21.txt_18
The Economy and Market Conditions,RELATED_TO,33%,doc_21.txt_18
US,RELATED_TO,36%,doc_21.txt_18
US,RELATED_TO,29%,doc_21.txt_18
US,RELATED_TO,33%,doc_21.txt_18
36%,RELATED_TO,29%,doc_21.txt_18
36%,RELATED_TO,33%,doc_21.txt_18
29%,RELATED_TO,33%,doc_21.txt_18
US,RELATED_TO,Smoke,doc_21.txt_19
Political Climate,RELATED_TO,Credit Availability,doc_21.txt_20
Political Climate,RELATED_TO,US,doc_21.txt_20
Political Climate,RELATED_TO,34%,doc_21.txt_20
Political Climate,RELATED_TO,41%,doc_21.txt_20
Credit Availability,RELATED_TO,US,doc_21.txt_20
Credit Availability,RELATED_TO,34%,doc_21.txt_20
Credit Availability,RELATED_TO,41%,doc_21.txt_20
US,RELATED_TO,34%,doc_21.txt_20
US,RELATED_TO,41%,doc_21.txt_20
34%,RELATED_TO,41%,doc_21.txt_20
US,RELATED_TO,Limited Inventory,doc_21.txt_21
US,RELATED_TO,at 29%,doc_21.txt_21
Limited Inventory,RELATED_TO,at 29%,doc_21.txt_21
SEC,RELATED_TO,U.S.,doc_21.txt_22
US,RELATED_TO,EPA,doc_21.txt_23
US,RELATED_TO,Cox Automotive,doc_21.txt_23
US,RELATED_TO,Cox Automotive Dealer Sentiment Index MethodologyDerived,doc_21.txt_23
US,RELATED_TO,the Dealer Sentiment Index,doc_21.txt_23
EPA,RELATED_TO,Cox Automotive,doc_21.txt_23
EPA,RELATED_TO,Cox Automotive Dealer Sentiment Index MethodologyDerived,doc_21.txt_23
EPA,RELATED_TO,the Dealer Sentiment Index,doc_21.txt_23
Cox Automotive,RELATED_TO,Cox Automotive Dealer Sentiment Index MethodologyDerived,doc_21.txt_23
Cox Automotive,RELATED_TO,the Dealer Sentiment Index,doc_21.txt_23
Cox Automotive Dealer Sentiment Index MethodologyDerived,RELATED_TO,the Dealer Sentiment Index,doc_21.txt_23
US,RELATED_TO,EPA,doc_21.txt_24
US,RELATED_TO,U.S.,doc_21.txt_25
NextGear Capital,RELATED_TO,Dealertrack®,doc_21.txt_29
NextGear Capital,RELATED_TO,CentralDispatch®,doc_21.txt_29
NextGear Capital,RELATED_TO,Autotrader®,doc_21.txt_29
NextGear Capital,RELATED_TO,Atlanta,doc_21.txt_29
Dealertrack®,RELATED_TO,CentralDispatch®,doc_21.txt_29
Dealertrack®,RELATED_TO,Autotrader®,doc_21.txt_29
Dealertrack®,RELATED_TO,Atlanta,doc_21.txt_29
CentralDispatch®,RELATED_TO,Autotrader®,doc_21.txt_29
CentralDispatch®,RELATED_TO,Atlanta,doc_21.txt_29
Autotrader®,RELATED_TO,Atlanta,doc_21.txt_29
Dara Hailes,RELATED_TO,Mark Schirmer,doc_21.txt_30
Dara Hailes,RELATED_TO,883,doc_21.txt_30
Dara Hailes,RELATED_TO,Media Contacts,doc_21.txt_30
Mark Schirmer,RELATED_TO,883,doc_21.txt_30
Mark Schirmer,RELATED_TO,Media Contacts,doc_21.txt_30
883,RELATED_TO,Media Contacts,doc_21.txt_30
319,MANUFACTURES,540,doc_22.txt_0
319,MANUFACTURES,75,doc_22.txt_0
319,MANUFACTURES,US,doc_22.txt_0
319,MANUFACTURES,20%,doc_22.txt_0
540,MANUFACTURES,75,doc_22.txt_0
540,MANUFACTURES,US,doc_22.txt_0
540,MANUFACTURES,20%,doc_22.txt_0
75,MANUFACTURES,US,doc_22.txt_0
75,MANUFACTURES,20%,doc_22.txt_0
US,MANUFACTURES,20%,doc_22.txt_0
Terms & Conditions,RELATED_TO,the Financial Times,doc_22.txt_1
Q3,RELATED_TO,CADSI,doc_23.txt_0
Q3,RELATED_TO,U.S.,doc_23.txt_0
Q3,RELATED_TO,ATLANTA,doc_23.txt_0
CADSI,RELATED_TO,U.S.,doc_23.txt_0
CADSI,RELATED_TO,ATLANTA,doc_23.txt_0
U.S.,RELATED_TO,ATLANTA,doc_23.txt_0
Cox Automotive,RELATED_TO,US,doc_23.txt_1
Cox Automotive,RELATED_TO,U.S.,doc_23.txt_1
Cox Automotive,RELATED_TO,Jonathan Smoke,doc_23.txt_1
US,RELATED_TO,U.S.,doc_23.txt_1
US,RELATED_TO,Jonathan Smoke,doc_23.txt_1
U.S.,RELATED_TO,Jonathan Smoke,doc_23.txt_1
Q2,RELATED_TO,SEC,doc_23.txt_2
Q2,RELATED_TO,Q3,doc_23.txt_2
SEC,RELATED_TO,Q3,doc_23.txt_2
US,RELATED_TO,Smoke,doc_23.txt_7
Q3,RELATED_TO,EV,doc_23.txt_10
Political Climate,RELATED_TO,SEC,doc_23.txt_14
Political Climate,RELATED_TO,the Political Climate,doc_23.txt_15
Political Climate,RELATED_TO,27%,doc_23.txt_15
Political Climate,RELATED_TO,US,doc_23.txt_15
Political Climate,RELATED_TO,36%,doc_23.txt_15
the Political Climate,RELATED_TO,27%,doc_23.txt_15
the Political Climate,RELATED_TO,US,doc_23.txt_15
the Political Climate,RELATED_TO,36%,doc_23.txt_15
27%,RELATED_TO,US,doc_23.txt_15
27%,RELATED_TO,36%,doc_23.txt_15
US,RELATED_TO,36%,doc_23.txt_15
US,RELATED_TO,Credit Availability for Consumers,doc_23.txt_16
US,RELATED_TO,Limited Inventory,doc_23.txt_17
US,RELATED_TO,only 16%,doc_23.txt_17
US,RELATED_TO,34%,doc_23.txt_17
Limited Inventory,RELATED_TO,only 16%,doc_23.txt_17
Limited Inventory,RELATED_TO,34%,doc_23.txt_17
only 16%,RELATED_TO,34%,doc_23.txt_17
US,RELATED_TO,the Dealer Sentiment Index,doc_23.txt_18
US,RELATED_TO,EPA,doc_23.txt_18
US,RELATED_TO,Cox Automotive,doc_23.txt_18
the Dealer Sentiment Index,RELATED_TO,EPA,doc_23.txt_18
the Dealer Sentiment Index,RELATED_TO,Cox Automotive,doc_23.txt_18
EPA,RELATED_TO,Cox Automotive,doc_23.txt_18
US,RELATED_TO,U.S.,doc_23.txt_19
NextGear Capital,RELATED_TO,Dealertrack®,doc_23.txt_23
NextGear Capital,RELATED_TO,CentralDispatch®,doc_23.txt_23
NextGear Capital,RELATED_TO,Autotrader®,doc_23.txt_23
NextGear Capital,RELATED_TO,Atlanta,doc_23.txt_23
Dealertrack®,RELATED_TO,CentralDispatch®,doc_23.txt_23
Dealertrack®,RELATED_TO,Autotrader®,doc_23.txt_23
Dealertrack®,RELATED_TO,Atlanta,doc_23.txt_23
CentralDispatch®,RELATED_TO,Autotrader®,doc_23.txt_23
CentralDispatch®,RELATED_TO,Atlanta,doc_23.txt_23
Autotrader®,RELATED_TO,Atlanta,doc_23.txt_23
Dara Hailes,RELATED_TO,Mark Schirmer,doc_23.txt_24
Dara Hailes,RELATED_TO,883,doc_23.txt_24
Dara Hailes,RELATED_TO,Media Contacts,doc_23.txt_24
Mark Schirmer,RELATED_TO,883,doc_23.txt_24
Mark Schirmer,RELATED_TO,Media Contacts,doc_23.txt_24
883,RELATED_TO,Media Contacts,doc_23.txt_24
US,INVESTED_IN,EV,doc_24.txt_0
United States,RELATED_TO,US$3.1 billion,doc_24.txt_1
United States,RELATED_TO,US,doc_24.txt_1
United States,RELATED_TO,the United States,doc_24.txt_1
United States,RELATED_TO,hundreds of millions of dollars,doc_24.txt_1
US$3.1 billion,RELATED_TO,US,doc_24.txt_1
US$3.1 billion,RELATED_TO,the United States,doc_24.txt_1
US$3.1 billion,RELATED_TO,hundreds of millions of dollars,doc_24.txt_1
US,RELATED_TO,the United States,doc_24.txt_1
US,RELATED_TO,hundreds of millions of dollars,doc_24.txt_1
the United States,RELATED_TO,hundreds of millions of dollars,doc_24.txt_1
"10,000",RELATED_TO,"7,500",doc_24.txt_2
"10,000",RELATED_TO,US,doc_24.txt_2
"10,000",RELATED_TO,Biden,doc_24.txt_2
"10,000",RELATED_TO,US$400 billion,doc_24.txt_2
"7,500",RELATED_TO,US,doc_24.txt_2
"7,500",RELATED_TO,Biden,doc_24.txt_2
"7,500",RELATED_TO,US$400 billion,doc_24.txt_2
US,RELATED_TO,Biden,doc_24.txt_2
US,RELATED_TO,US$400 billion,doc_24.txt_2
Biden,RELATED_TO,US$400 billion,doc_24.txt_2
US,RELATED_TO,EV,doc_24.txt_3
US,RELATED_TO,Biden,doc_24.txt_3
EV,RELATED_TO,Biden,doc_24.txt_3
US,RELATED_TO,68 percent,doc_24.txt_4
US,RELATED_TO,EV,doc_24.txt_4
US,RELATED_TO,Deloitte,doc_24.txt_4
68 percent,RELATED_TO,EV,doc_24.txt_4
68 percent,RELATED_TO,Deloitte,doc_24.txt_4
EV,RELATED_TO,Deloitte,doc_24.txt_4
US,RELATED_TO,"Environmental, Social",doc_24.txt_5
US,RELATED_TO,Corporate Governance,doc_24.txt_5
US,RELATED_TO,US,doc_24.txt_5
US,RELATED_TO,ESG,doc_24.txt_5
"Environmental, Social",RELATED_TO,Corporate Governance,doc_24.txt_5
"Environmental, Social",RELATED_TO,US,doc_24.txt_5
"Environmental, Social",RELATED_TO,ESG,doc_24.txt_5
Corporate Governance,RELATED_TO,US,doc_24.txt_5
Corporate Governance,RELATED_TO,ESG,doc_24.txt_5
US,RELATED_TO,ESG,doc_24.txt_5
US,RELATED_TO,Tesla,doc_24.txt_6
Tesla,RELATED_TO,Google,doc_24.txt_7
Tesla,RELATED_TO,Google Trends,doc_24.txt_7
Google,RELATED_TO,Google Trends,doc_24.txt_7
US,RELATED_TO,Teslas,doc_24.txt_8
US,RELATED_TO,Tesla,doc_24.txt_8
Teslas,RELATED_TO,Tesla,doc_24.txt_8
US,RELATED_TO,billions of dollars,doc_24.txt_9
US,RELATED_TO,EV,doc_24.txt_9
US,RELATED_TO,Tesla,doc_24.txt_9
billions of dollars,RELATED_TO,EV,doc_24.txt_9
billions of dollars,RELATED_TO,Tesla,doc_24.txt_9
EV,RELATED_TO,Tesla,doc_24.txt_9
EV,MANUFACTURES,IPO,doc_24.txt_10
EV,MANUFACTURES,US,doc_24.txt_10
EV,MANUFACTURES,US$34 billion,doc_24.txt_10
EV,MANUFACTURES,Nikola,doc_24.txt_10
IPO,MANUFACTURES,US,doc_24.txt_10
IPO,MANUFACTURES,US$34 billion,doc_24.txt_10
IPO,MANUFACTURES,Nikola,doc_24.txt_10
US,MANUFACTURES,US$34 billion,doc_24.txt_10
US,MANUFACTURES,Nikola,doc_24.txt_10
US$34 billion,MANUFACTURES,Nikola,doc_24.txt_10
Nikola’s,RELATED_TO,US,doc_24.txt_11
Nikola’s,RELATED_TO,IPO,doc_24.txt_11
Nikola’s,RELATED_TO,billions of dollars,doc_24.txt_11
Nikola’s,RELATED_TO,697 percent,doc_24.txt_11
US,RELATED_TO,IPO,doc_24.txt_11
US,RELATED_TO,billions of dollars,doc_24.txt_11
US,RELATED_TO,697 percent,doc_24.txt_11
IPO,RELATED_TO,billions of dollars,doc_24.txt_11
IPO,RELATED_TO,697 percent,doc_24.txt_11
billions of dollars,RELATED_TO,697 percent,doc_24.txt_11
78 percent,RELATED_TO,EV,doc_24.txt_12
78 percent,RELATED_TO,115 percent,doc_24.txt_12
78 percent,RELATED_TO,112 percent,doc_24.txt_12
78 percent,RELATED_TO,Airbnb,doc_24.txt_12
EV,RELATED_TO,115 percent,doc_24.txt_12
EV,RELATED_TO,112 percent,doc_24.txt_12
EV,RELATED_TO,Airbnb,doc_24.txt_12
115 percent,RELATED_TO,112 percent,doc_24.txt_12
115 percent,RELATED_TO,Airbnb,doc_24.txt_12
112 percent,RELATED_TO,Airbnb,doc_24.txt_12
66 percent,MANUFACTURES,EV,doc_24.txt_13
66 percent,MANUFACTURES,Hyliion,doc_24.txt_13
66 percent,MANUFACTURES,US,doc_24.txt_13
66 percent,MANUFACTURES,Diesel,doc_24.txt_13
EV,MANUFACTURES,Hyliion,doc_24.txt_13
EV,MANUFACTURES,US,doc_24.txt_13
EV,MANUFACTURES,Diesel,doc_24.txt_13
Hyliion,MANUFACTURES,US,doc_24.txt_13
Hyliion,MANUFACTURES,Diesel,doc_24.txt_13
US,MANUFACTURES,Diesel,doc_24.txt_13
https://www.barchart.com/stocks/quotes/SPY/interactive-chart,RELATED_TO,United States,doc_24.txt_14
https://www.barchart.com/stocks/quotes/SPY/interactive-chart,RELATED_TO,EV,doc_24.txt_14
https://www.barchart.com/stocks/quotes/SPY/interactive-chart,RELATED_TO,US,doc_24.txt_14
https://www.barchart.com/stocks/quotes/SPY/interactive-chart,RELATED_TO,the United States,doc_24.txt_14
United States,RELATED_TO,EV,doc_24.txt_14
United States,RELATED_TO,US,doc_24.txt_14
United States,RELATED_TO,the United States,doc_24.txt_14
EV,RELATED_TO,US,doc_24.txt_14
EV,RELATED_TO,the United States,doc_24.txt_14
US,RELATED_TO,the United States,doc_24.txt_14
US,RELATED_TO,EV,doc_24.txt_15
US,RELATED_TO,Reddit,doc_24.txt_15
US,RELATED_TO,the Investment Bankers of the 1990s,doc_24.txt_15
EV,RELATED_TO,Reddit,doc_24.txt_15
EV,RELATED_TO,the Investment Bankers of the 1990s,doc_24.txt_15
Reddit,RELATED_TO,the Investment Bankers of the 1990s,doc_24.txt_15
EV,INVESTED_IN,Barron’s,doc_24.txt_16
EV,INVESTED_IN,US,doc_24.txt_16
EV,INVESTED_IN,EU,doc_24.txt_16
EV,INVESTED_IN,QuantumScape,doc_24.txt_16
Barron’s,INVESTED_IN,US,doc_24.txt_16
Barron’s,INVESTED_IN,EU,doc_24.txt_16
Barron’s,INVESTED_IN,QuantumScape,doc_24.txt_16
US,INVESTED_IN,EU,doc_24.txt_16
US,INVESTED_IN,QuantumScape,doc_24.txt_16
EU,INVESTED_IN,QuantumScape,doc_24.txt_16
US,INVESTED_IN,Robinhood,doc_24.txt_18
US,MANUFACTURES,Robinhood,doc_24.txt_19
US,MANUFACTURES,Ford,doc_24.txt_19
Robinhood,MANUFACTURES,Ford,doc_24.txt_19
US,INVESTED_IN,US,doc_24.txt_20
US,INVESTED_IN,SEC,doc_24.txt_20
US,INVESTED_IN,Robinhood,doc_24.txt_20
US,INVESTED_IN,Federal Reserve,doc_24.txt_20
US,INVESTED_IN,SEC,doc_24.txt_20
US,INVESTED_IN,Robinhood,doc_24.txt_20
US,INVESTED_IN,Federal Reserve,doc_24.txt_20
SEC,INVESTED_IN,Robinhood,doc_24.txt_20
SEC,INVESTED_IN,Federal Reserve,doc_24.txt_20
Robinhood,INVESTED_IN,Federal Reserve,doc_24.txt_20
US$2.3 trillion,RELATED_TO,600,doc_24.txt_21
US$2.3 trillion,RELATED_TO,US,doc_24.txt_21
US$2.3 trillion,RELATED_TO,Powell,doc_24.txt_21
600,RELATED_TO,US,doc_24.txt_21
600,RELATED_TO,Powell,doc_24.txt_21
US,RELATED_TO,Powell,doc_24.txt_21
US,RELATED_TO,EU,doc_24.txt_22
US,RELATED_TO,the Federal Reserve,doc_24.txt_22
EU,RELATED_TO,the Federal Reserve,doc_24.txt_22
EV,INVESTED_IN,SEC,doc_24.txt_23
EV,INVESTED_IN,Applied Mathematics and Economics,doc_24.txt_23
EV,INVESTED_IN,Patrick Rak,doc_24.txt_23
EV,INVESTED_IN,the Federal Reserve,doc_24.txt_23
SEC,INVESTED_IN,Applied Mathematics and Economics,doc_24.txt_23
SEC,INVESTED_IN,Patrick Rak,doc_24.txt_23
SEC,INVESTED_IN,the Federal Reserve,doc_24.txt_23
Applied Mathematics and Economics,INVESTED_IN,Patrick Rak,doc_24.txt_23
Applied Mathematics and Economics,INVESTED_IN,the Federal Reserve,doc_24.txt_23
Patrick Rak,INVESTED_IN,the Federal Reserve,doc_24.txt_23
US,INVESTED_IN,US,doc_25.txt_1
US,INVESTED_IN,Joe Biden,doc_25.txt_1
US,INVESTED_IN,China,doc_25.txt_1
US,INVESTED_IN,China,doc_25.txt_1
US,INVESTED_IN,Joe Biden,doc_25.txt_1
US,INVESTED_IN,China,doc_25.txt_1
US,INVESTED_IN,China,doc_25.txt_1
Joe Biden,INVESTED_IN,China,doc_25.txt_1
Joe Biden,INVESTED_IN,China,doc_25.txt_1
China,INVESTED_IN,China,doc_25.txt_1
US,RELATED_TO,US,doc_25.txt_2
US,RELATED_TO,SEC,doc_25.txt_2
US,RELATED_TO,EPA,doc_25.txt_2
US,RELATED_TO,Congressional,doc_25.txt_2
US,RELATED_TO,SEC,doc_25.txt_2
US,RELATED_TO,EPA,doc_25.txt_2
US,RELATED_TO,Congressional,doc_25.txt_2
SEC,RELATED_TO,EPA,doc_25.txt_2
SEC,RELATED_TO,Congressional,doc_25.txt_2
EPA,RELATED_TO,Congressional,doc_25.txt_2
US,RELATED_TO,US,doc_25.txt_3
US,RELATED_TO,Chinese,doc_25.txt_3
US,RELATED_TO,Chinese,doc_25.txt_3
US,RELATED_TO,US,doc_25.txt_4
US,RELATED_TO,SEC,doc_25.txt_4
US,RELATED_TO,China,doc_25.txt_4
US,RELATED_TO,China,doc_25.txt_4
US,RELATED_TO,SEC,doc_25.txt_4
US,RELATED_TO,China,doc_25.txt_4
US,RELATED_TO,China,doc_25.txt_4
SEC,RELATED_TO,China,doc_25.txt_4
SEC,RELATED_TO,China,doc_25.txt_4
China,RELATED_TO,China,doc_25.txt_4
US,RELATED_TO,US,doc_25.txt_5
US,RELATED_TO,China,doc_25.txt_5
US,RELATED_TO,China,doc_25.txt_5
US,RELATED_TO,Russia,doc_25.txt_5
US,RELATED_TO,China,doc_25.txt_5
US,RELATED_TO,China,doc_25.txt_5
US,RELATED_TO,Russia,doc_25.txt_5
China,RELATED_TO,China,doc_25.txt_5
China,RELATED_TO,Russia,doc_25.txt_5
China,RELATED_TO,Russia,doc_25.txt_5
the US Department of Commerce,RELATED_TO,US,doc_25.txt_6
the US Department of Commerce,RELATED_TO,Gina Raimondo,doc_25.txt_6
the US Department of Commerce,RELATED_TO,US,doc_25.txt_6
the US Department of Commerce,RELATED_TO,SEC,doc_25.txt_6
US,RELATED_TO,Gina Raimondo,doc_25.txt_6
US,RELATED_TO,US,doc_25.txt_6
US,RELATED_TO,SEC,doc_25.txt_6
Gina Raimondo,RELATED_TO,US,doc_25.txt_6
Gina Raimondo,RELATED_TO,SEC,doc_25.txt_6
US,RELATED_TO,SEC,doc_25.txt_6
US,RELATED_TO,IRA,doc_25.txt_7
US,RELATED_TO,US,doc_25.txt_7
US,RELATED_TO,SEC,doc_25.txt_7
US,RELATED_TO,Janet Yellen,doc_25.txt_7
IRA,RELATED_TO,US,doc_25.txt_7
IRA,RELATED_TO,SEC,doc_25.txt_7
IRA,RELATED_TO,Janet Yellen,doc_25.txt_7
US,RELATED_TO,SEC,doc_25.txt_7
US,RELATED_TO,Janet Yellen,doc_25.txt_7
SEC,RELATED_TO,Janet Yellen,doc_25.txt_7
IRA,RELATED_TO,US,doc_25.txt_9
IRA,RELATED_TO,EV,doc_25.txt_9
IRA,RELATED_TO,740bn,doc_25.txt_9
IRA,RELATED_TO,US,doc_25.txt_9
US,RELATED_TO,EV,doc_25.txt_9
US,RELATED_TO,740bn,doc_25.txt_9
US,RELATED_TO,US,doc_25.txt_9
EV,RELATED_TO,740bn,doc_25.txt_9
EV,RELATED_TO,US,doc_25.txt_9
740bn,RELATED_TO,US,doc_25.txt_9
IRA,MANUFACTURES,EV,doc_25.txt_10
IRA,MANUFACTURES,South Korean,doc_25.txt_10
IRA,MANUFACTURES,Japanese,doc_25.txt_10
IRA,MANUFACTURES,Europe,doc_25.txt_10
EV,MANUFACTURES,South Korean,doc_25.txt_10
EV,MANUFACTURES,Japanese,doc_25.txt_10
EV,MANUFACTURES,Europe,doc_25.txt_10
South Korean,MANUFACTURES,Japanese,doc_25.txt_10
South Korean,MANUFACTURES,Europe,doc_25.txt_10
Japanese,MANUFACTURES,Europe,doc_25.txt_10
IRA,RELATED_TO,US,doc_25.txt_11
IRA,RELATED_TO,US,doc_25.txt_11
IRA,RELATED_TO,China,doc_25.txt_11
IRA,RELATED_TO,China,doc_25.txt_11
US,RELATED_TO,US,doc_25.txt_11
US,RELATED_TO,China,doc_25.txt_11
US,RELATED_TO,China,doc_25.txt_11
US,RELATED_TO,China,doc_25.txt_11
US,RELATED_TO,China,doc_25.txt_11
China,RELATED_TO,China,doc_25.txt_11
US,MANUFACTURES,"7,500",doc_25.txt_12
US,MANUFACTURES,EV,doc_25.txt_12
US,MANUFACTURES,50%,doc_25.txt_12
US,MANUFACTURES,US,doc_25.txt_12
"7,500",MANUFACTURES,EV,doc_25.txt_12
"7,500",MANUFACTURES,50%,doc_25.txt_12
"7,500",MANUFACTURES,US,doc_25.txt_12
EV,MANUFACTURES,50%,doc_25.txt_12
EV,MANUFACTURES,US,doc_25.txt_12
50%,MANUFACTURES,US,doc_25.txt_12
US,INVESTED_IN,EV,doc_25.txt_13
US,INVESTED_IN,US,doc_25.txt_13
US,INVESTED_IN,SEC,doc_25.txt_13
US,INVESTED_IN,EPA,doc_25.txt_13
EV,INVESTED_IN,US,doc_25.txt_13
EV,INVESTED_IN,SEC,doc_25.txt_13
EV,INVESTED_IN,EPA,doc_25.txt_13
US,INVESTED_IN,SEC,doc_25.txt_13
US,INVESTED_IN,EPA,doc_25.txt_13
SEC,INVESTED_IN,EPA,doc_25.txt_13
US,MANUFACTURES,US,doc_25.txt_14
US,MANUFACTURES,US$200,doc_25.txt_14
US,MANUFACTURES,Microvast,doc_25.txt_14
US,MANUFACTURES,China,doc_25.txt_14
US,MANUFACTURES,US$200,doc_25.txt_14
US,MANUFACTURES,Microvast,doc_25.txt_14
US,MANUFACTURES,China,doc_25.txt_14
US$200,MANUFACTURES,Microvast,doc_25.txt_14
US$200,MANUFACTURES,China,doc_25.txt_14
Microvast,MANUFACTURES,China,doc_25.txt_14
US,RELATED_TO,China,doc_25.txt_15
US,RELATED_TO,US,doc_25.txt_15
US,RELATED_TO,China,doc_25.txt_15
China,RELATED_TO,US,doc_25.txt_15
China,RELATED_TO,China,doc_25.txt_15
US,RELATED_TO,China,doc_25.txt_15
US,RELATED_TO,US,doc_25.txt_16
US,RELATED_TO,EV,doc_25.txt_17
US,RELATED_TO,around 30%,doc_25.txt_17
US,RELATED_TO,US,doc_25.txt_17
US,RELATED_TO,China,doc_25.txt_17
EV,RELATED_TO,around 30%,doc_25.txt_17
EV,RELATED_TO,US,doc_25.txt_17
EV,RELATED_TO,China,doc_25.txt_17
around 30%,RELATED_TO,US,doc_25.txt_17
around 30%,RELATED_TO,China,doc_25.txt_17
US,RELATED_TO,China,doc_25.txt_17
US,MANUFACTURES,US,doc_25.txt_18
US,MANUFACTURES,SEC,doc_25.txt_18
US,MANUFACTURES,China,doc_25.txt_18
US,MANUFACTURES,China,doc_25.txt_18
US,MANUFACTURES,SEC,doc_25.txt_18
US,MANUFACTURES,China,doc_25.txt_18
US,MANUFACTURES,China,doc_25.txt_18
SEC,MANUFACTURES,China,doc_25.txt_18
SEC,MANUFACTURES,China,doc_25.txt_18
China,MANUFACTURES,China,doc_25.txt_18
US,MANUFACTURES,US,doc_25.txt_19
US,MANUFACTURES,China,doc_25.txt_19
US,MANUFACTURES,China,doc_25.txt_19
US,MANUFACTURES,Chinese,doc_25.txt_19
US,MANUFACTURES,China,doc_25.txt_19
US,MANUFACTURES,China,doc_25.txt_19
US,MANUFACTURES,Chinese,doc_25.txt_19
China,MANUFACTURES,China,doc_25.txt_19
China,MANUFACTURES,Chinese,doc_25.txt_19
China,MANUFACTURES,Chinese,doc_25.txt_19
CATL,MANUFACTURES,IRA,doc_25.txt_20
CATL,MANUFACTURES,Chinese,doc_25.txt_20
CATL,MANUFACTURES,Ford,doc_25.txt_20
IRA,MANUFACTURES,Chinese,doc_25.txt_20
IRA,MANUFACTURES,Ford,doc_25.txt_20
Chinese,MANUFACTURES,Ford,doc_25.txt_20
Mexico,RELATED_TO,Chinese,doc_25.txt_21
US,RELATED_TO,IRA,doc_25.txt_22
US,RELATED_TO,Mexico,doc_25.txt_22
US,RELATED_TO,US,doc_25.txt_22
US,RELATED_TO,China,doc_25.txt_22
IRA,RELATED_TO,Mexico,doc_25.txt_22
IRA,RELATED_TO,US,doc_25.txt_22
IRA,RELATED_TO,China,doc_25.txt_22
Mexico,RELATED_TO,US,doc_25.txt_22
Mexico,RELATED_TO,China,doc_25.txt_22
US,RELATED_TO,China,doc_25.txt_22
US,RELATED_TO,EV,doc_25.txt_23
US,RELATED_TO,US,doc_25.txt_23
US,RELATED_TO,China,doc_25.txt_23
US,RELATED_TO,China,doc_25.txt_23
EV,RELATED_TO,US,doc_25.txt_23
EV,RELATED_TO,China,doc_25.txt_23
EV,RELATED_TO,China,doc_25.txt_23
US,RELATED_TO,China,doc_25.txt_23
US,RELATED_TO,China,doc_25.txt_23
China,RELATED_TO,China,doc_25.txt_23
SEC,RELATED_TO,Virginia,doc_25.txt_24
LLC,RELATED_TO,US,doc_26.txt_0
LLC,RELATED_TO,KraneShares,doc_26.txt_0
LLC,RELATED_TO,Krane Funds Advisors,doc_26.txt_0
LLC,RELATED_TO,China,doc_26.txt_0
US,RELATED_TO,KraneShares,doc_26.txt_0
US,RELATED_TO,Krane Funds Advisors,doc_26.txt_0
US,RELATED_TO,China,doc_26.txt_0
KraneShares,RELATED_TO,Krane Funds Advisors,doc_26.txt_0
KraneShares,RELATED_TO,China,doc_26.txt_0
Krane Funds Advisors,RELATED_TO,China,doc_26.txt_0
Reverse Split,RELATED_TO,KLIP,doc_26.txt_2
Reverse Split,RELATED_TO,SEC,doc_26.txt_2
Reverse Split,RELATED_TO,KraneShares,doc_26.txt_2
Reverse Split,RELATED_TO,Buffer Strategies KPRO & KBUF,doc_26.txt_2
KLIP,RELATED_TO,SEC,doc_26.txt_2
KLIP,RELATED_TO,KraneShares,doc_26.txt_2
KLIP,RELATED_TO,Buffer Strategies KPRO & KBUF,doc_26.txt_2
SEC,RELATED_TO,KraneShares,doc_26.txt_2
SEC,RELATED_TO,Buffer Strategies KPRO & KBUF,doc_26.txt_2
KraneShares,RELATED_TO,Buffer Strategies KPRO & KBUF,doc_26.txt_2
Carbon Markets,RELATED_TO,KMLM,doc_26.txt_3
Carbon Markets,RELATED_TO,The Outlook for Private Equity,doc_26.txt_3
Carbon Markets,RELATED_TO,KraneShares,doc_26.txt_3
Carbon Markets,RELATED_TO,China,doc_26.txt_3
KMLM,RELATED_TO,The Outlook for Private Equity,doc_26.txt_3
KMLM,RELATED_TO,KraneShares,doc_26.txt_3
KMLM,RELATED_TO,China,doc_26.txt_3
The Outlook for Private Equity,RELATED_TO,KraneShares,doc_26.txt_3
The Outlook for Private Equity,RELATED_TO,China,doc_26.txt_3
KraneShares,RELATED_TO,China,doc_26.txt_3
US,PARTNERS_WITH,EPA,doc_26.txt_4
US,PARTNERS_WITH,KraneShares,doc_26.txt_4
US,PARTNERS_WITH,Park Avenue,doc_26.txt_4
US,PARTNERS_WITH,China,doc_26.txt_4
EPA,PARTNERS_WITH,KraneShares,doc_26.txt_4
EPA,PARTNERS_WITH,Park Avenue,doc_26.txt_4
EPA,PARTNERS_WITH,China,doc_26.txt_4
KraneShares,PARTNERS_WITH,Park Avenue,doc_26.txt_4
KraneShares,PARTNERS_WITH,China,doc_26.txt_4
Park Avenue,PARTNERS_WITH,China,doc_26.txt_4
1 Embarcadero Center,RELATED_TO,Suite 2350San Francisco,doc_26.txt_5
US,RELATED_TO,40%,doc_26.txt_6
US,RELATED_TO,20%,doc_26.txt_6
US,RELATED_TO,EV,doc_26.txt_6
40%,RELATED_TO,20%,doc_26.txt_6
40%,RELATED_TO,EV,doc_26.txt_6
20%,RELATED_TO,EV,doc_26.txt_6
US,RELATED_TO,DOE,doc_26.txt_7
US,RELATED_TO,EV,doc_26.txt_7
US,RELATED_TO,only 40 million,doc_26.txt_7
DOE,RELATED_TO,EV,doc_26.txt_7
DOE,RELATED_TO,only 40 million,doc_26.txt_7
EV,RELATED_TO,only 40 million,doc_26.txt_7
Google,RELATED_TO,EV,doc_26.txt_8
Google,RELATED_TO,Tesla,doc_26.txt_8
Google,RELATED_TO,US,doc_26.txt_8
Google,RELATED_TO,Netflix,doc_26.txt_8
EV,RELATED_TO,Tesla,doc_26.txt_8
EV,RELATED_TO,US,doc_26.txt_8
EV,RELATED_TO,Netflix,doc_26.txt_8
Tesla,RELATED_TO,US,doc_26.txt_8
Tesla,RELATED_TO,Netflix,doc_26.txt_8
US,RELATED_TO,Netflix,doc_26.txt_8
GM,COMPETES_WITH,Rivian,doc_26.txt_9
GM,COMPETES_WITH,US,doc_26.txt_9
GM,COMPETES_WITH,Xpeng,doc_26.txt_9
GM,COMPETES_WITH,Rivian,doc_26.txt_9
Rivian,COMPETES_WITH,US,doc_26.txt_9
Rivian,COMPETES_WITH,Xpeng,doc_26.txt_9
Rivian,COMPETES_WITH,Rivian,doc_26.txt_9
US,COMPETES_WITH,Xpeng,doc_26.txt_9
US,COMPETES_WITH,Rivian,doc_26.txt_9
Xpeng,COMPETES_WITH,Rivian,doc_26.txt_9
US,RELATED_TO,EV,doc_26.txt_10
China,INVESTED_IN,EV,doc_26.txt_11
China,INVESTED_IN,China,doc_26.txt_11
China,INVESTED_IN,COVID-19,doc_26.txt_11
EV,INVESTED_IN,China,doc_26.txt_11
EV,INVESTED_IN,COVID-19,doc_26.txt_11
China,INVESTED_IN,COVID-19,doc_26.txt_11
EV,MANUFACTURES,Q4,doc_26.txt_12
EV,MANUFACTURES,BYD,doc_26.txt_12
EV,MANUFACTURES,US,doc_26.txt_12
EV,MANUFACTURES,China,doc_26.txt_12
Q4,MANUFACTURES,BYD,doc_26.txt_12
Q4,MANUFACTURES,US,doc_26.txt_12
Q4,MANUFACTURES,China,doc_26.txt_12
BYD,MANUFACTURES,US,doc_26.txt_12
BYD,MANUFACTURES,China,doc_26.txt_12
US,MANUFACTURES,China,doc_26.txt_12
US,MANUFACTURES,EV,doc_26.txt_13
US,MANUFACTURES,US,doc_26.txt_13
US,MANUFACTURES,20%,doc_26.txt_13
US,MANUFACTURES,Europe,doc_26.txt_13
EV,MANUFACTURES,US,doc_26.txt_13
EV,MANUFACTURES,20%,doc_26.txt_13
EV,MANUFACTURES,Europe,doc_26.txt_13
US,MANUFACTURES,20%,doc_26.txt_13
US,MANUFACTURES,Europe,doc_26.txt_13
20%,MANUFACTURES,Europe,doc_26.txt_13
US,RELATED_TO,EV,doc_26.txt_14
US,RELATED_TO,"7,500",doc_26.txt_14
US,RELATED_TO,IRA,doc_26.txt_14
US,RELATED_TO,US,doc_26.txt_14
EV,RELATED_TO,"7,500",doc_26.txt_14
EV,RELATED_TO,IRA,doc_26.txt_14
EV,RELATED_TO,US,doc_26.txt_14
"7,500",RELATED_TO,IRA,doc_26.txt_14
"7,500",RELATED_TO,US,doc_26.txt_14
IRA,RELATED_TO,US,doc_26.txt_14
P/S,RELATED_TO,EV,doc_26.txt_15
P/S,RELATED_TO,Tesla,doc_26.txt_15
P/S,RELATED_TO,BYD,doc_26.txt_15
EV,RELATED_TO,Tesla,doc_26.txt_15
EV,RELATED_TO,BYD,doc_26.txt_15
Tesla,RELATED_TO,BYD,doc_26.txt_15
US,RELATED_TO,EV,doc_26.txt_16
US,RELATED_TO,US,doc_26.txt_16
US,RELATED_TO,SEC,doc_26.txt_16
US,RELATED_TO,China,doc_26.txt_16
EV,RELATED_TO,US,doc_26.txt_16
EV,RELATED_TO,SEC,doc_26.txt_16
EV,RELATED_TO,China,doc_26.txt_16
US,RELATED_TO,SEC,doc_26.txt_16
US,RELATED_TO,China,doc_26.txt_16
SEC,RELATED_TO,China,doc_26.txt_16
107,RELATED_TO,E-Busses,doc_26.txt_17
107,RELATED_TO,Plug-In Hybrids,doc_26.txt_17
107,RELATED_TO,GM,doc_26.txt_17
107,RELATED_TO,US,doc_26.txt_17
E-Busses,RELATED_TO,Plug-In Hybrids,doc_26.txt_17
E-Busses,RELATED_TO,GM,doc_26.txt_17
E-Busses,RELATED_TO,US,doc_26.txt_17
Plug-In Hybrids,RELATED_TO,GM,doc_26.txt_17
Plug-In Hybrids,RELATED_TO,US,doc_26.txt_17
GM,RELATED_TO,US,doc_26.txt_17
128,RELATED_TO,PHEV,doc_26.txt_18
128,RELATED_TO,343,doc_26.txt_18
PHEV,RELATED_TO,343,doc_26.txt_18
US,RELATED_TO,China,doc_26.txt_19
US,RELATED_TO,China,doc_26.txt_19
China,RELATED_TO,China,doc_26.txt_19
US,MANUFACTURES,CATL,doc_26.txt_20
US,MANUFACTURES,Samsung,doc_26.txt_20
US,MANUFACTURES,Samsung SDI,doc_26.txt_20
CATL,MANUFACTURES,Samsung,doc_26.txt_20
CATL,MANUFACTURES,Samsung SDI,doc_26.txt_20
Samsung,MANUFACTURES,Samsung SDI,doc_26.txt_20
Rivian,MANUFACTURES,an estimated 46%,doc_26.txt_22
Rivian,MANUFACTURES,US,doc_26.txt_22
Rivian,MANUFACTURES,Bloomberg New Energy Finance's,doc_26.txt_22
Rivian,MANUFACTURES,Rivian,doc_26.txt_22
an estimated 46%,MANUFACTURES,US,doc_26.txt_22
an estimated 46%,MANUFACTURES,Bloomberg New Energy Finance's,doc_26.txt_22
an estimated 46%,MANUFACTURES,Rivian,doc_26.txt_22
US,MANUFACTURES,Bloomberg New Energy Finance's,doc_26.txt_22
US,MANUFACTURES,Rivian,doc_26.txt_22
Bloomberg New Energy Finance's,MANUFACTURES,Rivian,doc_26.txt_22
LFP,RELATED_TO,Lithium,doc_26.txt_23
LFP,RELATED_TO,US,doc_26.txt_23
LFP,RELATED_TO,130,doc_26.txt_23
Lithium,RELATED_TO,US,doc_26.txt_23
Lithium,RELATED_TO,130,doc_26.txt_23
US,RELATED_TO,130,doc_26.txt_23
IRA,RELATED_TO,Republican,doc_26.txt_24
IRA,RELATED_TO,US,doc_26.txt_24
IRA,RELATED_TO,US,doc_26.txt_24
Republican,RELATED_TO,US,doc_26.txt_24
Republican,RELATED_TO,US,doc_26.txt_24
US,RELATED_TO,US,doc_26.txt_24
GM,RELATED_TO,Rivian,doc_26.txt_25
GM,RELATED_TO,EV,doc_26.txt_25
GM,RELATED_TO,Ohio,doc_26.txt_25
GM,RELATED_TO,US,doc_26.txt_25
Rivian,RELATED_TO,EV,doc_26.txt_25
Rivian,RELATED_TO,Ohio,doc_26.txt_25
Rivian,RELATED_TO,US,doc_26.txt_25
EV,RELATED_TO,Ohio,doc_26.txt_25
EV,RELATED_TO,US,doc_26.txt_25
Ohio,RELATED_TO,US,doc_26.txt_25
US,INVESTED_IN,EV,doc_26.txt_26
US,INVESTED_IN,Q3,doc_26.txt_26
US,INVESTED_IN,US,doc_26.txt_26
US,INVESTED_IN,Europe,doc_26.txt_26
EV,INVESTED_IN,Q3,doc_26.txt_26
EV,INVESTED_IN,US,doc_26.txt_26
EV,INVESTED_IN,Europe,doc_26.txt_26
Q3,INVESTED_IN,US,doc_26.txt_26
Q3,INVESTED_IN,Europe,doc_26.txt_26
US,INVESTED_IN,Europe,doc_26.txt_26
US,RELATED_TO,the Bloomberg Electric Vehicles Index,doc_26.txt_28
US,RELATED_TO,KARS,doc_26.txt_28
the Bloomberg Electric Vehicles Index,RELATED_TO,KARS,doc_26.txt_28
FCF,RELATED_TO,US,doc_26.txt_30
FCF,RELATED_TO,Revenues,doc_26.txt_30
FCF,RELATED_TO,the Average Free Cash Flow,doc_26.txt_30
FCF,RELATED_TO,Total Assets,doc_26.txt_30
US,RELATED_TO,Revenues,doc_26.txt_30
US,RELATED_TO,the Average Free Cash Flow,doc_26.txt_30
US,RELATED_TO,Total Assets,doc_26.txt_30
Revenues,RELATED_TO,the Average Free Cash Flow,doc_26.txt_30
Revenues,RELATED_TO,Total Assets,doc_26.txt_30
the Average Free Cash Flow,RELATED_TO,Total Assets,doc_26.txt_30
Canalys,RELATED_TO,Bloomberg New Energy Finance,doc_26.txt_33
US,RELATED_TO,Krane Funds Advisors,doc_26.txt_34
US,RELATED_TO,New York,doc_26.txt_34
US,RELATED_TO,Floor,doc_26.txt_34
Krane Funds Advisors,RELATED_TO,New York,doc_26.txt_34
Krane Funds Advisors,RELATED_TO,Floor,doc_26.txt_34
New York,RELATED_TO,Floor,doc_26.txt_34
US,RELATED_TO,SEC,doc_26.txt_36
Shenzhen,INVESTED_IN,US,doc_26.txt_38
Shenzhen,INVESTED_IN,Shanghai,doc_26.txt_38
Shenzhen,INVESTED_IN,Stock Connect Programs,doc_26.txt_38
Shenzhen,INVESTED_IN,EPA,doc_26.txt_38
US,INVESTED_IN,Shanghai,doc_26.txt_38
US,INVESTED_IN,Stock Connect Programs,doc_26.txt_38
US,INVESTED_IN,EPA,doc_26.txt_38
Shanghai,INVESTED_IN,Stock Connect Programs,doc_26.txt_38
Shanghai,INVESTED_IN,EPA,doc_26.txt_38
Stock Connect Programs,INVESTED_IN,EPA,doc_26.txt_38
Chinese,RELATED_TO,KARS,doc_26.txt_39
KARS,INVESTED_IN,U.S.-China,doc_26.txt_40
KARS,INVESTED_IN,China,doc_26.txt_40
KARS,INVESTED_IN,China,doc_26.txt_40
KARS,INVESTED_IN,U.S.,doc_26.txt_40
U.S.-China,INVESTED_IN,China,doc_26.txt_40
U.S.-China,INVESTED_IN,China,doc_26.txt_40
U.S.-China,INVESTED_IN,U.S.,doc_26.txt_40
China,INVESTED_IN,China,doc_26.txt_40
China,INVESTED_IN,U.S.,doc_26.txt_40
China,INVESTED_IN,U.S.,doc_26.txt_40
US,MANUFACTURES,SEC,doc_26.txt_42
US,MANUFACTURES,KARS,doc_26.txt_42
SEC,MANUFACTURES,KARS,doc_26.txt_42
US,RELATED_TO,SEC,doc_26.txt_44
US,RELATED_TO,Underlying,doc_26.txt_44
US,RELATED_TO,KARS,doc_26.txt_44
SEC,RELATED_TO,Underlying,doc_26.txt_44
SEC,RELATED_TO,KARS,doc_26.txt_44
Underlying,RELATED_TO,KARS,doc_26.txt_44
SEC,ACQUIRED,NAV,doc_26.txt_46
SEC,ACQUIRED,ETF,doc_26.txt_46
NAV,ACQUIRED,ETF,doc_26.txt_46
US,RELATED_TO,NAV,doc_26.txt_47
US,RELATED_TO,ETF,doc_26.txt_47
NAV,RELATED_TO,ETF,doc_26.txt_47
SEI Investments Distribution Company,RELATED_TO,LLC,doc_26.txt_48
SEI Investments Distribution Company,RELATED_TO,KFA Funds,doc_26.txt_48
SEI Investments Distribution Company,RELATED_TO,KraneShares,doc_26.txt_48
SEI Investments Distribution Company,RELATED_TO,Funds,doc_26.txt_48
LLC,RELATED_TO,KFA Funds,doc_26.txt_48
LLC,RELATED_TO,KraneShares,doc_26.txt_48
LLC,RELATED_TO,Funds,doc_26.txt_48
KFA Funds,RELATED_TO,KraneShares,doc_26.txt_48
KFA Funds,RELATED_TO,Funds,doc_26.txt_48
KraneShares,RELATED_TO,Funds,doc_26.txt_48
Terms & Conditions,RELATED_TO,KraneShares,doc_26.txt_50
Terms & Conditions,RELATED_TO,US,doc_26.txt_50
KraneShares,RELATED_TO,US,doc_26.txt_50
United States,RELATED_TO,United States,doc_27.txt_0
United States,RELATED_TO,US,doc_27.txt_0
United States,RELATED_TO,SEC,doc_27.txt_0
United States,RELATED_TO,the United States,doc_27.txt_0
United States,RELATED_TO,US,doc_27.txt_0
United States,RELATED_TO,SEC,doc_27.txt_0
United States,RELATED_TO,the United States,doc_27.txt_0
US,RELATED_TO,SEC,doc_27.txt_0
US,RELATED_TO,the United States,doc_27.txt_0
SEC,RELATED_TO,the United States,doc_27.txt_0
The Joint Office of Energy and Transportation (Joint Office,RELATED_TO,SEC,doc_27.txt_2
The Joint Office of Energy and Transportation (Joint Office,RELATED_TO,Joint Office,doc_27.txt_2
SEC,RELATED_TO,Joint Office,doc_27.txt_2
SEC,RELATED_TO,America,doc_27.txt_3
SEC,RELATED_TO,the Joint Office,doc_27.txt_4
SEC,RELATED_TO,The Joint Office,doc_27.txt_4
the Joint Office,RELATED_TO,The Joint Office,doc_27.txt_4
US,INVESTED_IN,SEC,doc_27.txt_5
US,INVESTED_IN,the Joint Office,doc_27.txt_5
US,INVESTED_IN,EV,doc_27.txt_5
SEC,INVESTED_IN,the Joint Office,doc_27.txt_5
SEC,INVESTED_IN,EV,doc_27.txt_5
the Joint Office,INVESTED_IN,EV,doc_27.txt_5
EV,PARTNERS_WITH,US,doc_27.txt_6
EV,PARTNERS_WITH,SEC,doc_27.txt_6
EV,PARTNERS_WITH,the Joint Office,doc_27.txt_6
EV,PARTNERS_WITH,DOE,doc_27.txt_6
US,PARTNERS_WITH,SEC,doc_27.txt_6
US,PARTNERS_WITH,the Joint Office,doc_27.txt_6
US,PARTNERS_WITH,DOE,doc_27.txt_6
SEC,PARTNERS_WITH,the Joint Office,doc_27.txt_6
SEC,PARTNERS_WITH,DOE,doc_27.txt_6
the Joint Office,PARTNERS_WITH,DOE,doc_27.txt_6
US,RELATED_TO,Level 2,doc_27.txt_9
US,RELATED_TO,SEC,doc_27.txt_9
Level 2,RELATED_TO,SEC,doc_27.txt_9
SEC,RELATED_TO,Charging and Fueling Infrastructure Program,doc_27.txt_10
SEC,RELATED_TO,the National Electric Vehicle Infrastructure,doc_27.txt_10
SEC,RELATED_TO,NEVI,doc_27.txt_10
SEC,RELATED_TO,Formula Program,doc_27.txt_10
Charging and Fueling Infrastructure Program,RELATED_TO,the National Electric Vehicle Infrastructure,doc_27.txt_10
Charging and Fueling Infrastructure Program,RELATED_TO,NEVI,doc_27.txt_10
Charging and Fueling Infrastructure Program,RELATED_TO,Formula Program,doc_27.txt_10
the National Electric Vehicle Infrastructure,RELATED_TO,NEVI,doc_27.txt_10
the National Electric Vehicle Infrastructure,RELATED_TO,Formula Program,doc_27.txt_10
NEVI,RELATED_TO,Formula Program,doc_27.txt_10
The Joint Office,RELATED_TO,NEVI,doc_27.txt_11
the National Charging Experience,RELATED_TO,Electric Vehicle Working Group,doc_27.txt_13
the National Charging Experience,RELATED_TO,US,doc_27.txt_13
the National Charging Experience,RELATED_TO,SEC,doc_27.txt_13
the National Charging Experience,RELATED_TO,EVWG,doc_27.txt_13
Electric Vehicle Working Group,RELATED_TO,US,doc_27.txt_13
Electric Vehicle Working Group,RELATED_TO,SEC,doc_27.txt_13
Electric Vehicle Working Group,RELATED_TO,EVWG,doc_27.txt_13
US,RELATED_TO,SEC,doc_27.txt_13
US,RELATED_TO,EVWG,doc_27.txt_13
SEC,RELATED_TO,EVWG,doc_27.txt_13
US,RELATED_TO,SEC,doc_27.txt_14
US,RELATED_TO,The Joint Office,doc_27.txt_14
US,RELATED_TO,the National Zero-Emission Freight Corridor Strategy,doc_27.txt_14
SEC,RELATED_TO,The Joint Office,doc_27.txt_14
SEC,RELATED_TO,the National Zero-Emission Freight Corridor Strategy,doc_27.txt_14
The Joint Office,RELATED_TO,the National Zero-Emission Freight Corridor Strategy,doc_27.txt_14
US,RELATED_TO,the Joint Office,doc_27.txt_15
The Joint Office,RELATED_TO,electrician,doc_27.txt_16
US,RELATED_TO,the Electric Vehicle Infrastructure Training Program and,doc_27.txt_17
US,RELATED_TO,Independent Electrical Contractors Electric,doc_27.txt_17
US,RELATED_TO,CFR 680.106(j)(1,doc_27.txt_17
the Electric Vehicle Infrastructure Training Program and,RELATED_TO,Independent Electrical Contractors Electric,doc_27.txt_17
the Electric Vehicle Infrastructure Training Program and,RELATED_TO,CFR 680.106(j)(1,doc_27.txt_17
Independent Electrical Contractors Electric,RELATED_TO,CFR 680.106(j)(1,doc_27.txt_17
US,RELATED_TO,SEC,doc_27.txt_18
US,RELATED_TO,the Joint Office,doc_27.txt_18
US,RELATED_TO,Americans,doc_27.txt_18
SEC,RELATED_TO,the Joint Office,doc_27.txt_18
SEC,RELATED_TO,Americans,doc_27.txt_18
the Joint Office,RELATED_TO,Americans,doc_27.txt_18
IRA,RELATED_TO,US,doc_28.txt_0
IRA,RELATED_TO,Deloitte,doc_28.txt_0
IRA,RELATED_TO,Deloitte Insights,doc_28.txt_0
IRA,RELATED_TO,CPE,doc_28.txt_0
US,RELATED_TO,Deloitte,doc_28.txt_0
US,RELATED_TO,Deloitte Insights,doc_28.txt_0
US,RELATED_TO,CPE,doc_28.txt_0
Deloitte,RELATED_TO,Deloitte Insights,doc_28.txt_0
Deloitte,RELATED_TO,CPE,doc_28.txt_0
Deloitte Insights,RELATED_TO,CPE,doc_28.txt_0
Tanya Ott,RELATED_TO,MyDeloitte,doc_28.txt_1
Tanya Ott,RELATED_TO,US,doc_28.txt_1
MyDeloitte,RELATED_TO,US,doc_28.txt_1
GM,RELATED_TO,Deloitte,doc_28.txt_2
US,RELATED_TO,COVID-19,doc_28.txt_3
Learn,RELATED_TO,Deloitte,doc_28.txt_5
US,RELATED_TO,EV,doc_28.txt_6
US,RELATED_TO,Deloitte,doc_28.txt_6
US,RELATED_TO,COVID-19,doc_28.txt_6
EV,RELATED_TO,Deloitte,doc_28.txt_6
EV,RELATED_TO,COVID-19,doc_28.txt_6
Deloitte,RELATED_TO,COVID-19,doc_28.txt_6
US,MANUFACTURES,EV,doc_28.txt_7
US,RELATED_TO,the United Kingdom,doc_28.txt_9
US,RELATED_TO,GM,doc_28.txt_9
US,RELATED_TO,Paramount,doc_28.txt_9
the United Kingdom,RELATED_TO,GM,doc_28.txt_9
the United Kingdom,RELATED_TO,Paramount,doc_28.txt_9
GM,RELATED_TO,Paramount,doc_28.txt_9
US,RELATED_TO,PHEVs).1 Unless,doc_28.txt_10
EV,SURPASSED,US,doc_28.txt_11
EV,SURPASSED,PHEV,doc_28.txt_11
EV,SURPASSED,BEV,doc_28.txt_11
EV,SURPASSED,2.5 per cent,doc_28.txt_11
US,SURPASSED,PHEV,doc_28.txt_11
US,SURPASSED,BEV,doc_28.txt_11
US,SURPASSED,2.5 per cent,doc_28.txt_11
PHEV,SURPASSED,BEV,doc_28.txt_11
PHEV,SURPASSED,2.5 per cent,doc_28.txt_11
BEV,SURPASSED,2.5 per cent,doc_28.txt_11
EV,MANUFACTURES,74 per cent,doc_28.txt_12
EV,MANUFACTURES,Europe,doc_28.txt_12
EV,MANUFACTURES,BEV,doc_28.txt_12
EV,MANUFACTURES,China,doc_28.txt_12
74 per cent,MANUFACTURES,Europe,doc_28.txt_12
74 per cent,MANUFACTURES,BEV,doc_28.txt_12
74 per cent,MANUFACTURES,China,doc_28.txt_12
Europe,MANUFACTURES,BEV,doc_28.txt_12
Europe,MANUFACTURES,China,doc_28.txt_12
BEV,MANUFACTURES,China,doc_28.txt_12
United States,RELATED_TO,EV,doc_28.txt_13
United States,RELATED_TO,Europe,doc_28.txt_13
United States,RELATED_TO,the United States,doc_28.txt_13
United States,RELATED_TO,China,doc_28.txt_13
EV,RELATED_TO,Europe,doc_28.txt_13
EV,RELATED_TO,the United States,doc_28.txt_13
EV,RELATED_TO,China,doc_28.txt_13
Europe,RELATED_TO,the United States,doc_28.txt_13
Europe,RELATED_TO,China,doc_28.txt_13
the United States,RELATED_TO,China,doc_28.txt_13
15 per cent,RELATED_TO,EV,doc_28.txt_14
15 per cent,RELATED_TO,United States,doc_28.txt_14
15 per cent,RELATED_TO,2 per cent,doc_28.txt_14
15 per cent,RELATED_TO,Deloitte,doc_28.txt_14
EV,RELATED_TO,United States,doc_28.txt_14
EV,RELATED_TO,2 per cent,doc_28.txt_14
EV,RELATED_TO,Deloitte,doc_28.txt_14
United States,RELATED_TO,2 per cent,doc_28.txt_14
United States,RELATED_TO,Deloitte,doc_28.txt_14
2 per cent,RELATED_TO,Deloitte,doc_28.txt_14
United States,RELATED_TO,EV,doc_28.txt_15
United States,RELATED_TO,2 per cent,doc_28.txt_15
United States,RELATED_TO,US,doc_28.txt_15
United States,RELATED_TO,COVID-19,doc_28.txt_15
EV,RELATED_TO,2 per cent,doc_28.txt_15
EV,RELATED_TO,US,doc_28.txt_15
EV,RELATED_TO,COVID-19,doc_28.txt_15
2 per cent,RELATED_TO,US,doc_28.txt_15
2 per cent,RELATED_TO,COVID-19,doc_28.txt_15
US,RELATED_TO,COVID-19,doc_28.txt_15
EV,MANUFACTURES,Nordics,doc_28.txt_17
EV,MANUFACTURES,SEC,doc_28.txt_17
EV,MANUFACTURES,Europe,doc_28.txt_17
EV,MANUFACTURES,The United Kingdom,doc_28.txt_17
Nordics,MANUFACTURES,SEC,doc_28.txt_17
Nordics,MANUFACTURES,Europe,doc_28.txt_17
Nordics,MANUFACTURES,The United Kingdom,doc_28.txt_17
SEC,MANUFACTURES,Europe,doc_28.txt_17
SEC,MANUFACTURES,The United Kingdom,doc_28.txt_17
Europe,MANUFACTURES,The United Kingdom,doc_28.txt_17
95 per cent,RELATED_TO,55 per cent,doc_28.txt_18
95 per cent,RELATED_TO,US,doc_28.txt_18
95 per cent,RELATED_TO,United Kingdom,doc_28.txt_18
95 per cent,RELATED_TO,Germany,doc_28.txt_18
55 per cent,RELATED_TO,US,doc_28.txt_18
55 per cent,RELATED_TO,United Kingdom,doc_28.txt_18
55 per cent,RELATED_TO,Germany,doc_28.txt_18
US,RELATED_TO,United Kingdom,doc_28.txt_18
US,RELATED_TO,Germany,doc_28.txt_18
United Kingdom,RELATED_TO,Germany,doc_28.txt_18
EU,RELATED_TO,European,doc_28.txt_19
EU,RELATED_TO,Europe,doc_28.txt_19
European,RELATED_TO,Europe,doc_28.txt_19
EV,MANUFACTURES,US,doc_28.txt_20
EV,MANUFACTURES,Europe,doc_28.txt_20
EV,MANUFACTURES,EU,doc_28.txt_20
EV,MANUFACTURES,COVID-19,doc_28.txt_20
US,MANUFACTURES,Europe,doc_28.txt_20
US,MANUFACTURES,EU,doc_28.txt_20
US,MANUFACTURES,COVID-19,doc_28.txt_20
Europe,MANUFACTURES,EU,doc_28.txt_20
Europe,MANUFACTURES,COVID-19,doc_28.txt_20
EU,MANUFACTURES,COVID-19,doc_28.txt_20
95 per cent,RELATED_TO,EV,doc_28.txt_21
95 per cent,RELATED_TO,the European Union,doc_28.txt_21
95 per cent,RELATED_TO,76.3 per cent,doc_28.txt_21
95 per cent,RELATED_TO,38.5 per cent,doc_28.txt_21
EV,RELATED_TO,the European Union,doc_28.txt_21
EV,RELATED_TO,76.3 per cent,doc_28.txt_21
EV,RELATED_TO,38.5 per cent,doc_28.txt_21
the European Union,RELATED_TO,76.3 per cent,doc_28.txt_21
the European Union,RELATED_TO,38.5 per cent,doc_28.txt_21
76.3 per cent,RELATED_TO,38.5 per cent,doc_28.txt_21
China,RELATED_TO,EV,doc_28.txt_23
China,RELATED_TO,China,doc_28.txt_23
EV,RELATED_TO,China,doc_28.txt_23
9 per cent,RELATED_TO,17 per cent,doc_28.txt_24
9 per cent,RELATED_TO,EV,doc_28.txt_24
9 per cent,RELATED_TO,US,doc_28.txt_24
9 per cent,RELATED_TO,PHEV,doc_28.txt_24
17 per cent,RELATED_TO,EV,doc_28.txt_24
17 per cent,RELATED_TO,US,doc_28.txt_24
17 per cent,RELATED_TO,PHEV,doc_28.txt_24
EV,RELATED_TO,US,doc_28.txt_24
EV,RELATED_TO,PHEV,doc_28.txt_24
US,RELATED_TO,PHEV,doc_28.txt_24
EV,RELATED_TO,SEC,doc_28.txt_25
EV,RELATED_TO,China,doc_28.txt_25
EV,RELATED_TO,China,doc_28.txt_25
EV,RELATED_TO,COVID-19,doc_28.txt_25
SEC,RELATED_TO,China,doc_28.txt_25
SEC,RELATED_TO,China,doc_28.txt_25
SEC,RELATED_TO,COVID-19,doc_28.txt_25
China,RELATED_TO,China,doc_28.txt_25
China,RELATED_TO,COVID-19,doc_28.txt_25
China,RELATED_TO,COVID-19,doc_28.txt_25
US,MANUFACTURES,China,doc_28.txt_26
US,MANUFACTURES,China,doc_28.txt_26
US,MANUFACTURES,Chinese,doc_28.txt_26
China,MANUFACTURES,China,doc_28.txt_26
China,MANUFACTURES,Chinese,doc_28.txt_26
China,MANUFACTURES,Chinese,doc_28.txt_26
EV,RELATED_TO,86 per cent,doc_28.txt_27
EV,RELATED_TO,75 per cent,doc_28.txt_27
EV,RELATED_TO,China,doc_28.txt_27
EV,RELATED_TO,China,doc_28.txt_27
86 per cent,RELATED_TO,75 per cent,doc_28.txt_27
86 per cent,RELATED_TO,China,doc_28.txt_27
86 per cent,RELATED_TO,China,doc_28.txt_27
75 per cent,RELATED_TO,China,doc_28.txt_27
75 per cent,RELATED_TO,China,doc_28.txt_27
China,RELATED_TO,China,doc_28.txt_27
China,MANUFACTURES,EV,doc_28.txt_29
China,MANUFACTURES,China,doc_28.txt_29
China,MANUFACTURES,Chinese,doc_28.txt_29
EV,MANUFACTURES,China,doc_28.txt_29
EV,MANUFACTURES,Chinese,doc_28.txt_29
China,MANUFACTURES,Chinese,doc_28.txt_29
Model 3,RELATED_TO,United States,doc_28.txt_30
Model 3,RELATED_TO,EV,doc_28.txt_30
Model 3,RELATED_TO,SEC,doc_28.txt_30
Model 3,RELATED_TO,Model 3,doc_28.txt_30
United States,RELATED_TO,EV,doc_28.txt_30
United States,RELATED_TO,SEC,doc_28.txt_30
United States,RELATED_TO,Model 3,doc_28.txt_30
EV,RELATED_TO,SEC,doc_28.txt_30
EV,RELATED_TO,Model 3,doc_28.txt_30
SEC,RELATED_TO,Model 3,doc_28.txt_30
United States,MANUFACTURES,EV,doc_28.txt_31
United States,MANUFACTURES,United States,doc_28.txt_31
United States,MANUFACTURES,Europe,doc_28.txt_31
United States,MANUFACTURES,the United States,doc_28.txt_31
EV,MANUFACTURES,United States,doc_28.txt_31
EV,MANUFACTURES,Europe,doc_28.txt_31
EV,MANUFACTURES,the United States,doc_28.txt_31
United States,MANUFACTURES,Europe,doc_28.txt_31
United States,MANUFACTURES,the United States,doc_28.txt_31
Europe,MANUFACTURES,the United States,doc_28.txt_31
United States,COMPETES_WITH,EV,doc_28.txt_32
United States,COMPETES_WITH,US,doc_28.txt_32
United States,COMPETES_WITH,Europe,doc_28.txt_32
United States,COMPETES_WITH,the United States,doc_28.txt_32
EV,COMPETES_WITH,US,doc_28.txt_32
EV,COMPETES_WITH,Europe,doc_28.txt_32
EV,COMPETES_WITH,the United States,doc_28.txt_32
US,COMPETES_WITH,Europe,doc_28.txt_32
US,COMPETES_WITH,the United States,doc_28.txt_32
Europe,COMPETES_WITH,the United States,doc_28.txt_32
US,RELATED_TO,India,doc_28.txt_33
81 per cent,RELATED_TO,PHEV,doc_28.txt_34
81 per cent,RELATED_TO,EV,doc_28.txt_34
81 per cent,RELATED_TO,Deloitte,doc_28.txt_34
PHEV,RELATED_TO,EV,doc_28.txt_34
PHEV,RELATED_TO,Deloitte,doc_28.txt_34
EV,RELATED_TO,Deloitte,doc_28.txt_34
PHEV,RELATED_TO,COVID-19,doc_28.txt_35
approximately 32 per cent,RELATED_TO,29 per cent,doc_28.txt_36
approximately 32 per cent,RELATED_TO,EV,doc_28.txt_36
approximately 32 per cent,RELATED_TO,SEC,doc_28.txt_36
29 per cent,RELATED_TO,EV,doc_28.txt_36
29 per cent,RELATED_TO,SEC,doc_28.txt_36
EV,RELATED_TO,SEC,doc_28.txt_36
49 per cent,RELATED_TO,EV,doc_28.txt_38
49 per cent,RELATED_TO,14 per cent,doc_28.txt_38
49 per cent,RELATED_TO,United States,doc_28.txt_38
49 per cent,RELATED_TO,27 per cent,doc_28.txt_38
EV,RELATED_TO,14 per cent,doc_28.txt_38
EV,RELATED_TO,United States,doc_28.txt_38
EV,RELATED_TO,27 per cent,doc_28.txt_38
14 per cent,RELATED_TO,United States,doc_28.txt_38
14 per cent,RELATED_TO,27 per cent,doc_28.txt_38
United States,RELATED_TO,27 per cent,doc_28.txt_38
United States,RELATED_TO,42 per cent,doc_28.txt_39
United States,RELATED_TO,DOE,doc_28.txt_39
United States,RELATED_TO,27 per cent,doc_28.txt_39
United States,RELATED_TO,Europe,doc_28.txt_39
42 per cent,RELATED_TO,DOE,doc_28.txt_39
42 per cent,RELATED_TO,27 per cent,doc_28.txt_39
42 per cent,RELATED_TO,Europe,doc_28.txt_39
DOE,RELATED_TO,27 per cent,doc_28.txt_39
DOE,RELATED_TO,Europe,doc_28.txt_39
27 per cent,RELATED_TO,Europe,doc_28.txt_39
Southern,RELATED_TO,DOE,doc_28.txt_40
Southern,RELATED_TO,Germany,doc_28.txt_40
Southern,RELATED_TO,Nordic,doc_28.txt_40
Southern,RELATED_TO,Germany,doc_28.txt_40
DOE,RELATED_TO,Germany,doc_28.txt_40
DOE,RELATED_TO,Nordic,doc_28.txt_40
DOE,RELATED_TO,Germany,doc_28.txt_40
Germany,RELATED_TO,Nordic,doc_28.txt_40
Germany,RELATED_TO,Germany,doc_28.txt_40
Nordic,RELATED_TO,Germany,doc_28.txt_40
US,RELATED_TO,EV,doc_28.txt_41
China,RELATED_TO,EV,doc_28.txt_45
China,RELATED_TO,China,doc_28.txt_45
EV,RELATED_TO,China,doc_28.txt_45
Germany,RELATED_TO,Germany,doc_28.txt_46
Germany,RELATED_TO,France,doc_28.txt_46
Germany,RELATED_TO,France,doc_28.txt_46
US,RELATED_TO,EV,doc_28.txt_47
$146 billion,RELATED_TO,EV,doc_28.txt_49
$146 billion,RELATED_TO,Germany,doc_28.txt_49
$146 billion,RELATED_TO,Germany,doc_28.txt_49
$146 billion,RELATED_TO,$2.8 billion,doc_28.txt_49
EV,RELATED_TO,Germany,doc_28.txt_49
EV,RELATED_TO,Germany,doc_28.txt_49
EV,RELATED_TO,$2.8 billion,doc_28.txt_49
Germany,RELATED_TO,Germany,doc_28.txt_49
Germany,RELATED_TO,$2.8 billion,doc_28.txt_49
Germany,RELATED_TO,$2.8 billion,doc_28.txt_49
an additional $378 million,RELATED_TO,China,doc_28.txt_50
an additional $378 million,RELATED_TO,China,doc_28.txt_50
an additional $378 million,RELATED_TO,COVID-19,doc_28.txt_50
China,RELATED_TO,China,doc_28.txt_50
China,RELATED_TO,COVID-19,doc_28.txt_50
China,RELATED_TO,COVID-19,doc_28.txt_50
Netherlands,RELATED_TO,EV,doc_28.txt_51
Netherlands,RELATED_TO,Chinese,doc_28.txt_51
Netherlands,RELATED_TO,Norway,doc_28.txt_51
EV,RELATED_TO,Chinese,doc_28.txt_51
EV,RELATED_TO,Norway,doc_28.txt_51
Chinese,RELATED_TO,Norway,doc_28.txt_51
EU,MANUFACTURES,European,doc_28.txt_54
EU,MANUFACTURES,Deloitte,doc_28.txt_54
EU,MANUFACTURES,Europe,doc_28.txt_54
European,MANUFACTURES,Deloitte,doc_28.txt_54
European,MANUFACTURES,Europe,doc_28.txt_54
Deloitte,MANUFACTURES,Europe,doc_28.txt_54
US,RELATED_TO,$0.5 billion,doc_28.txt_55
US,RELATED_TO,$3.7 billion,doc_28.txt_55
US,RELATED_TO,approximately $39 billion,doc_28.txt_55
$0.5 billion,RELATED_TO,$3.7 billion,doc_28.txt_55
$0.5 billion,RELATED_TO,approximately $39 billion,doc_28.txt_55
$3.7 billion,RELATED_TO,approximately $39 billion,doc_28.txt_55
Brussels,RELATED_TO,Seattle,doc_28.txt_57
Brussels,RELATED_TO,Barcelona,doc_28.txt_57
Brussels,RELATED_TO,United Kingdom,doc_28.txt_57
Brussels,RELATED_TO,US,doc_28.txt_57
Seattle,RELATED_TO,Barcelona,doc_28.txt_57
Seattle,RELATED_TO,United Kingdom,doc_28.txt_57
Seattle,RELATED_TO,US,doc_28.txt_57
Barcelona,RELATED_TO,United Kingdom,doc_28.txt_57
Barcelona,RELATED_TO,US,doc_28.txt_57
United Kingdom,RELATED_TO,US,doc_28.txt_57
US,RELATED_TO,Apple,doc_28.txt_58
Netherlands,MANUFACTURES,China,doc_28.txt_60
Netherlands,MANUFACTURES,EV,doc_28.txt_60
Netherlands,MANUFACTURES,China,doc_28.txt_60
China,MANUFACTURES,EV,doc_28.txt_60
China,MANUFACTURES,China,doc_28.txt_60
EV,MANUFACTURES,China,doc_28.txt_60
19 per cent,RELATED_TO,"around $7,000",doc_28.txt_62
19 per cent,RELATED_TO,US,doc_28.txt_62
19 per cent,RELATED_TO,Germany,doc_28.txt_62
19 per cent,RELATED_TO,"an almost $8,000",doc_28.txt_62
"around $7,000",RELATED_TO,US,doc_28.txt_62
"around $7,000",RELATED_TO,Germany,doc_28.txt_62
"around $7,000",RELATED_TO,"an almost $8,000",doc_28.txt_62
US,RELATED_TO,Germany,doc_28.txt_62
US,RELATED_TO,"an almost $8,000",doc_28.txt_62
Germany,RELATED_TO,"an almost $8,000",doc_28.txt_62
US,RELATED_TO,"up to $13,500",doc_28.txt_63
US,RELATED_TO,EV,doc_28.txt_63
"up to $13,500",RELATED_TO,EV,doc_28.txt_63
China,RELATED_TO,EV,doc_28.txt_64
China,RELATED_TO,China,doc_28.txt_64
China,RELATED_TO,COVID-19.27 In,doc_28.txt_64
EV,RELATED_TO,China,doc_28.txt_64
EV,RELATED_TO,COVID-19.27 In,doc_28.txt_64
China,RELATED_TO,COVID-19.27 In,doc_28.txt_64
US,RELATED_TO,COVID-19,doc_28.txt_66
US,RELATED_TO,Ford,doc_28.txt_66
COVID-19,RELATED_TO,Ford,doc_28.txt_66
EV,RELATED_TO,US,doc_28.txt_67
EV,RELATED_TO,Europe,doc_28.txt_67
EV,RELATED_TO,BEV,doc_28.txt_67
EV,RELATED_TO,EU,doc_28.txt_67
US,RELATED_TO,Europe,doc_28.txt_67
US,RELATED_TO,BEV,doc_28.txt_67
US,RELATED_TO,EU,doc_28.txt_67
Europe,RELATED_TO,BEV,doc_28.txt_67
Europe,RELATED_TO,EU,doc_28.txt_67
BEV,RELATED_TO,EU,doc_28.txt_67
the United States,RELATED_TO,IHS Markit,doc_28.txt_68
the United States,RELATED_TO,United States,doc_28.txt_68
IHS Markit,RELATED_TO,United States,doc_28.txt_68
US,MANUFACTURES,EV,doc_28.txt_70
the United States,RELATED_TO,United States,doc_28.txt_71
the United States,RELATED_TO,EV,doc_28.txt_71
the United States,RELATED_TO,Chinese,doc_28.txt_71
United States,RELATED_TO,EV,doc_28.txt_71
United States,RELATED_TO,Chinese,doc_28.txt_71
EV,RELATED_TO,Chinese,doc_28.txt_71
BEV,RELATED_TO,PHEV,doc_28.txt_72
BEV,RELATED_TO,EV,doc_28.txt_72
BEV,RELATED_TO,Ford,doc_28.txt_72
PHEV,RELATED_TO,EV,doc_28.txt_72
PHEV,RELATED_TO,Ford,doc_28.txt_72
EV,RELATED_TO,Ford,doc_28.txt_72
US,RELATED_TO,Deloitte,doc_28.txt_74
US,RELATED_TO,Europe,doc_28.txt_74
US,RELATED_TO,EU,doc_28.txt_74
US,RELATED_TO,63 per cent,doc_28.txt_74
Deloitte,RELATED_TO,Europe,doc_28.txt_74
Deloitte,RELATED_TO,EU,doc_28.txt_74
Deloitte,RELATED_TO,63 per cent,doc_28.txt_74
Europe,RELATED_TO,EU,doc_28.txt_74
Europe,RELATED_TO,63 per cent,doc_28.txt_74
EU,RELATED_TO,63 per cent,doc_28.txt_74
US,RELATED_TO,COVID-19,doc_28.txt_77
US,RELATED_TO,SEC,doc_28.txt_78
over $18 billion,PARTNERS_WITH,EV,doc_28.txt_79
over $18 billion,PARTNERS_WITH,US,doc_28.txt_79
over $18 billion,PARTNERS_WITH,Western,doc_28.txt_79
over $18 billion,PARTNERS_WITH,China,doc_28.txt_79
EV,PARTNERS_WITH,US,doc_28.txt_79
EV,PARTNERS_WITH,Western,doc_28.txt_79
EV,PARTNERS_WITH,China,doc_28.txt_79
US,PARTNERS_WITH,Western,doc_28.txt_79
US,PARTNERS_WITH,China,doc_28.txt_79
Western,PARTNERS_WITH,China,doc_28.txt_79
China,RELATED_TO,China,doc_28.txt_80
US,RELATED_TO,EV,doc_28.txt_82
US,RELATED_TO,GM,doc_28.txt_83
GM,RELATED_TO,EV,doc_28.txt_84
GM,RELATED_TO,US,doc_28.txt_84
GM,RELATED_TO,SEC,doc_28.txt_84
GM,RELATED_TO,Monitor Deloitte’s,doc_28.txt_84
EV,RELATED_TO,US,doc_28.txt_84
EV,RELATED_TO,SEC,doc_28.txt_84
EV,RELATED_TO,Monitor Deloitte’s,doc_28.txt_84
US,RELATED_TO,SEC,doc_28.txt_84
US,RELATED_TO,Monitor Deloitte’s,doc_28.txt_84
SEC,RELATED_TO,Monitor Deloitte’s,doc_28.txt_84
GM,RELATED_TO,EV,doc_28.txt_85
EV,RELATED_TO,35 per cent,doc_28.txt_86
EV,RELATED_TO,United Kingdom,doc_28.txt_86
EV,RELATED_TO,DOE,doc_28.txt_86
EV,RELATED_TO,3.1 per cent,doc_28.txt_86
35 per cent,RELATED_TO,United Kingdom,doc_28.txt_86
35 per cent,RELATED_TO,DOE,doc_28.txt_86
35 per cent,RELATED_TO,3.1 per cent,doc_28.txt_86
United Kingdom,RELATED_TO,DOE,doc_28.txt_86
United Kingdom,RELATED_TO,3.1 per cent,doc_28.txt_86
DOE,RELATED_TO,3.1 per cent,doc_28.txt_86
United Kingdom,RELATED_TO,GM,doc_28.txt_87
United Kingdom,RELATED_TO,EV,doc_28.txt_87
GM,RELATED_TO,EV,doc_28.txt_87
US,RELATED_TO,the United Kingdom,doc_28.txt_88
56 per cent,RELATED_TO,GM,doc_28.txt_89
56 per cent,RELATED_TO,US,doc_28.txt_89
GM,RELATED_TO,US,doc_28.txt_89
US,RELATED_TO,382,doc_28.txt_90
US,RELATED_TO,GBP/USD,doc_28.txt_90
382,RELATED_TO,GBP/USD,doc_28.txt_90
GM,RELATED_TO,US,doc_28.txt_91
GM,RELATED_TO,United Kingdom,doc_28.txt_91
GM,RELATED_TO,Customer Portraits®,doc_28.txt_91
GM,RELATED_TO,Customer Portraits,doc_28.txt_91
US,RELATED_TO,United Kingdom,doc_28.txt_91
US,RELATED_TO,Customer Portraits®,doc_28.txt_91
US,RELATED_TO,Customer Portraits,doc_28.txt_91
United Kingdom,RELATED_TO,Customer Portraits®,doc_28.txt_91
United Kingdom,RELATED_TO,Customer Portraits,doc_28.txt_91
Customer Portraits®,RELATED_TO,Customer Portraits,doc_28.txt_91
US,RELATED_TO,GM,doc_28.txt_92
US,RELATED_TO,OEM,doc_28.txt_92
GM,RELATED_TO,OEM,doc_28.txt_92
US,RELATED_TO,United Kingdom,doc_28.txt_93
US,RELATED_TO,GM,doc_28.txt_93
United Kingdom,RELATED_TO,GM,doc_28.txt_93
US,RELATED_TO,GM,doc_28.txt_94
US,RELATED_TO,Customer Portraits,doc_28.txt_94
GM,RELATED_TO,Customer Portraits,doc_28.txt_94
GM,RELATED_TO,EV,doc_28.txt_95
GM,RELATED_TO,EV,doc_28.txt_96
GM,RELATED_TO,69 per cent,doc_28.txt_96
GM,RELATED_TO,US,doc_28.txt_96
GM,RELATED_TO,United Kingdom,doc_28.txt_96
EV,RELATED_TO,69 per cent,doc_28.txt_96
EV,RELATED_TO,US,doc_28.txt_96
EV,RELATED_TO,United Kingdom,doc_28.txt_96
69 per cent,RELATED_TO,US,doc_28.txt_96
69 per cent,RELATED_TO,United Kingdom,doc_28.txt_96
US,RELATED_TO,United Kingdom,doc_28.txt_96
GM,RELATED_TO,EV,doc_28.txt_97
United Kingdom,RELATED_TO,GM,doc_28.txt_98
United Kingdom,RELATED_TO,COVID-19,doc_28.txt_98
United Kingdom,RELATED_TO,Deloitte,doc_28.txt_98
GM,RELATED_TO,COVID-19,doc_28.txt_98
GM,RELATED_TO,Deloitte,doc_28.txt_98
COVID-19,RELATED_TO,Deloitte,doc_28.txt_98
the United Kingdom,RELATED_TO,SEC,doc_28.txt_99
United Kingdom,RELATED_TO,GM,doc_28.txt_100
United Kingdom,RELATED_TO,Deloitte,doc_28.txt_100
GM,RELATED_TO,Deloitte,doc_28.txt_100
US,RELATED_TO,GM,doc_28.txt_101
US,RELATED_TO,COVID-19,doc_28.txt_101
GM,RELATED_TO,COVID-19,doc_28.txt_101
SEC,RELATED_TO,GM,doc_28.txt_102
US,RELATED_TO,GM,doc_28.txt_104
US,RELATED_TO,GM,doc_28.txt_105
US,RELATED_TO,EV,doc_28.txt_105
US,RELATED_TO,COVID-19,doc_28.txt_105
GM,RELATED_TO,EV,doc_28.txt_105
GM,RELATED_TO,COVID-19,doc_28.txt_105
EV,RELATED_TO,COVID-19,doc_28.txt_105
EV-volumes.com,RELATED_TO,US,doc_28.txt_106
EV-volumes.com,RELATED_TO,Deloitte,doc_28.txt_106
EV-volumes.com,RELATED_TO,Mark Milward,doc_28.txt_106
EV-volumes.com,RELATED_TO,IHS Markit,doc_28.txt_106
US,RELATED_TO,Deloitte,doc_28.txt_106
US,RELATED_TO,Mark Milward,doc_28.txt_106
US,RELATED_TO,IHS Markit,doc_28.txt_106
Deloitte,RELATED_TO,Mark Milward,doc_28.txt_106
Deloitte,RELATED_TO,IHS Markit,doc_28.txt_106
Mark Milward,RELATED_TO,IHS Markit,doc_28.txt_106
10%,RELATED_TO,BBC,doc_28.txt_107
10%,RELATED_TO,Norway,doc_28.txt_107
10%,RELATED_TO,InsideEVs,doc_28.txt_107
10%,RELATED_TO,https://insideevs.com/news/391146/2019-plugin-car-sales-norway-increased/,doc_28.txt_107
BBC,RELATED_TO,Norway,doc_28.txt_107
BBC,RELATED_TO,InsideEVs,doc_28.txt_107
BBC,RELATED_TO,https://insideevs.com/news/391146/2019-plugin-car-sales-norway-increased/,doc_28.txt_107
Norway,RELATED_TO,InsideEVs,doc_28.txt_107
Norway,RELATED_TO,https://insideevs.com/news/391146/2019-plugin-car-sales-norway-increased/,doc_28.txt_107
InsideEVs,RELATED_TO,https://insideevs.com/news/391146/2019-plugin-car-sales-norway-increased/,doc_28.txt_107
US,RELATED_TO,Germany,doc_28.txt_108
US,RELATED_TO,Germany,doc_28.txt_108
US,RELATED_TO,EU,doc_28.txt_108
US,RELATED_TO,Federal Ministry,doc_28.txt_108
Germany,RELATED_TO,Germany,doc_28.txt_108
Germany,RELATED_TO,EU,doc_28.txt_108
Germany,RELATED_TO,Federal Ministry,doc_28.txt_108
Germany,RELATED_TO,EU,doc_28.txt_108
Germany,RELATED_TO,Federal Ministry,doc_28.txt_108
EU,RELATED_TO,Federal Ministry,doc_28.txt_108
US,RELATED_TO,Deloitte Global,doc_28.txt_109
US,RELATED_TO,Europe,doc_28.txt_109
US,RELATED_TO,EU,doc_28.txt_109
US,RELATED_TO,European Automobile Association,doc_28.txt_109
Deloitte Global,RELATED_TO,Europe,doc_28.txt_109
Deloitte Global,RELATED_TO,EU,doc_28.txt_109
Deloitte Global,RELATED_TO,European Automobile Association,doc_28.txt_109
Europe,RELATED_TO,EU,doc_28.txt_109
Europe,RELATED_TO,European Automobile Association,doc_28.txt_109
EU,RELATED_TO,European Automobile Association,doc_28.txt_109
Matthias Schmidt,RELATED_TO,Europe,doc_28.txt_110
Matthias Schmidt,RELATED_TO,China,doc_28.txt_110
Matthias Schmidt,RELATED_TO,EU,doc_28.txt_110
Matthias Schmidt,RELATED_TO,China,doc_28.txt_110
Europe,RELATED_TO,China,doc_28.txt_110
Europe,RELATED_TO,EU,doc_28.txt_110
Europe,RELATED_TO,China,doc_28.txt_110
China,RELATED_TO,EU,doc_28.txt_110
China,RELATED_TO,China,doc_28.txt_110
EU,RELATED_TO,China,doc_28.txt_110
Roland Irle,RELATED_TO,EV-Volumes.com,doc_28.txt_111
Roland Irle,RELATED_TO,Reuters,doc_28.txt_111
Roland Irle,RELATED_TO,China,doc_28.txt_111
Roland Irle,RELATED_TO,https://www.ev-volumes.com/,doc_28.txt_111
EV-Volumes.com,RELATED_TO,Reuters,doc_28.txt_111
EV-Volumes.com,RELATED_TO,China,doc_28.txt_111
EV-Volumes.com,RELATED_TO,https://www.ev-volumes.com/,doc_28.txt_111
Reuters,RELATED_TO,China,doc_28.txt_111
Reuters,RELATED_TO,https://www.ev-volumes.com/,doc_28.txt_111
China,RELATED_TO,https://www.ev-volumes.com/,doc_28.txt_111
http://www.caam.org.cn/chn/21/cate_158/con_5229834.html,MANUFACTURES,China Association of Automobile Manufacturers,doc_28.txt_112
http://www.caam.org.cn/chn/21/cate_158/con_5229834.html,MANUFACTURES,US,doc_28.txt_112
http://www.caam.org.cn/chn/21/cate_158/con_5229834.html,MANUFACTURES,Evelyn Cheng,doc_28.txt_112
http://www.caam.org.cn/chn/21/cate_158/con_5229834.html,MANUFACTURES,China,doc_28.txt_112
China Association of Automobile Manufacturers,MANUFACTURES,US,doc_28.txt_112
China Association of Automobile Manufacturers,MANUFACTURES,Evelyn Cheng,doc_28.txt_112
China Association of Automobile Manufacturers,MANUFACTURES,China,doc_28.txt_112
US,MANUFACTURES,Evelyn Cheng,doc_28.txt_112
US,MANUFACTURES,China,doc_28.txt_112
Evelyn Cheng,MANUFACTURES,China,doc_28.txt_112
US,RELATED_TO,https://cleantechnica.com/2019/12/13/tesla-scores-77-of-us-electric-vehicle-sales-cleantechnica-report/,doc_28.txt_113
US,RELATED_TO,EV-volumes.com,doc_28.txt_113
US,RELATED_TO,US,doc_28.txt_113
US,RELATED_TO,Deloitte,doc_28.txt_113
https://cleantechnica.com/2019/12/13/tesla-scores-77-of-us-electric-vehicle-sales-cleantechnica-report/,RELATED_TO,EV-volumes.com,doc_28.txt_113
https://cleantechnica.com/2019/12/13/tesla-scores-77-of-us-electric-vehicle-sales-cleantechnica-report/,RELATED_TO,US,doc_28.txt_113
https://cleantechnica.com/2019/12/13/tesla-scores-77-of-us-electric-vehicle-sales-cleantechnica-report/,RELATED_TO,Deloitte,doc_28.txt_113
EV-volumes.com,RELATED_TO,US,doc_28.txt_113
EV-volumes.com,RELATED_TO,Deloitte,doc_28.txt_113
US,RELATED_TO,Deloitte,doc_28.txt_113
US,RELATED_TO,Deloitte Global,doc_28.txt_114
US,RELATED_TO,Germany,doc_28.txt_115
US,RELATED_TO,Germany,doc_28.txt_115
US,RELATED_TO,Reuters,doc_28.txt_115
US,RELATED_TO,EU,doc_28.txt_115
Germany,RELATED_TO,Germany,doc_28.txt_115
Germany,RELATED_TO,Reuters,doc_28.txt_115
Germany,RELATED_TO,EU,doc_28.txt_115
Germany,RELATED_TO,Reuters,doc_28.txt_115
Germany,RELATED_TO,EU,doc_28.txt_115
Reuters,RELATED_TO,EU,doc_28.txt_115
US,RELATED_TO,https://insideevs.com/news/391681/plugin-car-sales-netherlands-all-time-records/,doc_28.txt_116
US,RELATED_TO,China,doc_28.txt_116
US,RELATED_TO,China,doc_28.txt_116
US,RELATED_TO,Netherlands,doc_28.txt_116
https://insideevs.com/news/391681/plugin-car-sales-netherlands-all-time-records/,RELATED_TO,China,doc_28.txt_116
https://insideevs.com/news/391681/plugin-car-sales-netherlands-all-time-records/,RELATED_TO,China,doc_28.txt_116
https://insideevs.com/news/391681/plugin-car-sales-netherlands-all-time-records/,RELATED_TO,Netherlands,doc_28.txt_116
China,RELATED_TO,China,doc_28.txt_116
China,RELATED_TO,Netherlands,doc_28.txt_116
China,RELATED_TO,Netherlands,doc_28.txt_116
Reducing CO2,RELATED_TO,European Commission,doc_28.txt_117
Reducing CO2,RELATED_TO,Cutting CO2,doc_28.txt_117
Reducing CO2,RELATED_TO,US,doc_28.txt_117
Reducing CO2,RELATED_TO,Deloitte,doc_28.txt_117
European Commission,RELATED_TO,Cutting CO2,doc_28.txt_117
European Commission,RELATED_TO,US,doc_28.txt_117
European Commission,RELATED_TO,Deloitte,doc_28.txt_117
Cutting CO2,RELATED_TO,US,doc_28.txt_117
Cutting CO2,RELATED_TO,Deloitte,doc_28.txt_117
US,RELATED_TO,Deloitte,doc_28.txt_117
US,RELATED_TO,Germany,doc_28.txt_118
US,RELATED_TO,Germany,doc_28.txt_118
US,RELATED_TO,Europe,doc_28.txt_118
US,RELATED_TO,EU,doc_28.txt_118
Germany,RELATED_TO,Germany,doc_28.txt_118
Germany,RELATED_TO,Europe,doc_28.txt_118
Germany,RELATED_TO,EU,doc_28.txt_118
Germany,RELATED_TO,Europe,doc_28.txt_118
Germany,RELATED_TO,EU,doc_28.txt_118
Europe,RELATED_TO,EU,doc_28.txt_118
SEC,MANUFACTURES,Europe,doc_28.txt_119
SEC,MANUFACTURES,EU,doc_28.txt_119
SEC,MANUFACTURES,Automotive News Europe,doc_28.txt_119
SEC,MANUFACTURES,8.8B,doc_28.txt_119
Europe,MANUFACTURES,EU,doc_28.txt_119
Europe,MANUFACTURES,Automotive News Europe,doc_28.txt_119
Europe,MANUFACTURES,8.8B,doc_28.txt_119
EU,MANUFACTURES,Automotive News Europe,doc_28.txt_119
EU,MANUFACTURES,8.8B,doc_28.txt_119
Automotive News Europe,MANUFACTURES,8.8B,doc_28.txt_119
US,RELATED_TO,China,doc_28.txt_120
US,RELATED_TO,China,doc_28.txt_120
US,RELATED_TO,https://www.cnbc.com/2020/05/04/electric-cars-take-the-spotlight-in-chinas-post-coronavirus-stimulus-plans.html,doc_28.txt_120
China,RELATED_TO,China,doc_28.txt_120
China,RELATED_TO,https://www.cnbc.com/2020/05/04/electric-cars-take-the-spotlight-in-chinas-post-coronavirus-stimulus-plans.html,doc_28.txt_120
China,RELATED_TO,https://www.cnbc.com/2020/05/04/electric-cars-take-the-spotlight-in-chinas-post-coronavirus-stimulus-plans.html,doc_28.txt_120
US,MANUFACTURES,https://www.automotive-fleet.com/135579/vw-we-will-sell-up-to-3m-evs-in-2025,doc_28.txt_121
US,MANUFACTURES,Volkswagen,doc_28.txt_121
https://www.automotive-fleet.com/135579/vw-we-will-sell-up-to-3m-evs-in-2025,MANUFACTURES,Volkswagen,doc_28.txt_121
US,MANUFACTURES,https://asia.nikkei.com/Business/Automobiles/Toyota-aims-to-sell-500-000-EVs-in-2025-chasing-VW-s-3,doc_28.txt_122
US,MANUFACTURES,Toyota,doc_28.txt_122
https://asia.nikkei.com/Business/Automobiles/Toyota-aims-to-sell-500-000-EVs-in-2025-chasing-VW-s-3,MANUFACTURES,Toyota,doc_28.txt_122
https://www.daimler.com/investors/reports-news/financial-news/20190513-ambition-2039.html,INVESTED_IN,US,doc_28.txt_123
https://www.daimler.com/investors/reports-news/financial-news/20190513-ambition-2039.html,INVESTED_IN,https://www.daimler.com/innovation/case/electric/driven-by-eq-2.html,doc_28.txt_123
https://www.daimler.com/investors/reports-news/financial-news/20190513-ambition-2039.html,INVESTED_IN,Daimler,doc_28.txt_123
https://www.daimler.com/investors/reports-news/financial-news/20190513-ambition-2039.html,INVESTED_IN,https://www.daimler.com/company/news/joint-venture-with-geely.html,doc_28.txt_123
US,INVESTED_IN,https://www.daimler.com/innovation/case/electric/driven-by-eq-2.html,doc_28.txt_123
US,INVESTED_IN,Daimler,doc_28.txt_123
US,INVESTED_IN,https://www.daimler.com/company/news/joint-venture-with-geely.html,doc_28.txt_123
https://www.daimler.com/innovation/case/electric/driven-by-eq-2.html,INVESTED_IN,Daimler,doc_28.txt_123
https://www.daimler.com/innovation/case/electric/driven-by-eq-2.html,INVESTED_IN,https://www.daimler.com/company/news/joint-venture-with-geely.html,doc_28.txt_123
Daimler,INVESTED_IN,https://www.daimler.com/company/news/joint-venture-with-geely.html,doc_28.txt_123
US,RELATED_TO,Ford,doc_28.txt_124
US,RELATED_TO,https://www.reuters.com/article/us-autoshow-la-ford-electric-focus/ford-bets-on-an-electric-mustang-to-charge-its-turnaround-idUSKBN1XS05L,doc_28.txt_124
US,RELATED_TO,EU,doc_28.txt_124
US,RELATED_TO,Ford Motor Company,doc_28.txt_124
Ford,RELATED_TO,https://www.reuters.com/article/us-autoshow-la-ford-electric-focus/ford-bets-on-an-electric-mustang-to-charge-its-turnaround-idUSKBN1XS05L,doc_28.txt_124
Ford,RELATED_TO,EU,doc_28.txt_124
Ford,RELATED_TO,Ford Motor Company,doc_28.txt_124
https://www.reuters.com/article/us-autoshow-la-ford-electric-focus/ford-bets-on-an-electric-mustang-to-charge-its-turnaround-idUSKBN1XS05L,RELATED_TO,EU,doc_28.txt_124
https://www.reuters.com/article/us-autoshow-la-ford-electric-focus/ford-bets-on-an-electric-mustang-to-charge-its-turnaround-idUSKBN1XS05L,RELATED_TO,Ford Motor Company,doc_28.txt_124
EU,RELATED_TO,Ford Motor Company,doc_28.txt_124
US,RELATED_TO,GM,doc_28.txt_125
US,RELATED_TO,https://www.cnbc.com/2019/12/12/gm-expects-cadillac-to-be-majority-if-not-all-evs-by-2030.html,doc_28.txt_125
US,RELATED_TO,Renault,doc_28.txt_125
GM,RELATED_TO,https://www.cnbc.com/2019/12/12/gm-expects-cadillac-to-be-majority-if-not-all-evs-by-2030.html,doc_28.txt_125
GM,RELATED_TO,Renault,doc_28.txt_125
https://www.cnbc.com/2019/12/12/gm-expects-cadillac-to-be-majority-if-not-all-evs-by-2030.html,RELATED_TO,Renault,doc_28.txt_125
EU,RELATED_TO,Honda,doc_28.txt_127
EU,RELATED_TO,https://hondanews.eu/eu/lt/corporate/media/pressreleases/162386/honda-commits-to-total-electrification-in-europe-by-2025,doc_28.txt_127
EU,RELATED_TO,Europe,doc_28.txt_127
Honda,RELATED_TO,https://hondanews.eu/eu/lt/corporate/media/pressreleases/162386/honda-commits-to-total-electrification-in-europe-by-2025,doc_28.txt_127
Honda,RELATED_TO,Europe,doc_28.txt_127
https://hondanews.eu/eu/lt/corporate/media/pressreleases/162386/honda-commits-to-total-electrification-in-europe-by-2025,RELATED_TO,Europe,doc_28.txt_127
https://www.autocar.co.uk/car-news/new-cars/jaguar-land-rover-invest-%C2%A31bn-three-new-uk-built-evs,INVESTED_IN,Europe,doc_28.txt_128
https://www.autocar.co.uk/car-news/new-cars/jaguar-land-rover-invest-%C2%A31bn-three-new-uk-built-evs,INVESTED_IN,https://www.expressandstar.com/news/motors/2020/03/23/jaguar-land-rover-set-to-invest-1bn-in-uk-ev-production/.,doc_28.txt_128
https://www.autocar.co.uk/car-news/new-cars/jaguar-land-rover-invest-%C2%A31bn-three-new-uk-built-evs,INVESTED_IN,BMW,doc_28.txt_128
https://www.autocar.co.uk/car-news/new-cars/jaguar-land-rover-invest-%C2%A31bn-three-new-uk-built-evs,INVESTED_IN,EU,doc_28.txt_128
Europe,INVESTED_IN,https://www.expressandstar.com/news/motors/2020/03/23/jaguar-land-rover-set-to-invest-1bn-in-uk-ev-production/.,doc_28.txt_128
Europe,INVESTED_IN,BMW,doc_28.txt_128
Europe,INVESTED_IN,EU,doc_28.txt_128
https://www.expressandstar.com/news/motors/2020/03/23/jaguar-land-rover-set-to-invest-1bn-in-uk-ev-production/.,INVESTED_IN,BMW,doc_28.txt_128
https://www.expressandstar.com/news/motors/2020/03/23/jaguar-land-rover-set-to-invest-1bn-in-uk-ev-production/.,INVESTED_IN,EU,doc_28.txt_128
BMW,INVESTED_IN,EU,doc_28.txt_128
US,RELATED_TO,Volvo,doc_28.txt_129
US,RELATED_TO,China,doc_28.txt_129
US,RELATED_TO,Tesla,doc_28.txt_129
US,RELATED_TO,https://techcrunch.com/2019/10/16/volvo-to-roll-out-a-new-electric-vehicle-every-year-through-2025/.,doc_28.txt_129
Volvo,RELATED_TO,China,doc_28.txt_129
Volvo,RELATED_TO,Tesla,doc_28.txt_129
Volvo,RELATED_TO,https://techcrunch.com/2019/10/16/volvo-to-roll-out-a-new-electric-vehicle-every-year-through-2025/.,doc_28.txt_129
China,RELATED_TO,Tesla,doc_28.txt_129
China,RELATED_TO,https://techcrunch.com/2019/10/16/volvo-to-roll-out-a-new-electric-vehicle-every-year-through-2025/.,doc_28.txt_129
Tesla,RELATED_TO,https://techcrunch.com/2019/10/16/volvo-to-roll-out-a-new-electric-vehicle-every-year-through-2025/.,doc_28.txt_129
https://www.greencarcongress.com/2020/01/20200102-hmg.html,RELATED_TO,https://www.ft.com/content/bf70f356-65a4-11e8-a39d-4df188287fff,doc_28.txt_130
https://www.greencarcongress.com/2020/01/20200102-hmg.html,RELATED_TO,BYD,doc_28.txt_130
https://www.greencarcongress.com/2020/01/20200102-hmg.html,RELATED_TO,US,doc_28.txt_130
https://www.greencarcongress.com/2020/01/20200102-hmg.html,RELATED_TO,Fiat Chrysler,doc_28.txt_130
https://www.ft.com/content/bf70f356-65a4-11e8-a39d-4df188287fff,RELATED_TO,BYD,doc_28.txt_130
https://www.ft.com/content/bf70f356-65a4-11e8-a39d-4df188287fff,RELATED_TO,US,doc_28.txt_130
https://www.ft.com/content/bf70f356-65a4-11e8-a39d-4df188287fff,RELATED_TO,Fiat Chrysler,doc_28.txt_130
BYD,RELATED_TO,US,doc_28.txt_130
BYD,RELATED_TO,Fiat Chrysler,doc_28.txt_130
US,RELATED_TO,Fiat Chrysler,doc_28.txt_130
European Federation for Transport and Environment,MANUFACTURES,EU,doc_28.txt_131
European Federation for Transport and Environment,MANUFACTURES,Europe,doc_28.txt_131
EU,MANUFACTURES,Europe,doc_28.txt_131
EV,RELATED_TO,US,doc_28.txt_132
EV,RELATED_TO,Tesla,doc_28.txt_132
EV,RELATED_TO,Reuters,doc_28.txt_132
EV,RELATED_TO,Paul Lienert,doc_28.txt_132
US,RELATED_TO,Tesla,doc_28.txt_132
US,RELATED_TO,Reuters,doc_28.txt_132
US,RELATED_TO,Paul Lienert,doc_28.txt_132
Tesla,RELATED_TO,Reuters,doc_28.txt_132
Tesla,RELATED_TO,Paul Lienert,doc_28.txt_132
Reuters,RELATED_TO,Paul Lienert,doc_28.txt_132
US,RELATED_TO,Deloitte Global,doc_28.txt_133
US,RELATED_TO,Europe,doc_28.txt_133
US,RELATED_TO,EU,doc_28.txt_133
US,RELATED_TO,Deloitte Insights,doc_28.txt_133
Deloitte Global,RELATED_TO,Europe,doc_28.txt_133
Deloitte Global,RELATED_TO,EU,doc_28.txt_133
Deloitte Global,RELATED_TO,Deloitte Insights,doc_28.txt_133
Europe,RELATED_TO,EU,doc_28.txt_133
Europe,RELATED_TO,Deloitte Insights,doc_28.txt_133
EU,RELATED_TO,Deloitte Insights,doc_28.txt_133
$18 billion,RELATED_TO,China,doc_28.txt_134
$18 billion,RELATED_TO,China,doc_28.txt_134
$18 billion,RELATED_TO,Bloomberg,doc_28.txt_134
$18 billion,RELATED_TO,https://www.bloomberg.com/news/articles/2019-04-14/the-18-billion-electric-car-bubble-at-risk-of-bursting-in-china,doc_28.txt_134
China,RELATED_TO,China,doc_28.txt_134
China,RELATED_TO,Bloomberg,doc_28.txt_134
China,RELATED_TO,https://www.bloomberg.com/news/articles/2019-04-14/the-18-billion-electric-car-bubble-at-risk-of-bursting-in-china,doc_28.txt_134
China,RELATED_TO,Bloomberg,doc_28.txt_134
China,RELATED_TO,https://www.bloomberg.com/news/articles/2019-04-14/the-18-billion-electric-car-bubble-at-risk-of-bursting-in-china,doc_28.txt_134
Bloomberg,RELATED_TO,https://www.bloomberg.com/news/articles/2019-04-14/the-18-billion-electric-car-bubble-at-risk-of-bursting-in-china,doc_28.txt_134
US,RELATED_TO,$87 billion,doc_28.txt_135
US,RELATED_TO,Forbes,doc_28.txt_135
US,RELATED_TO,Hyundai,doc_28.txt_135
US,RELATED_TO,Canoo,doc_28.txt_135
$87 billion,RELATED_TO,Forbes,doc_28.txt_135
$87 billion,RELATED_TO,Hyundai,doc_28.txt_135
$87 billion,RELATED_TO,Canoo,doc_28.txt_135
Forbes,RELATED_TO,Hyundai,doc_28.txt_135
Forbes,RELATED_TO,Canoo,doc_28.txt_135
Hyundai,RELATED_TO,Canoo,doc_28.txt_135
GM,RELATED_TO,US,doc_28.txt_136
GM,RELATED_TO,Deloitte,doc_28.txt_136
GM,RELATED_TO,Monitor Deloitte’s,doc_28.txt_136
GM,RELATED_TO,the United Kingdom,doc_28.txt_136
US,RELATED_TO,Deloitte,doc_28.txt_136
US,RELATED_TO,Monitor Deloitte’s,doc_28.txt_136
US,RELATED_TO,the United Kingdom,doc_28.txt_136
Deloitte,RELATED_TO,Monitor Deloitte’s,doc_28.txt_136
Deloitte,RELATED_TO,the United Kingdom,doc_28.txt_136
Monitor Deloitte’s,RELATED_TO,the United Kingdom,doc_28.txt_136
https://reports.mintel.com/display/987894/,RELATED_TO,GM,doc_28.txt_137
https://reports.mintel.com/display/987894/,RELATED_TO,https://www.smmt.co.uk/vehicle-data/evs-and-afvs-registrations/,doc_28.txt_137
https://reports.mintel.com/display/987894/,RELATED_TO,Neil Mason,doc_28.txt_137
https://reports.mintel.com/display/987894/,RELATED_TO,Deloitte,doc_28.txt_137
GM,RELATED_TO,https://www.smmt.co.uk/vehicle-data/evs-and-afvs-registrations/,doc_28.txt_137
GM,RELATED_TO,Neil Mason,doc_28.txt_137
GM,RELATED_TO,Deloitte,doc_28.txt_137
https://www.smmt.co.uk/vehicle-data/evs-and-afvs-registrations/,RELATED_TO,Neil Mason,doc_28.txt_137
https://www.smmt.co.uk/vehicle-data/evs-and-afvs-registrations/,RELATED_TO,Deloitte,doc_28.txt_137
Neil Mason,RELATED_TO,Deloitte,doc_28.txt_137
US,RELATED_TO,https://www2.deloitte.com/us/en/insights/industry/retail-distribution/consumer-behavior-trends-state-of-the-consumer-tracker.html,doc_28.txt_138
US,RELATED_TO,Deloitte,doc_28.txt_138
https://www2.deloitte.com/us/en/insights/industry/retail-distribution/consumer-behavior-trends-state-of-the-consumer-tracker.html,RELATED_TO,Deloitte,doc_28.txt_138
US,RELATED_TO,Deloitte.com,doc_28.txt_139
US,RELATED_TO,Deloitte,doc_28.txt_139
Deloitte.com,RELATED_TO,Deloitte,doc_28.txt_139
US,RELATED_TO,Consulting Partner,doc_28.txt_140
US,RELATED_TO,Europe,doc_28.txt_140
US,RELATED_TO,EU,doc_28.txt_140
US,RELATED_TO,Michael,doc_28.txt_140
Consulting Partner,RELATED_TO,Europe,doc_28.txt_140
Consulting Partner,RELATED_TO,EU,doc_28.txt_140
Consulting Partner,RELATED_TO,Michael,doc_28.txt_140
Europe,RELATED_TO,EU,doc_28.txt_140
Europe,RELATED_TO,Michael,doc_28.txt_140
EU,RELATED_TO,Michael,doc_28.txt_140
US,RELATED_TO,Deloitte,doc_28.txt_141
US,RELATED_TO,UK Consumer,doc_28.txt_141
Deloitte,RELATED_TO,UK Consumer,doc_28.txt_141
EV,RELATED_TO,SEC,doc_28.txt_142
EV,RELATED_TO,Monitor Deloitte’s,doc_28.txt_142
EV,RELATED_TO,Jamie Hamilton,doc_28.txt_142
EV,RELATED_TO,London,doc_28.txt_142
SEC,RELATED_TO,Monitor Deloitte’s,doc_28.txt_142
SEC,RELATED_TO,Jamie Hamilton,doc_28.txt_142
SEC,RELATED_TO,London,doc_28.txt_142
Monitor Deloitte’s,RELATED_TO,Jamie Hamilton,doc_28.txt_142
Monitor Deloitte’s,RELATED_TO,London,doc_28.txt_142
Jamie Hamilton,RELATED_TO,London,doc_28.txt_142
US,RELATED_TO,Jamie,doc_28.txt_143
US,RELATED_TO,Saskia,doc_28.txt_145
US,RELATED_TO,Saskia,doc_28.txt_145
US,RELATED_TO,Kia,doc_28.txt_145
Saskia,RELATED_TO,Saskia,doc_28.txt_145
Saskia,RELATED_TO,Kia,doc_28.txt_145
Saskia,RELATED_TO,Kia,doc_28.txt_145
US,RELATED_TO,Edward,doc_28.txt_146
US,RELATED_TO,the Future of Mobility,doc_28.txt_147
US,RELATED_TO,James,doc_28.txt_147
the Future of Mobility,RELATED_TO,James,doc_28.txt_147
US,RELATED_TO,Email,doc_28.txt_149
US,RELATED_TO,Copy,doc_28.txt_149
Email,RELATED_TO,Copy,doc_28.txt_149
Microsoft,RELATED_TO,Microsoft Edge,doc_28.txt_150
IRA,RELATED_TO,US,doc_28.txt_151
IRA,RELATED_TO,Deloitte,doc_28.txt_151
IRA,RELATED_TO,Learn,doc_28.txt_151
IRA,RELATED_TO,Deloitte Insights,doc_28.txt_151
US,RELATED_TO,Deloitte,doc_28.txt_151
US,RELATED_TO,Learn,doc_28.txt_151
US,RELATED_TO,Deloitte Insights,doc_28.txt_151
Deloitte,RELATED_TO,Learn,doc_28.txt_151
Deloitte,RELATED_TO,Deloitte Insights,doc_28.txt_151
Learn,RELATED_TO,Deloitte Insights,doc_28.txt_151
DTTL,RELATED_TO,DOE,doc_28.txt_152
DTTL,RELATED_TO,Deloitte Touche Tohmatsu Limited,doc_28.txt_152
DTTL,RELATED_TO,EPA,doc_28.txt_152
DTTL,RELATED_TO,Deloitte,doc_28.txt_152
DOE,RELATED_TO,Deloitte Touche Tohmatsu Limited,doc_28.txt_152
DOE,RELATED_TO,EPA,doc_28.txt_152
DOE,RELATED_TO,Deloitte,doc_28.txt_152
Deloitte Touche Tohmatsu Limited,RELATED_TO,EPA,doc_28.txt_152
Deloitte Touche Tohmatsu Limited,RELATED_TO,Deloitte,doc_28.txt_152
EPA,RELATED_TO,Deloitte,doc_28.txt_152
DTTL,RELATED_TO,United States,doc_28.txt_153
DTTL,RELATED_TO,US,doc_28.txt_153
DTTL,RELATED_TO,US,doc_28.txt_153
DTTL,RELATED_TO,Deloitte,doc_28.txt_153
United States,RELATED_TO,US,doc_28.txt_153
United States,RELATED_TO,US,doc_28.txt_153
United States,RELATED_TO,Deloitte,doc_28.txt_153
US,RELATED_TO,US,doc_28.txt_153
US,RELATED_TO,Deloitte,doc_28.txt_153
US,RELATED_TO,Deloitte,doc_28.txt_153
United States,RELATED_TO,United States,doc_29.txt_0
United States,RELATED_TO,US,doc_29.txt_0
United States,RELATED_TO,SEC,doc_29.txt_0
United States,RELATED_TO,the United States,doc_29.txt_0
United States,RELATED_TO,US,doc_29.txt_0
United States,RELATED_TO,SEC,doc_29.txt_0
United States,RELATED_TO,the United States,doc_29.txt_0
US,RELATED_TO,SEC,doc_29.txt_0
US,RELATED_TO,the United States,doc_29.txt_0
SEC,RELATED_TO,the United States,doc_29.txt_0
The Joint Office of Energy and Transportation (Joint Office,RELATED_TO,SEC,doc_29.txt_2
The Joint Office of Energy and Transportation (Joint Office,RELATED_TO,Joint Office,doc_29.txt_2
SEC,RELATED_TO,Joint Office,doc_29.txt_2
SEC,RELATED_TO,America,doc_29.txt_3
SEC,RELATED_TO,the Joint Office,doc_29.txt_4
SEC,RELATED_TO,The Joint Office,doc_29.txt_4
the Joint Office,RELATED_TO,The Joint Office,doc_29.txt_4
US,INVESTED_IN,SEC,doc_29.txt_5
US,INVESTED_IN,the Joint Office,doc_29.txt_5
US,INVESTED_IN,EV,doc_29.txt_5
SEC,INVESTED_IN,the Joint Office,doc_29.txt_5
SEC,INVESTED_IN,EV,doc_29.txt_5
the Joint Office,INVESTED_IN,EV,doc_29.txt_5
EV,PARTNERS_WITH,US,doc_29.txt_6
EV,PARTNERS_WITH,SEC,doc_29.txt_6
EV,PARTNERS_WITH,the Joint Office,doc_29.txt_6
EV,PARTNERS_WITH,DOE,doc_29.txt_6
US,PARTNERS_WITH,SEC,doc_29.txt_6
US,PARTNERS_WITH,the Joint Office,doc_29.txt_6
US,PARTNERS_WITH,DOE,doc_29.txt_6
SEC,PARTNERS_WITH,the Joint Office,doc_29.txt_6
SEC,PARTNERS_WITH,DOE,doc_29.txt_6
the Joint Office,PARTNERS_WITH,DOE,doc_29.txt_6
US,RELATED_TO,Level 2,doc_29.txt_9
US,RELATED_TO,SEC,doc_29.txt_9
Level 2,RELATED_TO,SEC,doc_29.txt_9
SEC,RELATED_TO,Charging and Fueling Infrastructure Program,doc_29.txt_10
SEC,RELATED_TO,the National Electric Vehicle Infrastructure,doc_29.txt_10
SEC,RELATED_TO,NEVI,doc_29.txt_10
SEC,RELATED_TO,Formula Program,doc_29.txt_10
Charging and Fueling Infrastructure Program,RELATED_TO,the National Electric Vehicle Infrastructure,doc_29.txt_10
Charging and Fueling Infrastructure Program,RELATED_TO,NEVI,doc_29.txt_10
Charging and Fueling Infrastructure Program,RELATED_TO,Formula Program,doc_29.txt_10
the National Electric Vehicle Infrastructure,RELATED_TO,NEVI,doc_29.txt_10
the National Electric Vehicle Infrastructure,RELATED_TO,Formula Program,doc_29.txt_10
NEVI,RELATED_TO,Formula Program,doc_29.txt_10
The Joint Office,RELATED_TO,NEVI,doc_29.txt_11
the National Charging Experience,RELATED_TO,Electric Vehicle Working Group,doc_29.txt_13
the National Charging Experience,RELATED_TO,US,doc_29.txt_13
the National Charging Experience,RELATED_TO,SEC,doc_29.txt_13
the National Charging Experience,RELATED_TO,EVWG,doc_29.txt_13
Electric Vehicle Working Group,RELATED_TO,US,doc_29.txt_13
Electric Vehicle Working Group,RELATED_TO,SEC,doc_29.txt_13
Electric Vehicle Working Group,RELATED_TO,EVWG,doc_29.txt_13
US,RELATED_TO,SEC,doc_29.txt_13
US,RELATED_TO,EVWG,doc_29.txt_13
SEC,RELATED_TO,EVWG,doc_29.txt_13
US,RELATED_TO,SEC,doc_29.txt_14
US,RELATED_TO,The Joint Office,doc_29.txt_14
US,RELATED_TO,the National Zero-Emission Freight Corridor Strategy,doc_29.txt_14
SEC,RELATED_TO,The Joint Office,doc_29.txt_14
SEC,RELATED_TO,the National Zero-Emission Freight Corridor Strategy,doc_29.txt_14
The Joint Office,RELATED_TO,the National Zero-Emission Freight Corridor Strategy,doc_29.txt_14
US,RELATED_TO,the Joint Office,doc_29.txt_15
The Joint Office,RELATED_TO,electrician,doc_29.txt_16
US,RELATED_TO,the Electric Vehicle Infrastructure Training Program and,doc_29.txt_17
US,RELATED_TO,Independent Electrical Contractors Electric,doc_29.txt_17
US,RELATED_TO,CFR 680.106(j)(1,doc_29.txt_17
the Electric Vehicle Infrastructure Training Program and,RELATED_TO,Independent Electrical Contractors Electric,doc_29.txt_17
the Electric Vehicle Infrastructure Training Program and,RELATED_TO,CFR 680.106(j)(1,doc_29.txt_17
Independent Electrical Contractors Electric,RELATED_TO,CFR 680.106(j)(1,doc_29.txt_17
US,RELATED_TO,SEC,doc_29.txt_18
US,RELATED_TO,the Joint Office,doc_29.txt_18
US,RELATED_TO,Americans,doc_29.txt_18
SEC,RELATED_TO,the Joint Office,doc_29.txt_18
SEC,RELATED_TO,Americans,doc_29.txt_18
the Joint Office,RELATED_TO,Americans,doc_29.txt_18
US,MANUFACTURES,the United States,doc_3.txt_1
US,MANUFACTURES,United States,doc_3.txt_1
US,MANUFACTURES,SEC,doc_3.txt_1
the United States,MANUFACTURES,United States,doc_3.txt_1
the United States,MANUFACTURES,SEC,doc_3.txt_1
United States,MANUFACTURES,SEC,doc_3.txt_1
EV,RELATED_TO,Clean Cities and Communities,doc_3.txt_9
EV,RELATED_TO,Incentives,doc_3.txt_9
EV,RELATED_TO,US,doc_3.txt_9
EV,RELATED_TO,Clean Vehicle Tax Credits,doc_3.txt_9
Clean Cities and Communities,RELATED_TO,Incentives,doc_3.txt_9
Clean Cities and Communities,RELATED_TO,US,doc_3.txt_9
Clean Cities and Communities,RELATED_TO,Clean Vehicle Tax Credits,doc_3.txt_9
Incentives,RELATED_TO,US,doc_3.txt_9
Incentives,RELATED_TO,Clean Vehicle Tax Credits,doc_3.txt_9
US,RELATED_TO,Clean Vehicle Tax Credits,doc_3.txt_9
US,RELATED_TO,EPA,doc_3.txt_13
US,RELATED_TO,Corolla,doc_3.txt_13
US,RELATED_TO,Corolla Hybrid,doc_3.txt_13
US,RELATED_TO,Toyota,doc_3.txt_13
EPA,RELATED_TO,Corolla,doc_3.txt_13
EPA,RELATED_TO,Corolla Hybrid,doc_3.txt_13
EPA,RELATED_TO,Toyota,doc_3.txt_13
Corolla,RELATED_TO,Corolla Hybrid,doc_3.txt_13
Corolla,RELATED_TO,Toyota,doc_3.txt_13
Corolla Hybrid,RELATED_TO,Toyota,doc_3.txt_13
US,RELATED_TO,EV,doc_3.txt_15
United States,MANUFACTURES,Clean Cities and Communities,doc_3.txt_17
United States,MANUFACTURES,US,doc_3.txt_17
United States,MANUFACTURES,the Alternative Fueling Station Locator,doc_3.txt_17
United States,MANUFACTURES,the United States,doc_3.txt_17
Clean Cities and Communities,MANUFACTURES,US,doc_3.txt_17
Clean Cities and Communities,MANUFACTURES,the Alternative Fueling Station Locator,doc_3.txt_17
Clean Cities and Communities,MANUFACTURES,the United States,doc_3.txt_17
US,MANUFACTURES,the Alternative Fueling Station Locator,doc_3.txt_17
US,MANUFACTURES,the United States,doc_3.txt_17
the Alternative Fueling Station Locator,MANUFACTURES,the United States,doc_3.txt_17
approximately 30%,RELATED_TO,SEC,doc_3.txt_20
approximately 30%,RELATED_TO,US,doc_3.txt_20
approximately 30%,RELATED_TO,EU,doc_3.txt_20
approximately 30%,RELATED_TO,U.S.,doc_3.txt_20
SEC,RELATED_TO,US,doc_3.txt_20
SEC,RELATED_TO,EU,doc_3.txt_20
SEC,RELATED_TO,U.S.,doc_3.txt_20
US,RELATED_TO,EU,doc_3.txt_20
US,RELATED_TO,U.S.,doc_3.txt_20
EU,RELATED_TO,U.S.,doc_3.txt_20
US,MANUFACTURES,the United States,doc_3.txt_22
US,MANUFACTURES,United States,doc_3.txt_22
the United States,MANUFACTURES,United States,doc_3.txt_22
US,RELATED_TO,EPA,doc_3.txt_23
US,RELATED_TO,Corolla,doc_3.txt_23
US,RELATED_TO,Corolla Hybrid,doc_3.txt_23
US,RELATED_TO,Toyota,doc_3.txt_23
EPA,RELATED_TO,Corolla,doc_3.txt_23
EPA,RELATED_TO,Corolla Hybrid,doc_3.txt_23
EPA,RELATED_TO,Toyota,doc_3.txt_23
Corolla,RELATED_TO,Corolla Hybrid,doc_3.txt_23
Corolla,RELATED_TO,Toyota,doc_3.txt_23
Corolla Hybrid,RELATED_TO,Toyota,doc_3.txt_23
US,RELATED_TO,EV,doc_3.txt_25
United States,MANUFACTURES,Clean Cities and Communities,doc_3.txt_27
United States,MANUFACTURES,US,doc_3.txt_27
United States,MANUFACTURES,the Alternative Fueling Station Locator,doc_3.txt_27
United States,MANUFACTURES,the United States,doc_3.txt_27
Clean Cities and Communities,MANUFACTURES,US,doc_3.txt_27
Clean Cities and Communities,MANUFACTURES,the Alternative Fueling Station Locator,doc_3.txt_27
Clean Cities and Communities,MANUFACTURES,the United States,doc_3.txt_27
US,MANUFACTURES,the Alternative Fueling Station Locator,doc_3.txt_27
US,MANUFACTURES,the United States,doc_3.txt_27
the Alternative Fueling Station Locator,MANUFACTURES,the United States,doc_3.txt_27
approximately 30%,RELATED_TO,SEC,doc_3.txt_29
approximately 30%,RELATED_TO,US,doc_3.txt_29
approximately 30%,RELATED_TO,EU,doc_3.txt_29
approximately 30%,RELATED_TO,U.S.,doc_3.txt_29
SEC,RELATED_TO,US,doc_3.txt_29
SEC,RELATED_TO,EU,doc_3.txt_29
SEC,RELATED_TO,U.S.,doc_3.txt_29
US,RELATED_TO,EU,doc_3.txt_29
US,RELATED_TO,U.S.,doc_3.txt_29
EU,RELATED_TO,U.S.,doc_3.txt_29
US,MANUFACTURES,the United States,doc_3.txt_31
US,MANUFACTURES,United States,doc_3.txt_31
the United States,MANUFACTURES,United States,doc_3.txt_31
US,RELATED_TO,EV,doc_30.txt_1
US,RELATED_TO,Cox Automotive,doc_30.txt_1
US,RELATED_TO,Kelley Blue Book,doc_30.txt_1
US,RELATED_TO,US,doc_30.txt_1
EV,RELATED_TO,Cox Automotive,doc_30.txt_1
EV,RELATED_TO,Kelley Blue Book,doc_30.txt_1
EV,RELATED_TO,US,doc_30.txt_1
Cox Automotive,RELATED_TO,Kelley Blue Book,doc_30.txt_1
Cox Automotive,RELATED_TO,US,doc_30.txt_1
Kelley Blue Book,RELATED_TO,US,doc_30.txt_1
GM,RELATED_TO,US,doc_30.txt_2
GM,RELATED_TO,US,doc_30.txt_2
GM,RELATED_TO,5.9%,doc_30.txt_2
GM,RELATED_TO,7.6%,doc_30.txt_2
US,RELATED_TO,US,doc_30.txt_2
US,RELATED_TO,5.9%,doc_30.txt_2
US,RELATED_TO,7.6%,doc_30.txt_2
US,RELATED_TO,5.9%,doc_30.txt_2
US,RELATED_TO,7.6%,doc_30.txt_2
5.9%,RELATED_TO,7.6%,doc_30.txt_2
52%,RELATED_TO,EV,doc_30.txt_3
52%,RELATED_TO,Americans,doc_30.txt_3
52%,RELATED_TO,8.1%,doc_30.txt_3
EV,RELATED_TO,Americans,doc_30.txt_3
EV,RELATED_TO,8.1%,doc_30.txt_3
Americans,RELATED_TO,8.1%,doc_30.txt_3
US,RELATED_TO,3.2%,doc_30.txt_4
US,RELATED_TO,10%,doc_30.txt_4
US,RELATED_TO,EV,doc_30.txt_4
US,RELATED_TO,US,doc_30.txt_4
3.2%,RELATED_TO,10%,doc_30.txt_4
3.2%,RELATED_TO,EV,doc_30.txt_4
3.2%,RELATED_TO,US,doc_30.txt_4
10%,RELATED_TO,EV,doc_30.txt_4
10%,RELATED_TO,US,doc_30.txt_4
EV,RELATED_TO,US,doc_30.txt_4
Tesla,RELATED_TO,GM,doc_30.txt_5
Tesla,RELATED_TO,EV,doc_30.txt_5
Tesla,RELATED_TO,US,doc_30.txt_5
GM,RELATED_TO,EV,doc_30.txt_5
GM,RELATED_TO,US,doc_30.txt_5
EV,RELATED_TO,US,doc_30.txt_5
EV,RELATED_TO,Tesla,doc_30.txt_6
EV,RELATED_TO,US,doc_30.txt_6
EV,RELATED_TO,Tesla,doc_30.txt_6
EV,RELATED_TO,Tesla,doc_30.txt_6
Tesla,RELATED_TO,US,doc_30.txt_6
Tesla,RELATED_TO,Tesla,doc_30.txt_6
Tesla,RELATED_TO,Tesla,doc_30.txt_6
US,RELATED_TO,Tesla,doc_30.txt_6
US,RELATED_TO,Tesla,doc_30.txt_6
Tesla,RELATED_TO,Tesla,doc_30.txt_6
Tesla,COMPETES_WITH,SEC,doc_30.txt_7
Tesla,COMPETES_WITH,EU,doc_30.txt_7
Tesla,COMPETES_WITH,EV,doc_30.txt_7
SEC,COMPETES_WITH,EU,doc_30.txt_7
SEC,COMPETES_WITH,EV,doc_30.txt_7
EU,COMPETES_WITH,EV,doc_30.txt_7
EV,RELATED_TO,"USD 55,353",doc_30.txt_8
EV,RELATED_TO,10.8%,doc_30.txt_8
EV,RELATED_TO,US,doc_30.txt_8
EV,RELATED_TO,17%,doc_30.txt_8
"USD 55,353",RELATED_TO,10.8%,doc_30.txt_8
"USD 55,353",RELATED_TO,US,doc_30.txt_8
"USD 55,353",RELATED_TO,17%,doc_30.txt_8
10.8%,RELATED_TO,US,doc_30.txt_8
10.8%,RELATED_TO,17%,doc_30.txt_8
US,RELATED_TO,17%,doc_30.txt_8
US,RELATED_TO,EV,doc_30.txt_9
EV,RELATED_TO,Ford,doc_30.txt_10
Model Y,SURPASSED,EV,doc_30.txt_11
Model Y,SURPASSED,less than 3%,doc_30.txt_11
Model Y,SURPASSED,18%,doc_30.txt_11
Model Y,SURPASSED,US,doc_30.txt_11
EV,SURPASSED,less than 3%,doc_30.txt_11
EV,SURPASSED,18%,doc_30.txt_11
EV,SURPASSED,US,doc_30.txt_11
less than 3%,SURPASSED,18%,doc_30.txt_11
less than 3%,SURPASSED,US,doc_30.txt_11
18%,SURPASSED,US,doc_30.txt_11
Model Y,RELATED_TO,Model 3,doc_30.txt_12
Model Y,RELATED_TO,US,doc_30.txt_12
Model Y,RELATED_TO,55%,doc_30.txt_12
Model Y,RELATED_TO,US,doc_30.txt_12
Model 3,RELATED_TO,US,doc_30.txt_12
Model 3,RELATED_TO,55%,doc_30.txt_12
Model 3,RELATED_TO,US,doc_30.txt_12
US,RELATED_TO,55%,doc_30.txt_12
US,RELATED_TO,US,doc_30.txt_12
55%,RELATED_TO,US,doc_30.txt_12
Model Y,MANUFACTURES,SEC,doc_30.txt_13
Model Y,MANUFACTURES,Model 3,doc_30.txt_13
Model Y,MANUFACTURES,EV,doc_30.txt_13
SEC,MANUFACTURES,Model 3,doc_30.txt_13
SEC,MANUFACTURES,EV,doc_30.txt_13
Model 3,MANUFACTURES,EV,doc_30.txt_13
11.0%,MANUFACTURES,11.4%,doc_30.txt_14
11.0%,MANUFACTURES,EV,doc_30.txt_14
11.0%,MANUFACTURES,11.5%,doc_30.txt_14
11.0%,MANUFACTURES,Audi,doc_30.txt_14
11.4%,MANUFACTURES,EV,doc_30.txt_14
11.4%,MANUFACTURES,11.5%,doc_30.txt_14
11.4%,MANUFACTURES,Audi,doc_30.txt_14
EV,MANUFACTURES,11.5%,doc_30.txt_14
EV,MANUFACTURES,Audi,doc_30.txt_14
11.5%,MANUFACTURES,Audi,doc_30.txt_14
EV,RELATED_TO,US,doc_30.txt_15
EV,RELATED_TO,Chevy,doc_30.txt_15
EV,RELATED_TO,Ford,doc_30.txt_15
EV,RELATED_TO,Mustang Mach-E,doc_30.txt_15
US,RELATED_TO,Chevy,doc_30.txt_15
US,RELATED_TO,Ford,doc_30.txt_15
US,RELATED_TO,Mustang Mach-E,doc_30.txt_15
Chevy,RELATED_TO,Ford,doc_30.txt_15
Chevy,RELATED_TO,Mustang Mach-E,doc_30.txt_15
Ford,RELATED_TO,Mustang Mach-E,doc_30.txt_15
Rivian,COMPETES_WITH,EV,doc_30.txt_16
Rivian,COMPETES_WITH,Kelley Blue Book,doc_30.txt_16
Rivian,COMPETES_WITH,Rivian,doc_30.txt_16
Rivian,COMPETES_WITH,100%,doc_30.txt_16
EV,COMPETES_WITH,Kelley Blue Book,doc_30.txt_16
EV,COMPETES_WITH,Rivian,doc_30.txt_16
EV,COMPETES_WITH,100%,doc_30.txt_16
Kelley Blue Book,COMPETES_WITH,Rivian,doc_30.txt_16
Kelley Blue Book,COMPETES_WITH,100%,doc_30.txt_16
Rivian,COMPETES_WITH,100%,doc_30.txt_16
United States,MANUFACTURES,EV,doc_30.txt_18
United States,MANUFACTURES,Ford,doc_30.txt_18
United States,MANUFACTURES,the United States,doc_30.txt_18
United States,MANUFACTURES,General Motors,doc_30.txt_18
EV,MANUFACTURES,Ford,doc_30.txt_18
EV,MANUFACTURES,the United States,doc_30.txt_18
EV,MANUFACTURES,General Motors,doc_30.txt_18
Ford,MANUFACTURES,the United States,doc_30.txt_18
Ford,MANUFACTURES,General Motors,doc_30.txt_18
the United States,MANUFACTURES,General Motors,doc_30.txt_18
Germany,MANUFACTURES,EV,doc_30.txt_19
Germany,MANUFACTURES,Germany,doc_30.txt_19
Germany,MANUFACTURES,Chinese,doc_30.txt_19
EV,MANUFACTURES,Germany,doc_30.txt_19
EV,MANUFACTURES,Chinese,doc_30.txt_19
Germany,MANUFACTURES,Chinese,doc_30.txt_19
9%,MANUFACTURES,EV,doc_30.txt_20
9%,MANUFACTURES,US,doc_30.txt_20
9%,MANUFACTURES,German,doc_30.txt_20
9%,MANUFACTURES,Europe,doc_30.txt_20
EV,MANUFACTURES,US,doc_30.txt_20
EV,MANUFACTURES,German,doc_30.txt_20
EV,MANUFACTURES,Europe,doc_30.txt_20
US,MANUFACTURES,German,doc_30.txt_20
US,MANUFACTURES,Europe,doc_30.txt_20
German,MANUFACTURES,Europe,doc_30.txt_20
EV,RELATED_TO,Korea,doc_30.txt_21
EV,RELATED_TO,US,doc_30.txt_21
EV,RELATED_TO,LG Energy Solution,doc_30.txt_21
EV,RELATED_TO,LG Energy,doc_30.txt_21
Korea,RELATED_TO,US,doc_30.txt_21
Korea,RELATED_TO,LG Energy Solution,doc_30.txt_21
Korea,RELATED_TO,LG Energy,doc_30.txt_21
US,RELATED_TO,LG Energy Solution,doc_30.txt_21
US,RELATED_TO,LG Energy,doc_30.txt_21
LG Energy Solution,RELATED_TO,LG Energy,doc_30.txt_21
EV,MANUFACTURES,Kia,doc_30.txt_22
EV,MANUFACTURES,US,doc_30.txt_22
EV,MANUFACTURES,Volvo,doc_30.txt_22
EV,MANUFACTURES,Hyundai,doc_30.txt_22
Kia,MANUFACTURES,US,doc_30.txt_22
Kia,MANUFACTURES,Volvo,doc_30.txt_22
Kia,MANUFACTURES,Hyundai,doc_30.txt_22
US,MANUFACTURES,Volvo,doc_30.txt_22
US,MANUFACTURES,Hyundai,doc_30.txt_22
Volvo,MANUFACTURES,Hyundai,doc_30.txt_22
Kia,MANUFACTURES,13%,doc_30.txt_23
Kia,MANUFACTURES,US,doc_30.txt_23
Kia,MANUFACTURES,Hyundai,doc_30.txt_23
Kia,MANUFACTURES,U.S.,doc_30.txt_23
13%,MANUFACTURES,US,doc_30.txt_23
13%,MANUFACTURES,Hyundai,doc_30.txt_23
13%,MANUFACTURES,U.S.,doc_30.txt_23
US,MANUFACTURES,Hyundai,doc_30.txt_23
US,MANUFACTURES,U.S.,doc_30.txt_23
Hyundai,MANUFACTURES,U.S.,doc_30.txt_23
McKinsey,RELATED_TO,Consumer Reports,doc_30.txt_24
McKinsey,RELATED_TO,Ford,doc_30.txt_24
McKinsey,RELATED_TO,Americans,doc_30.txt_24
McKinsey,RELATED_TO,30%,doc_30.txt_24
Consumer Reports,RELATED_TO,Ford,doc_30.txt_24
Consumer Reports,RELATED_TO,Americans,doc_30.txt_24
Consumer Reports,RELATED_TO,30%,doc_30.txt_24
Ford,RELATED_TO,Americans,doc_30.txt_24
Ford,RELATED_TO,30%,doc_30.txt_24
Americans,RELATED_TO,30%,doc_30.txt_24
"up to $7,500",RELATED_TO,EV,doc_30.txt_25
"up to $7,500",RELATED_TO,US,doc_30.txt_25
"up to $7,500",RELATED_TO,just about 11%,doc_30.txt_25
"up to $7,500",RELATED_TO,U.S.,doc_30.txt_25
EV,RELATED_TO,US,doc_30.txt_25
EV,RELATED_TO,just about 11%,doc_30.txt_25
EV,RELATED_TO,U.S.,doc_30.txt_25
US,RELATED_TO,just about 11%,doc_30.txt_25
US,RELATED_TO,U.S.,doc_30.txt_25
just about 11%,RELATED_TO,U.S.,doc_30.txt_25
United States,RELATED_TO,EV,doc_30.txt_26
United States,RELATED_TO,US Department of Energy,doc_30.txt_26
United States,RELATED_TO,US,doc_30.txt_26
United States,RELATED_TO,EPA,doc_30.txt_26
EV,RELATED_TO,US Department of Energy,doc_30.txt_26
EV,RELATED_TO,US,doc_30.txt_26
EV,RELATED_TO,EPA,doc_30.txt_26
US Department of Energy,RELATED_TO,US,doc_30.txt_26
US Department of Energy,RELATED_TO,EPA,doc_30.txt_26
US,RELATED_TO,EPA,doc_30.txt_26
US,MANUFACTURES,US Department of Energy,doc_30.txt_27
US,MANUFACTURES,62%,doc_30.txt_27
US,MANUFACTURES,US,doc_30.txt_27
US,MANUFACTURES,Tesla,doc_30.txt_27
US Department of Energy,MANUFACTURES,62%,doc_30.txt_27
US Department of Energy,MANUFACTURES,US,doc_30.txt_27
US Department of Energy,MANUFACTURES,Tesla,doc_30.txt_27
62%,MANUFACTURES,US,doc_30.txt_27
62%,MANUFACTURES,Tesla,doc_30.txt_27
US,MANUFACTURES,Tesla,doc_30.txt_27
EV,RELATED_TO,Texas,doc_30.txt_29
EV,RELATED_TO,SEC,doc_30.txt_29
EV,RELATED_TO,New York,doc_30.txt_29
EV,RELATED_TO,California,doc_30.txt_29
Texas,RELATED_TO,SEC,doc_30.txt_29
Texas,RELATED_TO,New York,doc_30.txt_29
Texas,RELATED_TO,California,doc_30.txt_29
SEC,RELATED_TO,New York,doc_30.txt_29
SEC,RELATED_TO,California,doc_30.txt_29
New York,RELATED_TO,California,doc_30.txt_29
EV,RELATED_TO,US,doc_30.txt_30
EV,RELATED_TO,89%,doc_30.txt_30
EV,RELATED_TO,Around 85%,doc_30.txt_30
EV,RELATED_TO,Tesla,doc_30.txt_30
US,RELATED_TO,89%,doc_30.txt_30
US,RELATED_TO,Around 85%,doc_30.txt_30
US,RELATED_TO,Tesla,doc_30.txt_30
89%,RELATED_TO,Around 85%,doc_30.txt_30
89%,RELATED_TO,Tesla,doc_30.txt_30
Around 85%,RELATED_TO,Tesla,doc_30.txt_30
Tesla,RELATED_TO,Superchargers,doc_30.txt_31
Tesla,RELATED_TO,83%,doc_30.txt_31
Tesla,RELATED_TO,82%,doc_30.txt_31
Superchargers,RELATED_TO,83%,doc_30.txt_31
Superchargers,RELATED_TO,82%,doc_30.txt_31
83%,RELATED_TO,82%,doc_30.txt_31
US,RELATED_TO,US,doc_30.txt_32
US,RELATED_TO,The Edison Institute,doc_30.txt_32
US,RELATED_TO,Deloitte,doc_30.txt_32
US,RELATED_TO,Guidehouse,doc_30.txt_32
US,RELATED_TO,The Edison Institute,doc_30.txt_32
US,RELATED_TO,Deloitte,doc_30.txt_32
US,RELATED_TO,Guidehouse,doc_30.txt_32
The Edison Institute,RELATED_TO,Deloitte,doc_30.txt_32
The Edison Institute,RELATED_TO,Guidehouse,doc_30.txt_32
Deloitte,RELATED_TO,Guidehouse,doc_30.txt_32
DC,RELATED_TO,US,doc_30.txt_33
DC,RELATED_TO,74%,doc_30.txt_33
DC,RELATED_TO,US,doc_30.txt_33
DC,RELATED_TO,16%,doc_30.txt_33
US,RELATED_TO,74%,doc_30.txt_33
US,RELATED_TO,US,doc_30.txt_33
US,RELATED_TO,16%,doc_30.txt_33
74%,RELATED_TO,US,doc_30.txt_33
74%,RELATED_TO,16%,doc_30.txt_33
US,RELATED_TO,16%,doc_30.txt_33
US,MANUFACTURES,EV,doc_30.txt_34
US,MANUFACTURES,DC,doc_30.txt_34
US,MANUFACTURES,only 1%,doc_30.txt_34
EV,MANUFACTURES,DC,doc_30.txt_34
EV,MANUFACTURES,only 1%,doc_30.txt_34
DC,MANUFACTURES,only 1%,doc_30.txt_34
US,RELATED_TO,EV,doc_30.txt_35
US,RELATED_TO,ChargePoint,doc_30.txt_35
US,RELATED_TO,US,doc_30.txt_35
US,RELATED_TO,37%,doc_30.txt_35
EV,RELATED_TO,ChargePoint,doc_30.txt_35
EV,RELATED_TO,US,doc_30.txt_35
EV,RELATED_TO,37%,doc_30.txt_35
ChargePoint,RELATED_TO,US,doc_30.txt_35
ChargePoint,RELATED_TO,37%,doc_30.txt_35
US,RELATED_TO,37%,doc_30.txt_35
EV,MANUFACTURES,Tesla,doc_30.txt_36
EV,MANUFACTURES,Tesla Supercharger,doc_30.txt_36
EV,MANUFACTURES,Tesla,doc_30.txt_36
EV,MANUFACTURES,DC,doc_30.txt_36
Tesla,MANUFACTURES,Tesla Supercharger,doc_30.txt_36
Tesla,MANUFACTURES,Tesla,doc_30.txt_36
Tesla,MANUFACTURES,DC,doc_30.txt_36
Tesla Supercharger,MANUFACTURES,Tesla,doc_30.txt_36
Tesla Supercharger,MANUFACTURES,DC,doc_30.txt_36
Tesla,MANUFACTURES,DC,doc_30.txt_36
US,RELATED_TO,62%,doc_30.txt_37
US,RELATED_TO,US,doc_30.txt_37
US,RELATED_TO,Tesla Supercharger,doc_30.txt_37
US,RELATED_TO,21%,doc_30.txt_37
62%,RELATED_TO,US,doc_30.txt_37
62%,RELATED_TO,Tesla Supercharger,doc_30.txt_37
62%,RELATED_TO,21%,doc_30.txt_37
US,RELATED_TO,Tesla Supercharger,doc_30.txt_37
US,RELATED_TO,21%,doc_30.txt_37
Tesla Supercharger,RELATED_TO,21%,doc_30.txt_37
SemaConnect,RELATED_TO,10%,doc_30.txt_38
SemaConnect,RELATED_TO,2.6%,doc_30.txt_38
SemaConnect,RELATED_TO,EV Connect,doc_30.txt_38
SemaConnect,RELATED_TO,US,doc_30.txt_38
10%,RELATED_TO,2.6%,doc_30.txt_38
10%,RELATED_TO,EV Connect,doc_30.txt_38
10%,RELATED_TO,US,doc_30.txt_38
2.6%,RELATED_TO,EV Connect,doc_30.txt_38
2.6%,RELATED_TO,US,doc_30.txt_38
EV Connect,RELATED_TO,US,doc_30.txt_38
EVgo,RELATED_TO,6.7%,doc_30.txt_39
EVgo,RELATED_TO,10%,doc_30.txt_39
EVgo,RELATED_TO,ChargePoint,doc_30.txt_39
EVgo,RELATED_TO,2.7%,doc_30.txt_39
6.7%,RELATED_TO,10%,doc_30.txt_39
6.7%,RELATED_TO,ChargePoint,doc_30.txt_39
6.7%,RELATED_TO,2.7%,doc_30.txt_39
10%,RELATED_TO,ChargePoint,doc_30.txt_39
10%,RELATED_TO,2.7%,doc_30.txt_39
ChargePoint,RELATED_TO,2.7%,doc_30.txt_39
CarEdge,RELATED_TO,COX Automotive,doc_30.txt_40
CarEdge,RELATED_TO,WSJ,doc_30.txt_40
CarEdge,RELATED_TO,Nasdaq.com,doc_30.txt_40
CarEdge,RELATED_TO,Bloomberg NEF,doc_30.txt_40
COX Automotive,RELATED_TO,WSJ,doc_30.txt_40
COX Automotive,RELATED_TO,Nasdaq.com,doc_30.txt_40
COX Automotive,RELATED_TO,Bloomberg NEF,doc_30.txt_40
WSJ,RELATED_TO,Nasdaq.com,doc_30.txt_40
WSJ,RELATED_TO,Bloomberg NEF,doc_30.txt_40
Nasdaq.com,RELATED_TO,Bloomberg NEF,doc_30.txt_40
the Green New Deal,RELATED_TO,US,doc_31.txt_0
the Green New Deal,RELATED_TO,Biden,doc_31.txt_0
the Green New Deal,RELATED_TO,American,doc_31.txt_0
the Green New Deal,RELATED_TO,U.S.,doc_31.txt_0
US,RELATED_TO,Biden,doc_31.txt_0
US,RELATED_TO,American,doc_31.txt_0
US,RELATED_TO,U.S.,doc_31.txt_0
Biden,RELATED_TO,American,doc_31.txt_0
Biden,RELATED_TO,U.S.,doc_31.txt_0
American,RELATED_TO,U.S.,doc_31.txt_0
SEC,INVESTED_IN,Trump,doc_31.txt_1
SEC,INVESTED_IN,Trump,doc_31.txt_1
Trump,INVESTED_IN,Trump,doc_31.txt_1
EcoPro BM,RELATED_TO,more than 10%,doc_31.txt_2
EcoPro BM,RELATED_TO,US,doc_31.txt_2
EcoPro BM,RELATED_TO,EcoPro BM's,doc_31.txt_2
EcoPro BM,RELATED_TO,-8.62%,doc_31.txt_2
more than 10%,RELATED_TO,US,doc_31.txt_2
more than 10%,RELATED_TO,EcoPro BM's,doc_31.txt_2
more than 10%,RELATED_TO,-8.62%,doc_31.txt_2
US,RELATED_TO,EcoPro BM's,doc_31.txt_2
US,RELATED_TO,-8.62%,doc_31.txt_2
EcoPro BM's,RELATED_TO,-8.62%,doc_31.txt_2
-5.87%,RELATED_TO,Kosdaq,doc_31.txt_3
-5.87%,RELATED_TO,SEC,doc_31.txt_3
-5.87%,RELATED_TO,Enchem,doc_31.txt_3
-5.87%,RELATED_TO,LG Energy Solution,doc_31.txt_3
Kosdaq,RELATED_TO,SEC,doc_31.txt_3
Kosdaq,RELATED_TO,Enchem,doc_31.txt_3
Kosdaq,RELATED_TO,LG Energy Solution,doc_31.txt_3
SEC,RELATED_TO,Enchem,doc_31.txt_3
SEC,RELATED_TO,LG Energy Solution,doc_31.txt_3
Enchem,RELATED_TO,LG Energy Solution,doc_31.txt_3
US,RELATED_TO,SEC,doc_31.txt_4
US,RELATED_TO,Trump,doc_31.txt_4
US,RELATED_TO,Biden,doc_31.txt_4
SEC,RELATED_TO,Trump,doc_31.txt_4
SEC,RELATED_TO,Biden,doc_31.txt_4
Trump,RELATED_TO,Biden,doc_31.txt_4
US,RELATED_TO,Donald Trump's,doc_31.txt_5
US,RELATED_TO,SEC,doc_31.txt_6
US,RELATED_TO,Biden,doc_31.txt_6
SEC,RELATED_TO,Biden,doc_31.txt_6
US,RELATED_TO,SEC,doc_31.txt_7
EV,RELATED_TO,Citi Research,doc_32.txt_0
EV,RELATED_TO,Itay Michaeli,doc_32.txt_0
EV,RELATED_TO,Citi Research’s,doc_32.txt_0
Citi Research,RELATED_TO,Itay Michaeli,doc_32.txt_0
Citi Research,RELATED_TO,Citi Research’s,doc_32.txt_0
Itay Michaeli,RELATED_TO,Citi Research’s,doc_32.txt_0
+6%,RELATED_TO,13%,doc_32.txt_1
+6%,RELATED_TO,Europe,doc_32.txt_1
+6%,RELATED_TO,China,doc_32.txt_1
+6%,RELATED_TO,EU,doc_32.txt_1
13%,RELATED_TO,Europe,doc_32.txt_1
13%,RELATED_TO,China,doc_32.txt_1
13%,RELATED_TO,EU,doc_32.txt_1
Europe,RELATED_TO,China,doc_32.txt_1
Europe,RELATED_TO,EU,doc_32.txt_1
China,RELATED_TO,EU,doc_32.txt_1
EV,RELATED_TO,Europe,doc_32.txt_2
EV,RELATED_TO,China,doc_32.txt_2
EV,RELATED_TO,EU,doc_32.txt_2
EV,RELATED_TO,China,doc_32.txt_2
Europe,RELATED_TO,China,doc_32.txt_2
Europe,RELATED_TO,EU,doc_32.txt_2
Europe,RELATED_TO,China,doc_32.txt_2
China,RELATED_TO,EU,doc_32.txt_2
China,RELATED_TO,China,doc_32.txt_2
EU,RELATED_TO,China,doc_32.txt_2
Europe,RELATED_TO,BEV,doc_32.txt_3
Europe,RELATED_TO,China,doc_32.txt_3
Europe,RELATED_TO,EU,doc_32.txt_3
Europe,RELATED_TO,China,doc_32.txt_3
BEV,RELATED_TO,China,doc_32.txt_3
BEV,RELATED_TO,EU,doc_32.txt_3
BEV,RELATED_TO,China,doc_32.txt_3
China,RELATED_TO,EU,doc_32.txt_3
China,RELATED_TO,China,doc_32.txt_3
EU,RELATED_TO,China,doc_32.txt_3
~8%,RELATED_TO,IRA,doc_32.txt_4
~8%,RELATED_TO,EV,doc_32.txt_4
~8%,RELATED_TO,U.S.,doc_32.txt_4
IRA,RELATED_TO,EV,doc_32.txt_4
IRA,RELATED_TO,U.S.,doc_32.txt_4
EV,RELATED_TO,U.S.,doc_32.txt_4
US,RELATED_TO,EV,doc_32.txt_5
around 70%,RELATED_TO,EV,doc_32.txt_6
around 70%,RELATED_TO,U.S.,doc_32.txt_6
EV,RELATED_TO,U.S.,doc_32.txt_6
Citi,RELATED_TO,EV,doc_32.txt_7
Citi,RELATED_TO,U.S.,doc_32.txt_7
EV,RELATED_TO,U.S.,doc_32.txt_7
Citi,RELATED_TO,GM,doc_32.txt_8
Citi,RELATED_TO,EV,doc_32.txt_8
Citi,RELATED_TO,"40,000–$45,000",doc_32.txt_8
Citi,RELATED_TO,Citi,doc_32.txt_8
GM,RELATED_TO,EV,doc_32.txt_8
GM,RELATED_TO,"40,000–$45,000",doc_32.txt_8
GM,RELATED_TO,Citi,doc_32.txt_8
EV,RELATED_TO,"40,000–$45,000",doc_32.txt_8
EV,RELATED_TO,Citi,doc_32.txt_8
"40,000–$45,000",RELATED_TO,Citi,doc_32.txt_8
GM,RELATED_TO,EV,doc_32.txt_9
GM,RELATED_TO,13.8%,doc_32.txt_9
GM,RELATED_TO,9.1%,doc_32.txt_9
GM,RELATED_TO,Citigroup Inc.,doc_32.txt_9
EV,RELATED_TO,13.8%,doc_32.txt_9
EV,RELATED_TO,9.1%,doc_32.txt_9
EV,RELATED_TO,Citigroup Inc.,doc_32.txt_9
13.8%,RELATED_TO,9.1%,doc_32.txt_9
13.8%,RELATED_TO,Citigroup Inc.,doc_32.txt_9
9.1%,RELATED_TO,Citigroup Inc.,doc_32.txt_9
Citigroup,MANUFACTURES,EV,doc_32.txt_10
Citigroup,MANUFACTURES,Citigroup Inc.,doc_32.txt_10
EV,MANUFACTURES,Citigroup Inc.,doc_32.txt_10
Citi,RELATED_TO,US,doc_32.txt_12
Citi,RELATED_TO,Velocity,doc_32.txt_12
Citi,RELATED_TO,CGI,doc_32.txt_12
Citi,RELATED_TO,Citi Global Insights,doc_32.txt_12
US,RELATED_TO,Velocity,doc_32.txt_12
US,RELATED_TO,CGI,doc_32.txt_12
US,RELATED_TO,Citi Global Insights,doc_32.txt_12
Velocity,RELATED_TO,CGI,doc_32.txt_12
Velocity,RELATED_TO,Citi Global Insights,doc_32.txt_12
CGI,RELATED_TO,Citi Global Insights,doc_32.txt_12
US,RELATED_TO,The Electric Vehicle,doc_33.txt_0
US,RELATED_TO,EV,doc_33.txt_0
The Electric Vehicle,RELATED_TO,EV,doc_33.txt_0
US,RELATED_TO,EV,doc_33.txt_1
Germany,RELATED_TO,Germany,doc_33.txt_2
Germany,RELATED_TO,Europe,doc_33.txt_2
Germany,RELATED_TO,26%,doc_33.txt_2
Germany,RELATED_TO,China,doc_33.txt_2
Germany,RELATED_TO,Europe,doc_33.txt_2
Germany,RELATED_TO,26%,doc_33.txt_2
Germany,RELATED_TO,China,doc_33.txt_2
Europe,RELATED_TO,26%,doc_33.txt_2
Europe,RELATED_TO,China,doc_33.txt_2
26%,RELATED_TO,China,doc_33.txt_2
US,RELATED_TO,US,doc_33.txt_4
US,RELATED_TO,PHEV,doc_33.txt_4
US,RELATED_TO,CO2,doc_33.txt_4
US,RELATED_TO,Europe,doc_33.txt_4
US,RELATED_TO,PHEV,doc_33.txt_4
US,RELATED_TO,CO2,doc_33.txt_4
US,RELATED_TO,Europe,doc_33.txt_4
PHEV,RELATED_TO,CO2,doc_33.txt_4
PHEV,RELATED_TO,Europe,doc_33.txt_4
CO2,RELATED_TO,Europe,doc_33.txt_4
Advanced Electric,RELATED_TO,BEV & PHEV,doc_33.txt_5
US,RELATED_TO,Battery Capacity,doc_33.txt_6
US,RELATED_TO,71%,doc_33.txt_6
US,RELATED_TO,PHEV,doc_33.txt_6
US,RELATED_TO,US,doc_33.txt_6
Battery Capacity,RELATED_TO,71%,doc_33.txt_6
Battery Capacity,RELATED_TO,PHEV,doc_33.txt_6
Battery Capacity,RELATED_TO,US,doc_33.txt_6
71%,RELATED_TO,PHEV,doc_33.txt_6
71%,RELATED_TO,US,doc_33.txt_6
PHEV,RELATED_TO,US,doc_33.txt_6
US,MANUFACTURES,EV,doc_33.txt_7
IDTechEx,MANUFACTURES,Models & Technologies Database,doc_33.txt_8
IDTechEx,MANUFACTURES,BEV & PHEV,doc_33.txt_8
IDTechEx,MANUFACTURES,ACC,doc_33.txt_8
Models & Technologies Database,MANUFACTURES,BEV & PHEV,doc_33.txt_8
Models & Technologies Database,MANUFACTURES,ACC,doc_33.txt_8
BEV & PHEV,MANUFACTURES,ACC,doc_33.txt_8
NCA,RELATED_TO,EV,doc_33.txt_9
NCA,RELATED_TO,US,doc_33.txt_9
NCA,RELATED_TO,NMC,doc_33.txt_9
NCA,RELATED_TO,LFP,doc_33.txt_9
EV,RELATED_TO,US,doc_33.txt_9
EV,RELATED_TO,NMC,doc_33.txt_9
EV,RELATED_TO,LFP,doc_33.txt_9
US,RELATED_TO,NMC,doc_33.txt_9
US,RELATED_TO,LFP,doc_33.txt_9
NMC,RELATED_TO,LFP,doc_33.txt_9
LFP,MANUFACTURES,US,doc_33.txt_10
LFP,MANUFACTURES,ACC,doc_33.txt_10
LFP,MANUFACTURES,NMC,doc_33.txt_10
US,MANUFACTURES,ACC,doc_33.txt_10
US,MANUFACTURES,NMC,doc_33.txt_10
ACC,MANUFACTURES,NMC,doc_33.txt_10
US,RELATED_TO,EV,doc_33.txt_13
US,MANUFACTURES,EV,doc_33.txt_15
US,RELATED_TO,n’t,doc_33.txt_16
US,RELATED_TO,EV,doc_33.txt_16
US,RELATED_TO,EMI,doc_33.txt_16
n’t,RELATED_TO,EV,doc_33.txt_16
n’t,RELATED_TO,EMI,doc_33.txt_16
EV,RELATED_TO,EMI,doc_33.txt_16
US,RELATED_TO,Automotive Cells Company,doc_33.txt_18
Q3,RELATED_TO,EV,doc_34.txt_5
Doug Eroh,RELATED_TO,EV,doc_34.txt_7
Doug Eroh,RELATED_TO,Hyundai,doc_34.txt_7
Doug Eroh,RELATED_TO,$2.4 billion,doc_34.txt_7
Doug Eroh,RELATED_TO,Toyota,doc_34.txt_7
EV,RELATED_TO,Hyundai,doc_34.txt_7
EV,RELATED_TO,$2.4 billion,doc_34.txt_7
EV,RELATED_TO,Toyota,doc_34.txt_7
Hyundai,RELATED_TO,$2.4 billion,doc_34.txt_7
Hyundai,RELATED_TO,Toyota,doc_34.txt_7
$2.4 billion,RELATED_TO,Toyota,doc_34.txt_7
Q3,RELATED_TO,EV,doc_34.txt_11
Doug Eroh,RELATED_TO,EV,doc_34.txt_13
Doug Eroh,RELATED_TO,Hyundai,doc_34.txt_13
Doug Eroh,RELATED_TO,$2.4 billion,doc_34.txt_13
Doug Eroh,RELATED_TO,Toyota,doc_34.txt_13
EV,RELATED_TO,Hyundai,doc_34.txt_13
EV,RELATED_TO,$2.4 billion,doc_34.txt_13
EV,RELATED_TO,Toyota,doc_34.txt_13
Hyundai,RELATED_TO,$2.4 billion,doc_34.txt_13
Hyundai,RELATED_TO,Toyota,doc_34.txt_13
$2.4 billion,RELATED_TO,Toyota,doc_34.txt_13
Q3,RELATED_TO,EV,doc_34.txt_16
Doug Eroh,RELATED_TO,EV,doc_34.txt_18
Doug Eroh,RELATED_TO,Hyundai,doc_34.txt_18
Doug Eroh,RELATED_TO,$2.4 billion,doc_34.txt_18
Doug Eroh,RELATED_TO,Toyota,doc_34.txt_18
EV,RELATED_TO,Hyundai,doc_34.txt_18
EV,RELATED_TO,$2.4 billion,doc_34.txt_18
EV,RELATED_TO,Toyota,doc_34.txt_18
Hyundai,RELATED_TO,$2.4 billion,doc_34.txt_18
Hyundai,RELATED_TO,Toyota,doc_34.txt_18
$2.4 billion,RELATED_TO,Toyota,doc_34.txt_18
US,RELATED_TO,Hyundai,doc_34.txt_19
Q3,RELATED_TO,EV,doc_34.txt_20
Doug Eroh,RELATED_TO,EV,doc_34.txt_22
Doug Eroh,RELATED_TO,Hyundai,doc_34.txt_22
Doug Eroh,RELATED_TO,$2.4 billion,doc_34.txt_22
Doug Eroh,RELATED_TO,Toyota,doc_34.txt_22
EV,RELATED_TO,Hyundai,doc_34.txt_22
EV,RELATED_TO,$2.4 billion,doc_34.txt_22
EV,RELATED_TO,Toyota,doc_34.txt_22
Hyundai,RELATED_TO,$2.4 billion,doc_34.txt_22
Hyundai,RELATED_TO,Toyota,doc_34.txt_22
$2.4 billion,RELATED_TO,Toyota,doc_34.txt_22
Doug Eroh,RELATED_TO,Hyundai,doc_34.txt_23
Doug Eroh,RELATED_TO,Toyota,doc_34.txt_23
Doug Eroh,RELATED_TO,44%,doc_34.txt_23
Hyundai,RELATED_TO,Toyota,doc_34.txt_23
Hyundai,RELATED_TO,44%,doc_34.txt_23
Toyota,RELATED_TO,44%,doc_34.txt_23
Instagram,RELATED_TO,EV,doc_34.txt_24
Instagram,RELATED_TO,JBF Business Media,doc_34.txt_24
Instagram,RELATED_TO,US,doc_34.txt_24
Instagram,RELATED_TO,LinkedIn,doc_34.txt_24
EV,RELATED_TO,JBF Business Media,doc_34.txt_24
EV,RELATED_TO,US,doc_34.txt_24
EV,RELATED_TO,LinkedIn,doc_34.txt_24
JBF Business Media,RELATED_TO,US,doc_34.txt_24
JBF Business Media,RELATED_TO,LinkedIn,doc_34.txt_24
US,RELATED_TO,LinkedIn,doc_34.txt_24
Atlanta,FOUNDED_BY,US,doc_34.txt_25
Atlanta,FOUNDED_BY,CBT News,doc_34.txt_25
US,FOUNDED_BY,CBT News,doc_34.txt_25
US,RELATED_TO,SEC,doc_34.txt_26
US,RELATED_TO,Necessary Cookie,doc_34.txt_26
SEC,RELATED_TO,Necessary Cookie,doc_34.txt_26
US,MANUFACTURES,US,doc_35.txt_0
US,MANUFACTURES,EV,doc_35.txt_0
US,MANUFACTURES,Americans,doc_35.txt_0
US,MANUFACTURES,EV,doc_35.txt_0
US,MANUFACTURES,Americans,doc_35.txt_0
EV,MANUFACTURES,Americans,doc_35.txt_0
US,RELATED_TO,EV,doc_35.txt_1
US,RELATED_TO,71%,doc_35.txt_1
US,RELATED_TO,US,doc_35.txt_1
US,RELATED_TO,51%,doc_35.txt_1
EV,RELATED_TO,71%,doc_35.txt_1
EV,RELATED_TO,US,doc_35.txt_1
EV,RELATED_TO,51%,doc_35.txt_1
71%,RELATED_TO,US,doc_35.txt_1
71%,RELATED_TO,51%,doc_35.txt_1
US,RELATED_TO,51%,doc_35.txt_1
Tesla,RELATED_TO,138bn,doc_35.txt_2
Tesla,RELATED_TO,EV,doc_35.txt_2
Tesla,RELATED_TO,111.4bn,doc_35.txt_2
138bn,RELATED_TO,EV,doc_35.txt_2
138bn,RELATED_TO,111.4bn,doc_35.txt_2
EV,RELATED_TO,111.4bn,doc_35.txt_2
Honda,MANUFACTURES,EV,doc_35.txt_3
Honda,MANUFACTURES,US,doc_35.txt_3
Honda,MANUFACTURES,Ford,doc_35.txt_3
Honda,MANUFACTURES,billions of dollars,doc_35.txt_3
EV,MANUFACTURES,US,doc_35.txt_3
EV,MANUFACTURES,Ford,doc_35.txt_3
EV,MANUFACTURES,billions of dollars,doc_35.txt_3
US,MANUFACTURES,Ford,doc_35.txt_3
US,MANUFACTURES,billions of dollars,doc_35.txt_3
Ford,MANUFACTURES,billions of dollars,doc_35.txt_3
Elizabeth Krear,RELATED_TO,J.D. Power,doc_35.txt_4
Elizabeth Krear,RELATED_TO,Americans,doc_35.txt_4
Elizabeth Krear,RELATED_TO,Electric Vehicle Practice,doc_35.txt_4
J.D. Power,RELATED_TO,Americans,doc_35.txt_4
J.D. Power,RELATED_TO,Electric Vehicle Practice,doc_35.txt_4
Americans,RELATED_TO,Electric Vehicle Practice,doc_35.txt_4
29.2%,RELATED_TO,EV,doc_35.txt_5
US,RELATED_TO,EV,doc_35.txt_6
US,RELATED_TO,US,doc_35.txt_6
US,RELATED_TO,Ford,doc_35.txt_6
US,RELATED_TO,American,doc_35.txt_6
EV,RELATED_TO,US,doc_35.txt_6
EV,RELATED_TO,Ford,doc_35.txt_6
EV,RELATED_TO,American,doc_35.txt_6
US,RELATED_TO,Ford,doc_35.txt_6
US,RELATED_TO,American,doc_35.txt_6
Ford,RELATED_TO,American,doc_35.txt_6
Harvard Law School,RELATED_TO,US,doc_35.txt_7
Harvard Law School,RELATED_TO,EV,doc_35.txt_7
Harvard Law School,RELATED_TO,US,doc_35.txt_7
Harvard Law School,RELATED_TO,Ashley Nunes,doc_35.txt_7
US,RELATED_TO,EV,doc_35.txt_7
US,RELATED_TO,US,doc_35.txt_7
US,RELATED_TO,Ashley Nunes,doc_35.txt_7
EV,RELATED_TO,US,doc_35.txt_7
EV,RELATED_TO,Ashley Nunes,doc_35.txt_7
US,RELATED_TO,Ashley Nunes,doc_35.txt_7
"16,260",RELATED_TO,"12,195",doc_35.txt_8
"16,260",RELATED_TO,EV,doc_35.txt_8
"16,260",RELATED_TO,"between $15,000 and $20,000",doc_35.txt_8
"12,195",RELATED_TO,EV,doc_35.txt_8
"12,195",RELATED_TO,"between $15,000 and $20,000",doc_35.txt_8
EV,RELATED_TO,"between $15,000 and $20,000",doc_35.txt_8
"7,500",MANUFACTURES,EV,doc_35.txt_9
"7,500",MANUFACTURES,"6,060",doc_35.txt_9
"7,500",MANUFACTURES,Krear,doc_35.txt_9
"7,500",MANUFACTURES,"between $1,000 and $7,500",doc_35.txt_9
EV,MANUFACTURES,"6,060",doc_35.txt_9
EV,MANUFACTURES,Krear,doc_35.txt_9
EV,MANUFACTURES,"between $1,000 and $7,500",doc_35.txt_9
"6,060",MANUFACTURES,Krear,doc_35.txt_9
"6,060",MANUFACTURES,"between $1,000 and $7,500",doc_35.txt_9
Krear,MANUFACTURES,"between $1,000 and $7,500",doc_35.txt_9
"around $70,000",RELATED_TO,EV,doc_35.txt_11
"around $70,000",RELATED_TO,"56,915",doc_35.txt_11
"around $70,000",RELATED_TO,Ford,doc_35.txt_11
"around $70,000",RELATED_TO,"more than $60,000",doc_35.txt_11
EV,RELATED_TO,"56,915",doc_35.txt_11
EV,RELATED_TO,Ford,doc_35.txt_11
EV,RELATED_TO,"more than $60,000",doc_35.txt_11
"56,915",RELATED_TO,Ford,doc_35.txt_11
"56,915",RELATED_TO,"more than $60,000",doc_35.txt_11
Ford,RELATED_TO,"more than $60,000",doc_35.txt_11
Model Y,ACQUIRED,Hedges & Company,doc_35.txt_12
Model Y,ACQUIRED,"150,000",doc_35.txt_12
Model Y,ACQUIRED,"101,000",doc_35.txt_12
Model Y,ACQUIRED,US,doc_35.txt_12
Hedges & Company,ACQUIRED,"150,000",doc_35.txt_12
Hedges & Company,ACQUIRED,"101,000",doc_35.txt_12
Hedges & Company,ACQUIRED,US,doc_35.txt_12
"150,000",ACQUIRED,"101,000",doc_35.txt_12
"150,000",ACQUIRED,US,doc_35.txt_12
"101,000",ACQUIRED,US,doc_35.txt_12
US,RELATED_TO,EPA,doc_35.txt_13
US,RELATED_TO,EV,doc_35.txt_13
US,RELATED_TO,DOE,doc_35.txt_13
EPA,RELATED_TO,EV,doc_35.txt_13
EPA,RELATED_TO,DOE,doc_35.txt_13
EV,RELATED_TO,DOE,doc_35.txt_13
J.D. Power's,MANUFACTURES,EV,doc_35.txt_14
J.D. Power's,MANUFACTURES,US,doc_35.txt_14
J.D. Power's,MANUFACTURES,Krear,doc_35.txt_14
J.D. Power's,MANUFACTURES,Americans,doc_35.txt_14
EV,MANUFACTURES,US,doc_35.txt_14
EV,MANUFACTURES,Krear,doc_35.txt_14
EV,MANUFACTURES,Americans,doc_35.txt_14
US,MANUFACTURES,Krear,doc_35.txt_14
US,MANUFACTURES,Americans,doc_35.txt_14
Krear,MANUFACTURES,Americans,doc_35.txt_14
US,RELATED_TO,Americans,doc_35.txt_15
University of California,RELATED_TO,Krear,doc_35.txt_17
EV,MANUFACTURES,Krear,doc_35.txt_18
Nunes,LED_BY,EV,doc_35.txt_19
Nunes,LED_BY,Americans,doc_35.txt_19
EV,LED_BY,Americans,doc_35.txt_19
GM,RELATED_TO,EV,doc_35.txt_22
GM,RELATED_TO,Krear,doc_35.txt_22
EV,RELATED_TO,Krear,doc_35.txt_22
EV,RELATED_TO,60%,doc_35.txt_23
EV,RELATED_TO,Krear,doc_35.txt_23
EV,RELATED_TO,about 40%,doc_35.txt_23
EV,RELATED_TO,9% to 19%,doc_35.txt_23
60%,RELATED_TO,Krear,doc_35.txt_23
60%,RELATED_TO,about 40%,doc_35.txt_23
60%,RELATED_TO,9% to 19%,doc_35.txt_23
Krear,RELATED_TO,about 40%,doc_35.txt_23
Krear,RELATED_TO,9% to 19%,doc_35.txt_23
about 40%,RELATED_TO,9% to 19%,doc_35.txt_23
US,RELATED_TO,Krear,doc_35.txt_24
US,RELATED_TO,75%,doc_35.txt_24
Krear,RELATED_TO,75%,doc_35.txt_24
Biden,MANUFACTURES,Teslas,doc_35.txt_25
Biden,MANUFACTURES,EV,doc_35.txt_25
Biden,MANUFACTURES,US,doc_35.txt_25
Biden,MANUFACTURES,Biden,doc_35.txt_25
Teslas,MANUFACTURES,EV,doc_35.txt_25
Teslas,MANUFACTURES,US,doc_35.txt_25
Teslas,MANUFACTURES,Biden,doc_35.txt_25
EV,MANUFACTURES,US,doc_35.txt_25
EV,MANUFACTURES,Biden,doc_35.txt_25
US,MANUFACTURES,Biden,doc_35.txt_25
The United Auto Workers,MANUFACTURES,US,doc_35.txt_27
The United Auto Workers,MANUFACTURES,EV,doc_35.txt_27
The United Auto Workers,MANUFACTURES,GM,doc_35.txt_27
The United Auto Workers,MANUFACTURES,UAW,doc_35.txt_27
US,MANUFACTURES,EV,doc_35.txt_27
US,MANUFACTURES,GM,doc_35.txt_27
US,MANUFACTURES,UAW,doc_35.txt_27
EV,MANUFACTURES,GM,doc_35.txt_27
EV,MANUFACTURES,UAW,doc_35.txt_27
GM,MANUFACTURES,UAW,doc_35.txt_27
US,RELATED_TO,EV,doc_35.txt_28
Krear,RELATED_TO,EV,doc_35.txt_29
Bengal,RELATED_TO,US,doc_35.txt_31
Bengal,RELATED_TO,David Attenborough,doc_35.txt_31
Bengal,RELATED_TO,Japan,doc_35.txt_31
Bengal,RELATED_TO,Japan,doc_35.txt_31
US,RELATED_TO,David Attenborough,doc_35.txt_31
US,RELATED_TO,Japan,doc_35.txt_31
US,RELATED_TO,Japan,doc_35.txt_31
David Attenborough,RELATED_TO,Japan,doc_35.txt_31
David Attenborough,RELATED_TO,Japan,doc_35.txt_31
Japan,RELATED_TO,Japan,doc_35.txt_31
US,RELATED_TO,Moorish,doc_35.txt_32
US,RELATED_TO,the University of Miami,doc_35.txt_33
US,RELATED_TO,EPA,doc_35.txt_33
US,RELATED_TO,the Alnwick Garden,doc_35.txt_33
US,RELATED_TO,The Poison Garden,doc_35.txt_33
the University of Miami,RELATED_TO,EPA,doc_35.txt_33
the University of Miami,RELATED_TO,the Alnwick Garden,doc_35.txt_33
the University of Miami,RELATED_TO,The Poison Garden,doc_35.txt_33
EPA,RELATED_TO,the Alnwick Garden,doc_35.txt_33
EPA,RELATED_TO,The Poison Garden,doc_35.txt_33
the Alnwick Garden,RELATED_TO,The Poison Garden,doc_35.txt_33
Greenland,MANUFACTURES,Florida,doc_35.txt_35
US,RELATED_TO,American,doc_35.txt_36
US,RELATED_TO,LA,doc_35.txt_36
US,RELATED_TO,TikTok,doc_35.txt_36
American,RELATED_TO,LA,doc_35.txt_36
American,RELATED_TO,TikTok,doc_35.txt_36
LA,RELATED_TO,TikTok,doc_35.txt_36
BBC Earth,RELATED_TO,BBC,doc_35.txt_37
BBC Earth,RELATED_TO,LA,doc_35.txt_37
BBC,RELATED_TO,LA,doc_35.txt_37
Aaron Isenstadt,RELATED_TO,Peter Slowik,doc_36.txt_0
United States,RELATED_TO,EV,doc_36.txt_1
United States,RELATED_TO,US,doc_36.txt_1
United States,RELATED_TO,the United States,doc_36.txt_1
United States,RELATED_TO,the Alliance for Automotive Innovation,doc_36.txt_1
EV,RELATED_TO,US,doc_36.txt_1
EV,RELATED_TO,the United States,doc_36.txt_1
EV,RELATED_TO,the Alliance for Automotive Innovation,doc_36.txt_1
US,RELATED_TO,the United States,doc_36.txt_1
US,RELATED_TO,the Alliance for Automotive Innovation,doc_36.txt_1
the United States,RELATED_TO,the Alliance for Automotive Innovation,doc_36.txt_1
about 58%,SURPASSED,EV,doc_36.txt_2
about 58%,SURPASSED,U.S.,doc_36.txt_2
about 58%,SURPASSED,Q3,doc_36.txt_2
EV,SURPASSED,U.S.,doc_36.txt_2
EV,SURPASSED,Q3,doc_36.txt_2
U.S.,SURPASSED,Q3,doc_36.txt_2
Alliance for Automotive Innovation,RELATED_TO,U.S.,doc_36.txt_3
Alliance for Automotive Innovation,RELATED_TO,https://www.autosinnovate.org/EVDashboard,doc_36.txt_3
U.S.,RELATED_TO,https://www.autosinnovate.org/EVDashboard,doc_36.txt_3
about 7%,RELATED_TO,EV,doc_36.txt_4
about 7%,RELATED_TO,more than 10%,doc_36.txt_4
about 7%,RELATED_TO,U.S,doc_36.txt_4
about 7%,RELATED_TO,about 3%,doc_36.txt_4
EV,RELATED_TO,more than 10%,doc_36.txt_4
EV,RELATED_TO,U.S,doc_36.txt_4
EV,RELATED_TO,about 3%,doc_36.txt_4
more than 10%,RELATED_TO,U.S,doc_36.txt_4
more than 10%,RELATED_TO,about 3%,doc_36.txt_4
U.S,RELATED_TO,about 3%,doc_36.txt_4
the U.S. Environmental Protection Agency’s,RELATED_TO,10%,doc_36.txt_5
the U.S. Environmental Protection Agency’s,RELATED_TO,EV,doc_36.txt_5
10%,RELATED_TO,EV,doc_36.txt_5
California,SURPASSED,nearly 27%,doc_36.txt_6
Vermont,RELATED_TO,Connecticut,doc_36.txt_7
Vermont,RELATED_TO,between 10% and 20%,doc_36.txt_7
Vermont,RELATED_TO,Massachusetts,doc_36.txt_7
Vermont,RELATED_TO,Oregon,doc_36.txt_7
Connecticut,RELATED_TO,between 10% and 20%,doc_36.txt_7
Connecticut,RELATED_TO,Massachusetts,doc_36.txt_7
Connecticut,RELATED_TO,Oregon,doc_36.txt_7
between 10% and 20%,RELATED_TO,Massachusetts,doc_36.txt_7
between 10% and 20%,RELATED_TO,Oregon,doc_36.txt_7
Massachusetts,RELATED_TO,Oregon,doc_36.txt_7
U.S.,MANUFACTURES,Ford,doc_36.txt_8
about 150%–180%,RELATED_TO,40%–60%,doc_36.txt_9
about 150%–180%,RELATED_TO,Volkswagen,doc_36.txt_9
about 150%–180%,RELATED_TO,Stellantis,doc_36.txt_9
about 150%–180%,RELATED_TO,BMW,doc_36.txt_9
40%–60%,RELATED_TO,Volkswagen,doc_36.txt_9
40%–60%,RELATED_TO,Stellantis,doc_36.txt_9
40%–60%,RELATED_TO,BMW,doc_36.txt_9
Volkswagen,RELATED_TO,Stellantis,doc_36.txt_9
Volkswagen,RELATED_TO,BMW,doc_36.txt_9
Stellantis,RELATED_TO,BMW,doc_36.txt_9
Atlas EV,MANUFACTURES,U.S.,doc_36.txt_10
EV,MANUFACTURES,Kia,doc_36.txt_11
EV,MANUFACTURES,Volvo,doc_36.txt_11
EV,MANUFACTURES,Hyundai,doc_36.txt_11
EV,MANUFACTURES,U.S. EV,doc_36.txt_11
Kia,MANUFACTURES,Volvo,doc_36.txt_11
Kia,MANUFACTURES,Hyundai,doc_36.txt_11
Kia,MANUFACTURES,U.S. EV,doc_36.txt_11
Volvo,MANUFACTURES,Hyundai,doc_36.txt_11
Volvo,MANUFACTURES,U.S. EV,doc_36.txt_11
Hyundai,MANUFACTURES,U.S. EV,doc_36.txt_11
General Motors,MANUFACTURES,US,doc_36.txt_12
General Motors,MANUFACTURES,Ford,doc_36.txt_12
US,MANUFACTURES,Ford,doc_36.txt_12
EV,RELATED_TO,McKinsey,doc_36.txt_13
EV,RELATED_TO,Ford,doc_36.txt_13
EV,RELATED_TO,30%,doc_36.txt_13
EV,RELATED_TO,J.D. Power,doc_36.txt_13
McKinsey,RELATED_TO,Ford,doc_36.txt_13
McKinsey,RELATED_TO,30%,doc_36.txt_13
McKinsey,RELATED_TO,J.D. Power,doc_36.txt_13
Ford,RELATED_TO,30%,doc_36.txt_13
Ford,RELATED_TO,J.D. Power,doc_36.txt_13
30%,RELATED_TO,J.D. Power,doc_36.txt_13
several thousands of dollars,MANUFACTURES,"up to $7,500",doc_36.txt_14
several thousands of dollars,MANUFACTURES,EV,doc_36.txt_14
several thousands of dollars,MANUFACTURES,US,doc_36.txt_14
"up to $7,500",MANUFACTURES,EV,doc_36.txt_14
"up to $7,500",MANUFACTURES,US,doc_36.txt_14
EV,MANUFACTURES,US,doc_36.txt_14
SEC,RELATED_TO,more than $21 billion,doc_36.txt_15
US,MANUFACTURES,the United States,doc_36.txt_16
US,MANUFACTURES,United States,doc_36.txt_16
US,MANUFACTURES,EV,doc_36.txt_16
the United States,MANUFACTURES,United States,doc_36.txt_16
the United States,MANUFACTURES,EV,doc_36.txt_16
United States,MANUFACTURES,EV,doc_36.txt_16
United States,MANUFACTURES,EV,doc_36.txt_19
United States,MANUFACTURES,50%,doc_36.txt_19
United States,MANUFACTURES,Aaron IsenstadtSenior,doc_36.txt_19
United States,MANUFACTURES,US,doc_36.txt_19
EV,MANUFACTURES,50%,doc_36.txt_19
EV,MANUFACTURES,Aaron IsenstadtSenior,doc_36.txt_19
EV,MANUFACTURES,US,doc_36.txt_19
50%,MANUFACTURES,Aaron IsenstadtSenior,doc_36.txt_19
50%,MANUFACTURES,US,doc_36.txt_19
Aaron IsenstadtSenior,MANUFACTURES,US,doc_36.txt_19
United States,RELATED_TO,United States,doc_36.txt_20
United States,RELATED_TO,Europe,doc_36.txt_20
United States,RELATED_TO,the United States,doc_36.txt_20
United States,RELATED_TO,China,doc_36.txt_20
United States,RELATED_TO,Europe,doc_36.txt_20
United States,RELATED_TO,the United States,doc_36.txt_20
United States,RELATED_TO,China,doc_36.txt_20
Europe,RELATED_TO,the United States,doc_36.txt_20
Europe,RELATED_TO,China,doc_36.txt_20
the United States,RELATED_TO,China,doc_36.txt_20
US,RELATED_TO,Google,doc_36.txt_23
US,RELATED_TO,Google Analytics,doc_36.txt_23
Google,RELATED_TO,Google Analytics,doc_36.txt_23
Nationwide P&C,RELATED_TO,Agency Forward,doc_37.txt_0
US,RELATED_TO,EV,doc_37.txt_1
US,RELATED_TO,SEC,doc_37.txt_4
US,RELATED_TO,U.S,doc_37.txt_4
US,RELATED_TO,U.S.,doc_37.txt_4
US,RELATED_TO,Vehicle,doc_37.txt_4
SEC,RELATED_TO,U.S,doc_37.txt_4
SEC,RELATED_TO,U.S.,doc_37.txt_4
SEC,RELATED_TO,Vehicle,doc_37.txt_4
U.S,RELATED_TO,U.S.,doc_37.txt_4
U.S,RELATED_TO,Vehicle,doc_37.txt_4
U.S.,RELATED_TO,Vehicle,doc_37.txt_4
US,MANUFACTURES,U.S.,doc_37.txt_5
US,RELATED_TO,the Nationwide Market Insights,doc_37.txt_6
US,RELATED_TO,EV,doc_37.txt_8
US,MANUFACTURES,COVID-19,doc_37.txt_10
North America4,RELATED_TO,UAW,doc_37.txt_12
North America4,RELATED_TO,US,doc_37.txt_12
North America4,RELATED_TO,60%,doc_37.txt_12
North America4,RELATED_TO,SEC,doc_37.txt_12
UAW,RELATED_TO,US,doc_37.txt_12
UAW,RELATED_TO,60%,doc_37.txt_12
UAW,RELATED_TO,SEC,doc_37.txt_12
US,RELATED_TO,60%,doc_37.txt_12
US,RELATED_TO,SEC,doc_37.txt_12
60%,RELATED_TO,SEC,doc_37.txt_12
US,RELATED_TO,nearly 8%,doc_37.txt_14
US,RELATED_TO,just 3.5%,doc_37.txt_14
nearly 8%,RELATED_TO,just 3.5%,doc_37.txt_14
US,RELATED_TO,Ford,doc_37.txt_15
US,SURPASSED,Nationwide,doc_37.txt_18
US,SURPASSED,EPA,doc_37.txt_18
Nationwide,SURPASSED,EPA,doc_37.txt_18
Amazon,RELATED_TO,iHeart,doc_37.txt_20
Amazon,RELATED_TO,Soundcloud,doc_37.txt_20
Amazon,RELATED_TO,US,doc_37.txt_20
Amazon,RELATED_TO,Apple,doc_37.txt_20
iHeart,RELATED_TO,Soundcloud,doc_37.txt_20
iHeart,RELATED_TO,US,doc_37.txt_20
iHeart,RELATED_TO,Apple,doc_37.txt_20
Soundcloud,RELATED_TO,US,doc_37.txt_20
Soundcloud,RELATED_TO,Apple,doc_37.txt_20
US,RELATED_TO,Apple,doc_37.txt_20
US,RELATED_TO,the Auto Business,doc_37.txt_21
Nationwide,RELATED_TO,Nationwide Investment Services Corporation,doc_37.txt_22
Nationwide,RELATED_TO,US,doc_37.txt_22
Nationwide,RELATED_TO,Columbus,doc_37.txt_22
Nationwide,RELATED_TO,FINRA,doc_37.txt_22
Nationwide Investment Services Corporation,RELATED_TO,US,doc_37.txt_22
Nationwide Investment Services Corporation,RELATED_TO,Columbus,doc_37.txt_22
Nationwide Investment Services Corporation,RELATED_TO,FINRA,doc_37.txt_22
US,RELATED_TO,Columbus,doc_37.txt_22
US,RELATED_TO,FINRA,doc_37.txt_22
Columbus,RELATED_TO,FINRA,doc_37.txt_22
the Nationwide N and,RELATED_TO,Nationwide,doc_37.txt_23
the Nationwide N and,RELATED_TO,US,doc_37.txt_23
the Nationwide N and,RELATED_TO,Eagle,doc_37.txt_23
the Nationwide N and,RELATED_TO,Columbus,doc_37.txt_23
Nationwide,RELATED_TO,US,doc_37.txt_23
Nationwide,RELATED_TO,Eagle,doc_37.txt_23
Nationwide,RELATED_TO,Columbus,doc_37.txt_23
US,RELATED_TO,Eagle,doc_37.txt_23
US,RELATED_TO,Columbus,doc_37.txt_23
Eagle,RELATED_TO,Columbus,doc_37.txt_23
US,RELATED_TO,Tim,doc_38.txt_0
US,RELATED_TO,"The Future
Event Coverage
Ask",doc_38.txt_0
Tim,RELATED_TO,"The Future
Event Coverage
Ask",doc_38.txt_0
US,RELATED_TO,U.S.,doc_38.txt_2
Republican,LED_BY,EV,doc_38.txt_4
Republican,LED_BY,US,doc_38.txt_4
Republican,LED_BY,GOP,doc_38.txt_4
Republican,LED_BY,Biden,doc_38.txt_4
EV,LED_BY,US,doc_38.txt_4
EV,LED_BY,GOP,doc_38.txt_4
EV,LED_BY,Biden,doc_38.txt_4
US,LED_BY,GOP,doc_38.txt_4
US,LED_BY,Biden,doc_38.txt_4
GOP,LED_BY,Biden,doc_38.txt_4
US,RELATED_TO,Tesla,doc_38.txt_5
US,RELATED_TO,J.D. Vance,doc_38.txt_5
US,RELATED_TO,Tesla,doc_38.txt_5
US,RELATED_TO,Trump,doc_38.txt_5
Tesla,RELATED_TO,J.D. Vance,doc_38.txt_5
Tesla,RELATED_TO,Tesla,doc_38.txt_5
Tesla,RELATED_TO,Trump,doc_38.txt_5
J.D. Vance,RELATED_TO,Tesla,doc_38.txt_5
J.D. Vance,RELATED_TO,Trump,doc_38.txt_5
Tesla,RELATED_TO,Trump,doc_38.txt_5
US,RELATED_TO,Republican,doc_38.txt_6
anti-Biden,RELATED_TO,anti-Harris,doc_38.txt_7
anti-Biden,RELATED_TO,Biden,doc_38.txt_7
anti-Harris,RELATED_TO,Biden,doc_38.txt_7
Biden,RELATED_TO,46 percent,doc_38.txt_8
Biden,RELATED_TO,2.41,doc_38.txt_8
Biden,RELATED_TO,3.52,doc_38.txt_8
Biden,RELATED_TO,AAA,doc_38.txt_8
46 percent,RELATED_TO,2.41,doc_38.txt_8
46 percent,RELATED_TO,3.52,doc_38.txt_8
46 percent,RELATED_TO,AAA,doc_38.txt_8
2.41,RELATED_TO,3.52,doc_38.txt_8
2.41,RELATED_TO,AAA,doc_38.txt_8
3.52,RELATED_TO,AAA,doc_38.txt_8
2.64,RELATED_TO,US,doc_38.txt_9
2.64,RELATED_TO,just 7 percent,doc_38.txt_9
2.64,RELATED_TO,46 percent,doc_38.txt_9
2.64,RELATED_TO,about $2.46,doc_38.txt_9
US,RELATED_TO,just 7 percent,doc_38.txt_9
US,RELATED_TO,46 percent,doc_38.txt_9
US,RELATED_TO,about $2.46,doc_38.txt_9
just 7 percent,RELATED_TO,46 percent,doc_38.txt_9
just 7 percent,RELATED_TO,about $2.46,doc_38.txt_9
46 percent,RELATED_TO,about $2.46,doc_38.txt_9
Trump,RELATED_TO,Biden,doc_38.txt_10
46 percent,RELATED_TO,49.47,doc_38.txt_11
46 percent,RELATED_TO,56.55,doc_38.txt_11
46 percent,RELATED_TO,over $72,doc_38.txt_11
46 percent,RELATED_TO,the U.S. Energy Information Administration,doc_38.txt_11
49.47,RELATED_TO,56.55,doc_38.txt_11
49.47,RELATED_TO,over $72,doc_38.txt_11
49.47,RELATED_TO,the U.S. Energy Information Administration,doc_38.txt_11
56.55,RELATED_TO,over $72,doc_38.txt_11
56.55,RELATED_TO,the U.S. Energy Information Administration,doc_38.txt_11
over $72,RELATED_TO,the U.S. Energy Information Administration,doc_38.txt_11
Russia,RELATED_TO,US,doc_38.txt_12
Russia,RELATED_TO,Biden,doc_38.txt_12
Russia,RELATED_TO,U.S.,doc_38.txt_12
US,RELATED_TO,Biden,doc_38.txt_12
US,RELATED_TO,U.S.,doc_38.txt_12
Biden,RELATED_TO,U.S.,doc_38.txt_12
US,RELATED_TO,EPA,doc_38.txt_14
US,RELATED_TO,3.84,doc_38.txt_14
US,RELATED_TO,Ford,doc_38.txt_14
US,RELATED_TO,Hyundai,doc_38.txt_14
EPA,RELATED_TO,3.84,doc_38.txt_14
EPA,RELATED_TO,Ford,doc_38.txt_14
EPA,RELATED_TO,Hyundai,doc_38.txt_14
3.84,RELATED_TO,Ford,doc_38.txt_14
3.84,RELATED_TO,Hyundai,doc_38.txt_14
Ford,RELATED_TO,Hyundai,doc_38.txt_14
Elantra,RELATED_TO,10.21,doc_38.txt_15
Elantra,RELATED_TO,DOE,doc_38.txt_15
Elantra,RELATED_TO,EPA,doc_38.txt_15
Elantra,RELATED_TO,Hyundai,doc_38.txt_15
10.21,RELATED_TO,DOE,doc_38.txt_15
10.21,RELATED_TO,EPA,doc_38.txt_15
10.21,RELATED_TO,Hyundai,doc_38.txt_15
DOE,RELATED_TO,EPA,doc_38.txt_15
DOE,RELATED_TO,Hyundai,doc_38.txt_15
EPA,RELATED_TO,Hyundai,doc_38.txt_15
only $0.11,MANUFACTURES,3.65,doc_38.txt_16
only $0.11,MANUFACTURES,2.64,doc_38.txt_16
only $0.11,MANUFACTURES,US,doc_38.txt_16
only $0.11,MANUFACTURES,10.59,doc_38.txt_16
3.65,MANUFACTURES,2.64,doc_38.txt_16
3.65,MANUFACTURES,US,doc_38.txt_16
3.65,MANUFACTURES,10.59,doc_38.txt_16
2.64,MANUFACTURES,US,doc_38.txt_16
2.64,MANUFACTURES,10.59,doc_38.txt_16
US,MANUFACTURES,10.59,doc_38.txt_16
US,RELATED_TO,Ioniq,doc_38.txt_17
US,RELATED_TO,EV,doc_38.txt_18
Russia,RELATED_TO,American,doc_38.txt_19
Russia,RELATED_TO,US,doc_38.txt_19
American,RELATED_TO,US,doc_38.txt_19
US,RELATED_TO,Trump,doc_38.txt_20
US,RELATED_TO,the Champlain Hudson Power Express,doc_38.txt_20
Trump,RELATED_TO,the Champlain Hudson Power Express,doc_38.txt_20
Canada,RELATED_TO,American,doc_38.txt_21
Canada,RELATED_TO,Manhattan,doc_38.txt_21
American,RELATED_TO,Manhattan,doc_38.txt_21
US,RELATED_TO,fed,doc_38.txt_23
US,RELATED_TO,American,doc_38.txt_23
fed,RELATED_TO,American,doc_38.txt_23
another 32 cents,RELATED_TO,about $0.50,doc_38.txt_28
another 32 cents,RELATED_TO,roughly 15 percent,doc_38.txt_28
another 32 cents,RELATED_TO,roughly 18 cents,doc_38.txt_28
about $0.50,RELATED_TO,roughly 15 percent,doc_38.txt_28
about $0.50,RELATED_TO,roughly 18 cents,doc_38.txt_28
roughly 15 percent,RELATED_TO,roughly 18 cents,doc_38.txt_28
less than 30 percent,RELATED_TO,3.50,doc_38.txt_29
United States,RELATED_TO,EV,doc_38.txt_30
United States,RELATED_TO,around 80 percent,doc_38.txt_30
United States,RELATED_TO,5 percent,doc_38.txt_30
United States,RELATED_TO,US,doc_38.txt_30
EV,RELATED_TO,around 80 percent,doc_38.txt_30
EV,RELATED_TO,5 percent,doc_38.txt_30
EV,RELATED_TO,US,doc_38.txt_30
around 80 percent,RELATED_TO,5 percent,doc_38.txt_30
around 80 percent,RELATED_TO,US,doc_38.txt_30
5 percent,RELATED_TO,US,doc_38.txt_30
EV,RELATED_TO,US,doc_38.txt_31
EV,RELATED_TO,Texas,doc_38.txt_31
EV,RELATED_TO,an additional $200,doc_38.txt_31
EV,RELATED_TO,about $200,doc_38.txt_31
US,RELATED_TO,Texas,doc_38.txt_31
US,RELATED_TO,an additional $200,doc_38.txt_31
US,RELATED_TO,about $200,doc_38.txt_31
Texas,RELATED_TO,an additional $200,doc_38.txt_31
Texas,RELATED_TO,about $200,doc_38.txt_31
an additional $200,RELATED_TO,about $200,doc_38.txt_31
Model Y,MANUFACTURES,IRA,doc_38.txt_32
Model Y,MANUFACTURES,EV,doc_38.txt_32
Model Y,MANUFACTURES,Model Y.,doc_38.txt_32
Model Y,MANUFACTURES,Germany,doc_38.txt_32
IRA,MANUFACTURES,EV,doc_38.txt_32
IRA,MANUFACTURES,Model Y.,doc_38.txt_32
IRA,MANUFACTURES,Germany,doc_38.txt_32
EV,MANUFACTURES,Model Y.,doc_38.txt_32
EV,MANUFACTURES,Germany,doc_38.txt_32
Model Y.,MANUFACTURES,Germany,doc_38.txt_32
EV,RELATED_TO,US,doc_38.txt_33
EV,RELATED_TO,American,doc_38.txt_33
EV,RELATED_TO,over $600 billion,doc_38.txt_33
EV,RELATED_TO,Elon Musk,doc_38.txt_33
US,RELATED_TO,American,doc_38.txt_33
US,RELATED_TO,over $600 billion,doc_38.txt_33
US,RELATED_TO,Elon Musk,doc_38.txt_33
American,RELATED_TO,over $600 billion,doc_38.txt_33
American,RELATED_TO,Elon Musk,doc_38.txt_33
over $600 billion,RELATED_TO,Elon Musk,doc_38.txt_33
South Carolina,RELATED_TO,Scout Motors,doc_38.txt_34
South Carolina,RELATED_TO,$2 billion,doc_38.txt_34
South Carolina,RELATED_TO,Honda,doc_38.txt_34
South Carolina,RELATED_TO,Ohio,doc_38.txt_34
Scout Motors,RELATED_TO,$2 billion,doc_38.txt_34
Scout Motors,RELATED_TO,Honda,doc_38.txt_34
Scout Motors,RELATED_TO,Ohio,doc_38.txt_34
$2 billion,RELATED_TO,Honda,doc_38.txt_34
$2 billion,RELATED_TO,Ohio,doc_38.txt_34
Honda,RELATED_TO,Ohio,doc_38.txt_34
Republican,RELATED_TO,$3.5 billion,doc_38.txt_35
Republican,RELATED_TO,South Carolina,doc_38.txt_35
Republican,RELATED_TO,EV,doc_38.txt_35
Republican,RELATED_TO,Tim Scott,doc_38.txt_35
$3.5 billion,RELATED_TO,South Carolina,doc_38.txt_35
$3.5 billion,RELATED_TO,EV,doc_38.txt_35
$3.5 billion,RELATED_TO,Tim Scott,doc_38.txt_35
South Carolina,RELATED_TO,EV,doc_38.txt_35
South Carolina,RELATED_TO,Tim Scott,doc_38.txt_35
EV,RELATED_TO,Tim Scott,doc_38.txt_35
American EV,RELATED_TO,the National Resources Defense Council,doc_38.txt_36
American EV,RELATED_TO,Over $312 billion,doc_38.txt_36
the National Resources Defense Council,RELATED_TO,Over $312 billion,doc_38.txt_36
EV,SURPASSED,U.S.,doc_38.txt_37
EV,RELATED_TO,US,doc_38.txt_38
EV,RELATED_TO,Europe,doc_38.txt_38
EV,RELATED_TO,American,doc_38.txt_38
EV,RELATED_TO,EU,doc_38.txt_38
US,RELATED_TO,Europe,doc_38.txt_38
US,RELATED_TO,American,doc_38.txt_38
US,RELATED_TO,EU,doc_38.txt_38
Europe,RELATED_TO,American,doc_38.txt_38
Europe,RELATED_TO,EU,doc_38.txt_38
American,RELATED_TO,EU,doc_38.txt_38
McMurty Spéirling,MANUFACTURES,Lucid Air Sapphire,doc_38.txt_39
McMurty Spéirling,MANUFACTURES,US,doc_38.txt_39
McMurty Spéirling,MANUFACTURES,Lucid,doc_38.txt_39
McMurty Spéirling,MANUFACTURES,American,doc_38.txt_39
Lucid Air Sapphire,MANUFACTURES,US,doc_38.txt_39
Lucid Air Sapphire,MANUFACTURES,Lucid,doc_38.txt_39
Lucid Air Sapphire,MANUFACTURES,American,doc_38.txt_39
US,MANUFACTURES,Lucid,doc_38.txt_39
US,MANUFACTURES,American,doc_38.txt_39
Lucid,MANUFACTURES,American,doc_38.txt_39
US,MANUFACTURES,SEC,doc_38.txt_40
US,MANUFACTURES,American,doc_38.txt_40
US,MANUFACTURES,DOE,doc_38.txt_40
SEC,MANUFACTURES,American,doc_38.txt_40
SEC,MANUFACTURES,DOE,doc_38.txt_40
American,MANUFACTURES,DOE,doc_38.txt_40
US,RELATED_TO,Tim Stevens,doc_38.txt_41
US,RELATED_TO,MotorTrend,doc_38.txt_41
Tim Stevens,RELATED_TO,MotorTrend,doc_38.txt_41
US,RELATED_TO,MOTOR TREND GROUP,doc_38.txt_42
US,RELATED_TO,LLC,doc_38.txt_42
MOTOR TREND GROUP,RELATED_TO,LLC,doc_38.txt_42
IRA,RELATED_TO,SEC,doc_39.txt_0
IRA,RELATED_TO,Kantar,doc_39.txt_0
IRA,RELATED_TO,US,doc_39.txt_0
SEC,RELATED_TO,Kantar,doc_39.txt_0
SEC,RELATED_TO,US,doc_39.txt_0
Kantar,RELATED_TO,US,doc_39.txt_0
BloombergNEF,RELATED_TO,23%,doc_39.txt_1
BloombergNEF,RELATED_TO,$388 billion,doc_39.txt_1
BloombergNEF,RELATED_TO,US,doc_39.txt_1
BloombergNEF,RELATED_TO,53%,doc_39.txt_1
23%,RELATED_TO,$388 billion,doc_39.txt_1
23%,RELATED_TO,US,doc_39.txt_1
23%,RELATED_TO,53%,doc_39.txt_1
$388 billion,RELATED_TO,US,doc_39.txt_1
$388 billion,RELATED_TO,53%,doc_39.txt_1
US,RELATED_TO,53%,doc_39.txt_1
US,RELATED_TO,Singapore,doc_39.txt_2
US,RELATED_TO,US,doc_39.txt_2
US,RELATED_TO,Profiles Audience Network,doc_39.txt_2
US,RELATED_TO,Germany,doc_39.txt_2
Singapore,RELATED_TO,US,doc_39.txt_2
Singapore,RELATED_TO,Profiles Audience Network,doc_39.txt_2
Singapore,RELATED_TO,Germany,doc_39.txt_2
US,RELATED_TO,Profiles Audience Network,doc_39.txt_2
US,RELATED_TO,Germany,doc_39.txt_2
Profiles Audience Network,RELATED_TO,Germany,doc_39.txt_2
US,MANUFACTURES,EV,doc_39.txt_3
US,RELATED_TO,10%,doc_39.txt_4
US,RELATED_TO,EV,doc_39.txt_4
US,RELATED_TO,Singapore,doc_39.txt_4
US,RELATED_TO,US,doc_39.txt_4
10%,RELATED_TO,EV,doc_39.txt_4
10%,RELATED_TO,Singapore,doc_39.txt_4
10%,RELATED_TO,US,doc_39.txt_4
EV,RELATED_TO,Singapore,doc_39.txt_4
EV,RELATED_TO,US,doc_39.txt_4
Singapore,RELATED_TO,US,doc_39.txt_4
87%,RELATED_TO,3%,doc_39.txt_5
87%,RELATED_TO,US,doc_39.txt_5
87%,RELATED_TO,4%,doc_39.txt_5
87%,RELATED_TO,23%,doc_39.txt_5
3%,RELATED_TO,US,doc_39.txt_5
3%,RELATED_TO,4%,doc_39.txt_5
3%,RELATED_TO,23%,doc_39.txt_5
US,RELATED_TO,4%,doc_39.txt_5
US,RELATED_TO,23%,doc_39.txt_5
4%,RELATED_TO,23%,doc_39.txt_5
10%,RELATED_TO,19%,doc_39.txt_6
10%,RELATED_TO,Singapore,doc_39.txt_6
10%,RELATED_TO,US,doc_39.txt_6
10%,RELATED_TO,18%,doc_39.txt_6
19%,RELATED_TO,Singapore,doc_39.txt_6
19%,RELATED_TO,US,doc_39.txt_6
19%,RELATED_TO,18%,doc_39.txt_6
Singapore,RELATED_TO,US,doc_39.txt_6
Singapore,RELATED_TO,18%,doc_39.txt_6
US,RELATED_TO,18%,doc_39.txt_6
3%,RELATED_TO,US,doc_39.txt_7
3%,RELATED_TO,EV,doc_39.txt_7
3%,RELATED_TO,US,doc_39.txt_7
3%,RELATED_TO,SEC,doc_39.txt_7
US,RELATED_TO,EV,doc_39.txt_7
US,RELATED_TO,US,doc_39.txt_7
US,RELATED_TO,SEC,doc_39.txt_7
EV,RELATED_TO,US,doc_39.txt_7
EV,RELATED_TO,SEC,doc_39.txt_7
US,RELATED_TO,SEC,doc_39.txt_7
EV,RELATED_TO,Singapore,doc_39.txt_8
EV,RELATED_TO,39%,doc_39.txt_8
EV,RELATED_TO,Germany,doc_39.txt_8
EV,RELATED_TO,Germany,doc_39.txt_8
Singapore,RELATED_TO,39%,doc_39.txt_8
Singapore,RELATED_TO,Germany,doc_39.txt_8
Singapore,RELATED_TO,Germany,doc_39.txt_8
39%,RELATED_TO,Germany,doc_39.txt_8
39%,RELATED_TO,Germany,doc_39.txt_8
Germany,RELATED_TO,Germany,doc_39.txt_8
US,RELATED_TO,EV,doc_39.txt_9
US,RELATED_TO,27%,doc_39.txt_9
US,RELATED_TO,Singapore,doc_39.txt_9
US,RELATED_TO,42%,doc_39.txt_9
EV,RELATED_TO,27%,doc_39.txt_9
EV,RELATED_TO,Singapore,doc_39.txt_9
EV,RELATED_TO,42%,doc_39.txt_9
27%,RELATED_TO,Singapore,doc_39.txt_9
27%,RELATED_TO,42%,doc_39.txt_9
Singapore,RELATED_TO,42%,doc_39.txt_9
US,RELATED_TO,EV,doc_39.txt_10
US,RELATED_TO,Singapore,doc_39.txt_10
US,RELATED_TO,US,doc_39.txt_10
US,RELATED_TO,Germany,doc_39.txt_10
EV,RELATED_TO,Singapore,doc_39.txt_10
EV,RELATED_TO,US,doc_39.txt_10
EV,RELATED_TO,Germany,doc_39.txt_10
Singapore,RELATED_TO,US,doc_39.txt_10
Singapore,RELATED_TO,Germany,doc_39.txt_10
US,RELATED_TO,Germany,doc_39.txt_10
US,RELATED_TO,31%,doc_39.txt_11
US,RELATED_TO,EV,doc_39.txt_11
US,RELATED_TO,US,doc_39.txt_11
US,RELATED_TO,Germany,doc_39.txt_11
31%,RELATED_TO,EV,doc_39.txt_11
31%,RELATED_TO,US,doc_39.txt_11
31%,RELATED_TO,Germany,doc_39.txt_11
EV,RELATED_TO,US,doc_39.txt_11
EV,RELATED_TO,Germany,doc_39.txt_11
US,RELATED_TO,Germany,doc_39.txt_11
US,RELATED_TO,EV,doc_39.txt_12
US,RELATED_TO,Singapore,doc_39.txt_12
US,RELATED_TO,US,doc_39.txt_12
US,RELATED_TO,39%,doc_39.txt_12
EV,RELATED_TO,Singapore,doc_39.txt_12
EV,RELATED_TO,US,doc_39.txt_12
EV,RELATED_TO,39%,doc_39.txt_12
Singapore,RELATED_TO,US,doc_39.txt_12
Singapore,RELATED_TO,39%,doc_39.txt_12
US,RELATED_TO,39%,doc_39.txt_12
EV,RELATED_TO,Singapore,doc_39.txt_13
EV,RELATED_TO,Germany,doc_39.txt_13
EV,RELATED_TO,Germany,doc_39.txt_13
EV,RELATED_TO,52%,doc_39.txt_13
Singapore,RELATED_TO,Germany,doc_39.txt_13
Singapore,RELATED_TO,Germany,doc_39.txt_13
Singapore,RELATED_TO,52%,doc_39.txt_13
Germany,RELATED_TO,Germany,doc_39.txt_13
Germany,RELATED_TO,52%,doc_39.txt_13
Germany,RELATED_TO,52%,doc_39.txt_13
only 36%,RELATED_TO,US,doc_39.txt_14
only 36%,RELATED_TO,EV,doc_39.txt_14
only 36%,RELATED_TO,Singapore,doc_39.txt_14
only 36%,RELATED_TO,US,doc_39.txt_14
US,RELATED_TO,EV,doc_39.txt_14
US,RELATED_TO,Singapore,doc_39.txt_14
US,RELATED_TO,US,doc_39.txt_14
EV,RELATED_TO,Singapore,doc_39.txt_14
EV,RELATED_TO,US,doc_39.txt_14
Singapore,RELATED_TO,US,doc_39.txt_14
US,RELATED_TO,EV,doc_39.txt_15
US,RELATED_TO,US,doc_39.txt_15
US,RELATED_TO,53%,doc_39.txt_15
US,RELATED_TO,45%,doc_39.txt_15
EV,RELATED_TO,US,doc_39.txt_15
EV,RELATED_TO,53%,doc_39.txt_15
EV,RELATED_TO,45%,doc_39.txt_15
US,RELATED_TO,53%,doc_39.txt_15
US,RELATED_TO,45%,doc_39.txt_15
53%,RELATED_TO,45%,doc_39.txt_15
EV,RELATED_TO,53%,doc_39.txt_16
60%,RELATED_TO,EV,doc_39.txt_17
US,RELATED_TO,EV,doc_39.txt_18
US,RELATED_TO,55%,doc_39.txt_18
US,RELATED_TO,Singapore,doc_39.txt_18
US,RELATED_TO,US,doc_39.txt_18
EV,RELATED_TO,55%,doc_39.txt_18
EV,RELATED_TO,Singapore,doc_39.txt_18
EV,RELATED_TO,US,doc_39.txt_18
55%,RELATED_TO,Singapore,doc_39.txt_18
55%,RELATED_TO,US,doc_39.txt_18
Singapore,RELATED_TO,US,doc_39.txt_18
EV,RELATED_TO,Singapore,doc_39.txt_19
EV,RELATED_TO,21-35%,doc_39.txt_19
EV,RELATED_TO,35%,doc_39.txt_19
EV,RELATED_TO,UK,doc_39.txt_19
Singapore,RELATED_TO,21-35%,doc_39.txt_19
Singapore,RELATED_TO,35%,doc_39.txt_19
Singapore,RELATED_TO,UK,doc_39.txt_19
21-35%,RELATED_TO,35%,doc_39.txt_19
21-35%,RELATED_TO,UK,doc_39.txt_19
35%,RELATED_TO,UK,doc_39.txt_19
36% to 41%,RELATED_TO,US,doc_39.txt_20
36% to 41%,RELATED_TO,EV,doc_39.txt_20
36% to 41%,RELATED_TO,Singapore,doc_39.txt_20
36% to 41%,RELATED_TO,US,doc_39.txt_20
US,RELATED_TO,EV,doc_39.txt_20
US,RELATED_TO,Singapore,doc_39.txt_20
US,RELATED_TO,US,doc_39.txt_20
EV,RELATED_TO,Singapore,doc_39.txt_20
EV,RELATED_TO,US,doc_39.txt_20
Singapore,RELATED_TO,US,doc_39.txt_20
Tesla,COMPETES_WITH,EV,doc_39.txt_21
Tesla,COMPETES_WITH,BMW,doc_39.txt_21
Tesla,COMPETES_WITH,Ford,doc_39.txt_21
EV,COMPETES_WITH,BMW,doc_39.txt_21
EV,COMPETES_WITH,Ford,doc_39.txt_21
BMW,COMPETES_WITH,Ford,doc_39.txt_21
US,MANUFACTURES,EV,doc_39.txt_22
US,MANUFACTURES,Singapore,doc_39.txt_22
US,MANUFACTURES,US,doc_39.txt_22
US,MANUFACTURES,Germany,doc_39.txt_22
EV,MANUFACTURES,Singapore,doc_39.txt_22
EV,MANUFACTURES,US,doc_39.txt_22
EV,MANUFACTURES,Germany,doc_39.txt_22
Singapore,MANUFACTURES,US,doc_39.txt_22
Singapore,MANUFACTURES,Germany,doc_39.txt_22
US,MANUFACTURES,Germany,doc_39.txt_22
US,MANUFACTURES,EV,doc_39.txt_23
US,MANUFACTURES,US,doc_39.txt_23
US,MANUFACTURES,26%,doc_39.txt_23
US,MANUFACTURES,52%,doc_39.txt_23
EV,MANUFACTURES,US,doc_39.txt_23
EV,MANUFACTURES,26%,doc_39.txt_23
EV,MANUFACTURES,52%,doc_39.txt_23
US,MANUFACTURES,26%,doc_39.txt_23
US,MANUFACTURES,52%,doc_39.txt_23
26%,MANUFACTURES,52%,doc_39.txt_23
US,MANUFACTURES,EV,doc_39.txt_24
US,MANUFACTURES,US,doc_39.txt_24
US,MANUFACTURES,34%,doc_39.txt_24
US,MANUFACTURES,8%,doc_39.txt_24
EV,MANUFACTURES,US,doc_39.txt_24
EV,MANUFACTURES,34%,doc_39.txt_24
EV,MANUFACTURES,8%,doc_39.txt_24
US,MANUFACTURES,34%,doc_39.txt_24
US,MANUFACTURES,8%,doc_39.txt_24
34%,MANUFACTURES,8%,doc_39.txt_24
Kantar,RELATED_TO,US,doc_39.txt_25
Kantar,RELATED_TO,EV,doc_39.txt_25
Kantar,RELATED_TO,Singapore,doc_39.txt_25
Kantar,RELATED_TO,only 39%,doc_39.txt_25
US,RELATED_TO,EV,doc_39.txt_25
US,RELATED_TO,Singapore,doc_39.txt_25
US,RELATED_TO,only 39%,doc_39.txt_25
EV,RELATED_TO,Singapore,doc_39.txt_25
EV,RELATED_TO,only 39%,doc_39.txt_25
Singapore,RELATED_TO,only 39%,doc_39.txt_25
US,MANUFACTURES,55%,doc_39.txt_26
US,MANUFACTURES,EV,doc_39.txt_26
US,MANUFACTURES,Singapore,doc_39.txt_26
US,MANUFACTURES,US,doc_39.txt_26
55%,MANUFACTURES,EV,doc_39.txt_26
55%,MANUFACTURES,Singapore,doc_39.txt_26
55%,MANUFACTURES,US,doc_39.txt_26
EV,MANUFACTURES,Singapore,doc_39.txt_26
EV,MANUFACTURES,US,doc_39.txt_26
Singapore,MANUFACTURES,US,doc_39.txt_26
US,RELATED_TO,Singapore,doc_39.txt_28
US,RELATED_TO,US,doc_39.txt_28
US,RELATED_TO,the Kantar Profiles Audience Network,doc_39.txt_28
US,RELATED_TO,Germany,doc_39.txt_28
Singapore,RELATED_TO,US,doc_39.txt_28
Singapore,RELATED_TO,the Kantar Profiles Audience Network,doc_39.txt_28
Singapore,RELATED_TO,Germany,doc_39.txt_28
US,RELATED_TO,the Kantar Profiles Audience Network,doc_39.txt_28
US,RELATED_TO,Germany,doc_39.txt_28
the Kantar Profiles Audience Network,RELATED_TO,Germany,doc_39.txt_28
US,RELATED_TO,Kantar Profiles Audience Network,doc_39.txt_29
US,RELATED_TO,Profiles,doc_39.txt_29
Kantar Profiles Audience Network,RELATED_TO,Profiles,doc_39.txt_29
EIA,RELATED_TO,US,doc_4.txt_3
EIA,RELATED_TO,GitHub,doc_4.txt_3
EIA,RELATED_TO,Excel,doc_4.txt_3
EIA,RELATED_TO,API,doc_4.txt_3
US,RELATED_TO,GitHub,doc_4.txt_3
US,RELATED_TO,Excel,doc_4.txt_3
US,RELATED_TO,API,doc_4.txt_3
GitHub,RELATED_TO,Excel,doc_4.txt_3
GitHub,RELATED_TO,API,doc_4.txt_3
Excel,RELATED_TO,API,doc_4.txt_3
EIA,RELATED_TO,US,doc_4.txt_4
EIA,RELATED_TO,GitHub,doc_4.txt_4
EIA,RELATED_TO,Energy,doc_4.txt_4
EIA,RELATED_TO,Subscribe,doc_4.txt_4
US,RELATED_TO,GitHub,doc_4.txt_4
US,RELATED_TO,Energy,doc_4.txt_4
US,RELATED_TO,Subscribe,doc_4.txt_4
GitHub,RELATED_TO,Energy,doc_4.txt_4
GitHub,RELATED_TO,Subscribe,doc_4.txt_4
Energy,RELATED_TO,Subscribe,doc_4.txt_4
US,RELATED_TO,"Suspended
Generating",doc_4.txt_5
US,RELATED_TO,congress,doc_4.txt_5
US,RELATED_TO,Lesson,doc_4.txt_5
"Suspended
Generating",RELATED_TO,congress,doc_4.txt_5
"Suspended
Generating",RELATED_TO,Lesson,doc_4.txt_5
congress,RELATED_TO,Lesson,doc_4.txt_5
Kota Yuzawa,MANUFACTURES,EV,doc_40.txt_1
Kota Yuzawa,MANUFACTURES,Kota,doc_40.txt_1
Kota Yuzawa,MANUFACTURES,EU,doc_40.txt_1
Kota Yuzawa,MANUFACTURES,Goldman Sachs Research,doc_40.txt_1
EV,MANUFACTURES,Kota,doc_40.txt_1
EV,MANUFACTURES,EU,doc_40.txt_1
EV,MANUFACTURES,Goldman Sachs Research,doc_40.txt_1
Kota,MANUFACTURES,EU,doc_40.txt_1
Kota,MANUFACTURES,Goldman Sachs Research,doc_40.txt_1
EU,MANUFACTURES,Goldman Sachs Research,doc_40.txt_1
US,RELATED_TO,EV,doc_40.txt_2
US,RELATED_TO,UK,doc_40.txt_2
EV,RELATED_TO,UK,doc_40.txt_2
SEC,MANUFACTURES,EV,doc_40.txt_3
21%,RELATED_TO,EV,doc_40.txt_4
21%,RELATED_TO,US,doc_40.txt_4
EV,RELATED_TO,US,doc_40.txt_4
EV,RELATED_TO,2%,doc_40.txt_5
US,MANUFACTURES,US,doc_40.txt_6
US,RELATED_TO,EV,doc_40.txt_9
China,RELATED_TO,EV,doc_40.txt_10
China,RELATED_TO,China,doc_40.txt_10
China,RELATED_TO,more than 5 million,doc_40.txt_10
EV,RELATED_TO,China,doc_40.txt_10
EV,RELATED_TO,more than 5 million,doc_40.txt_10
China,RELATED_TO,more than 5 million,doc_40.txt_10
US,RELATED_TO,EV,doc_40.txt_11
US,RELATED_TO,US,doc_40.txt_11
US,RELATED_TO,Europe,doc_40.txt_11
US,RELATED_TO,China,doc_40.txt_11
EV,RELATED_TO,US,doc_40.txt_11
EV,RELATED_TO,Europe,doc_40.txt_11
EV,RELATED_TO,China,doc_40.txt_11
US,RELATED_TO,Europe,doc_40.txt_11
US,RELATED_TO,China,doc_40.txt_11
Europe,RELATED_TO,China,doc_40.txt_11
DOE,INVESTED_IN,Japanese,doc_40.txt_13
DOE,INVESTED_IN,Japan,doc_40.txt_13
DOE,INVESTED_IN,Chinese,doc_40.txt_13
Japanese,INVESTED_IN,Japan,doc_40.txt_13
Japanese,INVESTED_IN,Chinese,doc_40.txt_13
Japan,INVESTED_IN,Chinese,doc_40.txt_13
US,MANUFACTURES,EU,doc_40.txt_14
US,MANUFACTURES,EV,doc_40.txt_14
EU,MANUFACTURES,EV,doc_40.txt_14
DOE,RELATED_TO,Goldman Sachs,doc_40.txt_16
TX,RELATED_TO,US,doc_41.txt_0
TX,RELATED_TO,Texas,doc_41.txt_0
TX,RELATED_TO,AUSTIN,doc_41.txt_0
TX,RELATED_TO,over $20 billion,doc_41.txt_0
US,RELATED_TO,Texas,doc_41.txt_0
US,RELATED_TO,AUSTIN,doc_41.txt_0
US,RELATED_TO,over $20 billion,doc_41.txt_0
Texas,RELATED_TO,AUSTIN,doc_41.txt_0
Texas,RELATED_TO,over $20 billion,doc_41.txt_0
AUSTIN,RELATED_TO,over $20 billion,doc_41.txt_0
WASHINGTON,RELATED_TO,US,doc_41.txt_1
WASHINGTON,RELATED_TO,Abigail Ross Hopper,doc_41.txt_1
WASHINGTON,RELATED_TO,America,doc_41.txt_1
WASHINGTON,RELATED_TO,the Solar Energy Industries Association,doc_41.txt_1
US,RELATED_TO,Abigail Ross Hopper,doc_41.txt_1
US,RELATED_TO,America,doc_41.txt_1
US,RELATED_TO,the Solar Energy Industries Association,doc_41.txt_1
Abigail Ross Hopper,RELATED_TO,America,doc_41.txt_1
Abigail Ross Hopper,RELATED_TO,the Solar Energy Industries Association,doc_41.txt_1
America,RELATED_TO,the Solar Energy Industries Association,doc_41.txt_1
US,RELATED_TO,The Solar Energy Industries Association®,doc_41.txt_2
Wood Mackenzie Power & Renewables,RELATED_TO,the national trade association,doc_41.txt_3
Wood Mackenzie Power & Renewables,RELATED_TO,United States,doc_41.txt_3
Wood Mackenzie Power & Renewables,RELATED_TO,US,doc_41.txt_3
Wood Mackenzie Power & Renewables,RELATED_TO,the United States,doc_41.txt_3
the national trade association,RELATED_TO,United States,doc_41.txt_3
the national trade association,RELATED_TO,US,doc_41.txt_3
the national trade association,RELATED_TO,the United States,doc_41.txt_3
United States,RELATED_TO,US,doc_41.txt_3
United States,RELATED_TO,the United States,doc_41.txt_3
US,RELATED_TO,the United States,doc_41.txt_3
SEIA,RELATED_TO,U.S.,doc_41.txt_4
ITC,RELATED_TO,SEC,doc_41.txt_5
ITC,RELATED_TO,26%,doc_41.txt_5
ITC,RELATED_TO,Investment Tax Credit,doc_41.txt_5
ITC,RELATED_TO,Solar,doc_41.txt_5
SEC,RELATED_TO,26%,doc_41.txt_5
SEC,RELATED_TO,Investment Tax Credit,doc_41.txt_5
SEC,RELATED_TO,Solar,doc_41.txt_5
26%,RELATED_TO,Investment Tax Credit,doc_41.txt_5
26%,RELATED_TO,Solar,doc_41.txt_5
Investment Tax Credit,RELATED_TO,Solar,doc_41.txt_5
$60 billion,RELATED_TO,US,doc_41.txt_6
$60 billion,RELATED_TO,American,doc_41.txt_6
$60 billion,RELATED_TO,Americans,doc_41.txt_6
$60 billion,RELATED_TO,U.S.,doc_41.txt_6
US,RELATED_TO,American,doc_41.txt_6
US,RELATED_TO,Americans,doc_41.txt_6
US,RELATED_TO,U.S.,doc_41.txt_6
American,RELATED_TO,Americans,doc_41.txt_6
American,RELATED_TO,U.S.,doc_41.txt_6
Americans,RELATED_TO,U.S.,doc_41.txt_6
nearly 40%,RELATED_TO,"roughly $25,000",doc_41.txt_7
nearly 40%,RELATED_TO,US,doc_41.txt_7
nearly 40%,RELATED_TO,"40,000",doc_41.txt_7
nearly 40%,RELATED_TO,35,doc_41.txt_7
"roughly $25,000",RELATED_TO,US,doc_41.txt_7
"roughly $25,000",RELATED_TO,"40,000",doc_41.txt_7
"roughly $25,000",RELATED_TO,35,doc_41.txt_7
US,RELATED_TO,"40,000",doc_41.txt_7
US,RELATED_TO,35,doc_41.txt_7
"40,000",RELATED_TO,35,doc_41.txt_7
GM,RELATED_TO,U.S.,doc_41.txt_8
US,RELATED_TO,Solar,doc_41.txt_10
US,RELATED_TO,55%,doc_41.txt_10
US,RELATED_TO,over 64%,doc_41.txt_10
Solar,RELATED_TO,55%,doc_41.txt_10
Solar,RELATED_TO,over 64%,doc_41.txt_10
55%,RELATED_TO,over 64%,doc_41.txt_10
just 0.1%,RELATED_TO,US,doc_41.txt_11
just 0.1%,RELATED_TO,6%,doc_41.txt_11
just 0.1%,RELATED_TO,U.S.,doc_41.txt_11
just 0.1%,RELATED_TO,Solar,doc_41.txt_11
US,RELATED_TO,6%,doc_41.txt_11
US,RELATED_TO,U.S.,doc_41.txt_11
US,RELATED_TO,Solar,doc_41.txt_11
6%,RELATED_TO,U.S.,doc_41.txt_11
6%,RELATED_TO,Solar,doc_41.txt_11
U.S.,RELATED_TO,Solar,doc_41.txt_11
Texas,RELATED_TO,California,doc_41.txt_12
Texas,RELATED_TO,U.S.,doc_41.txt_12
Texas,RELATED_TO,Puerto Rico,doc_41.txt_12
California,RELATED_TO,U.S.,doc_41.txt_12
California,RELATED_TO,Puerto Rico,doc_41.txt_12
U.S.,RELATED_TO,Puerto Rico,doc_41.txt_12
US,RELATED_TO,SG&A,doc_41.txt_13
US,RELATED_TO,U.S.,doc_41.txt_13
SG&A,RELATED_TO,U.S.,doc_41.txt_13
Solar Automated Permit Processing,RELATED_TO,SolSmart,doc_41.txt_14
Solar Automated Permit Processing,RELATED_TO,SEIA,doc_41.txt_14
SolSmart,RELATED_TO,SEIA,doc_41.txt_14
28%,RELATED_TO,US,doc_41.txt_15
28%,RELATED_TO,solar+storage,doc_41.txt_15
28%,RELATED_TO,under 12%,doc_41.txt_15
28%,RELATED_TO,California,doc_41.txt_15
US,RELATED_TO,solar+storage,doc_41.txt_15
US,RELATED_TO,under 12%,doc_41.txt_15
US,RELATED_TO,California,doc_41.txt_15
solar+storage,RELATED_TO,under 12%,doc_41.txt_15
solar+storage,RELATED_TO,California,doc_41.txt_15
under 12%,RELATED_TO,California,doc_41.txt_15
US,RELATED_TO,4%,doc_41.txt_17
US,RELATED_TO,California,doc_41.txt_17
4%,RELATED_TO,California,doc_41.txt_17
GM,RELATED_TO,US,doc_41.txt_18
GM,RELATED_TO,SEC,doc_41.txt_18
GM,RELATED_TO,EU,doc_41.txt_18
GM,RELATED_TO,California,doc_41.txt_18
US,RELATED_TO,SEC,doc_41.txt_18
US,RELATED_TO,EU,doc_41.txt_18
US,RELATED_TO,California,doc_41.txt_18
SEC,RELATED_TO,EU,doc_41.txt_18
SEC,RELATED_TO,California,doc_41.txt_18
EU,RELATED_TO,California,doc_41.txt_18
Massachusetts,RELATED_TO,US,doc_41.txt_19
Massachusetts,RELATED_TO,New Jersey,doc_41.txt_19
Massachusetts,RELATED_TO,New York,doc_41.txt_19
Massachusetts,RELATED_TO,California,doc_41.txt_19
US,RELATED_TO,New Jersey,doc_41.txt_19
US,RELATED_TO,New York,doc_41.txt_19
US,RELATED_TO,California,doc_41.txt_19
New Jersey,RELATED_TO,New York,doc_41.txt_19
New Jersey,RELATED_TO,California,doc_41.txt_19
New York,RELATED_TO,California,doc_41.txt_19
Massachusetts,RELATED_TO,US,doc_41.txt_21
Massachusetts,RELATED_TO,Illinois,doc_41.txt_21
Massachusetts,RELATED_TO,Maine,doc_41.txt_21
Massachusetts,RELATED_TO,New Jersey,doc_41.txt_21
US,RELATED_TO,Illinois,doc_41.txt_21
US,RELATED_TO,Maine,doc_41.txt_21
US,RELATED_TO,New Jersey,doc_41.txt_21
Illinois,RELATED_TO,Maine,doc_41.txt_21
Illinois,RELATED_TO,New Jersey,doc_41.txt_21
Maine,RELATED_TO,New Jersey,doc_41.txt_21
US,RELATED_TO,GM,doc_41.txt_23
US,RELATED_TO,46%,doc_41.txt_27
US,RELATED_TO,IRA,doc_41.txt_27
46%,RELATED_TO,IRA,doc_41.txt_27
US,RELATED_TO,IRA,doc_41.txt_28
US,RELATED_TO,U.S.,doc_41.txt_28
IRA,RELATED_TO,U.S.,doc_41.txt_28
US,RELATED_TO,SEC,doc_41.txt_31
Amazon,RELATED_TO,Google,doc_41.txt_32
Amazon,RELATED_TO,Walmart,doc_41.txt_32
Amazon,RELATED_TO,US,doc_41.txt_32
Amazon,RELATED_TO,SEIA’s Solar Means Business,doc_41.txt_32
Google,RELATED_TO,Walmart,doc_41.txt_32
Google,RELATED_TO,US,doc_41.txt_32
Google,RELATED_TO,SEIA’s Solar Means Business,doc_41.txt_32
Walmart,RELATED_TO,US,doc_41.txt_32
Walmart,RELATED_TO,SEIA’s Solar Means Business,doc_41.txt_32
US,RELATED_TO,SEIA’s Solar Means Business,doc_41.txt_32
Washington,RELATED_TO,US,doc_41.txt_33
Washington,RELATED_TO,N.W.,doc_41.txt_33
Washington,RELATED_TO,the SEIA Weekly Array,doc_41.txt_33
Washington,RELATED_TO,Phone,doc_41.txt_33
US,RELATED_TO,N.W.,doc_41.txt_33
US,RELATED_TO,the SEIA Weekly Array,doc_41.txt_33
US,RELATED_TO,Phone,doc_41.txt_33
N.W.,RELATED_TO,the SEIA Weekly Array,doc_41.txt_33
N.W.,RELATED_TO,Phone,doc_41.txt_33
the SEIA Weekly Array,RELATED_TO,Phone,doc_41.txt_33
Joe Biden,RELATED_TO,Trump,doc_42.txt_0
Joe Biden,RELATED_TO,US,doc_42.txt_0
Joe Biden,RELATED_TO,United States,doc_42.txt_0
Joe Biden,RELATED_TO,US,doc_42.txt_0
Trump,RELATED_TO,US,doc_42.txt_0
Trump,RELATED_TO,United States,doc_42.txt_0
Trump,RELATED_TO,US,doc_42.txt_0
US,RELATED_TO,United States,doc_42.txt_0
US,RELATED_TO,US,doc_42.txt_0
United States,RELATED_TO,US,doc_42.txt_0
White House,RELATED_TO,US,doc_42.txt_1
White House,RELATED_TO,US,doc_42.txt_1
White House,RELATED_TO,Biden,doc_42.txt_1
White House,RELATED_TO,China,doc_42.txt_1
US,RELATED_TO,US,doc_42.txt_1
US,RELATED_TO,Biden,doc_42.txt_1
US,RELATED_TO,China,doc_42.txt_1
US,RELATED_TO,Biden,doc_42.txt_1
US,RELATED_TO,China,doc_42.txt_1
Biden,RELATED_TO,China,doc_42.txt_1
Beijing,RELATED_TO,China Announces Countermeasures Against U.S. Defense Firms,doc_42.txt_3
Beijing,RELATED_TO,The Ministry of Foreign Affairs,doc_42.txt_3
Beijing,RELATED_TO,China,doc_42.txt_3
Beijing,RELATED_TO,China,doc_42.txt_3
China Announces Countermeasures Against U.S. Defense Firms,RELATED_TO,The Ministry of Foreign Affairs,doc_42.txt_3
China Announces Countermeasures Against U.S. Defense Firms,RELATED_TO,China,doc_42.txt_3
China Announces Countermeasures Against U.S. Defense Firms,RELATED_TO,China,doc_42.txt_3
The Ministry of Foreign Affairs,RELATED_TO,China,doc_42.txt_3
The Ministry of Foreign Affairs,RELATED_TO,China,doc_42.txt_3
China,RELATED_TO,China,doc_42.txt_3
the Entity List,RELATED_TO,US,doc_42.txt_4
the Entity List,RELATED_TO,US,doc_42.txt_4
the Entity List,RELATED_TO,China,doc_42.txt_4
the Entity List,RELATED_TO,China,doc_42.txt_4
US,RELATED_TO,US,doc_42.txt_4
US,RELATED_TO,China,doc_42.txt_4
US,RELATED_TO,China,doc_42.txt_4
US,RELATED_TO,China,doc_42.txt_4
US,RELATED_TO,China,doc_42.txt_4
China,RELATED_TO,China,doc_42.txt_4
the U.S. Department of Commerce’s Bureau of Industry and Security,MANUFACTURES,US,doc_42.txt_5
the U.S. Department of Commerce’s Bureau of Industry and Security,MANUFACTURES,SEC,doc_42.txt_5
the U.S. Department of Commerce’s Bureau of Industry and Security,MANUFACTURES,EPA,doc_42.txt_5
the U.S. Department of Commerce’s Bureau of Industry and Security,MANUFACTURES,BIS,doc_42.txt_5
US,MANUFACTURES,SEC,doc_42.txt_5
US,MANUFACTURES,EPA,doc_42.txt_5
US,MANUFACTURES,BIS,doc_42.txt_5
SEC,MANUFACTURES,EPA,doc_42.txt_5
SEC,MANUFACTURES,BIS,doc_42.txt_5
EPA,MANUFACTURES,BIS,doc_42.txt_5
BIS,MANUFACTURES,PRC,doc_42.txt_6
US,RELATED_TO,Ministry of Commerce,doc_42.txt_7
US,RELATED_TO,US,doc_42.txt_7
US,RELATED_TO,The Ministry of Commerce,doc_42.txt_7
US,RELATED_TO,SEC,doc_42.txt_7
Ministry of Commerce,RELATED_TO,US,doc_42.txt_7
Ministry of Commerce,RELATED_TO,The Ministry of Commerce,doc_42.txt_7
Ministry of Commerce,RELATED_TO,SEC,doc_42.txt_7
US,RELATED_TO,The Ministry of Commerce,doc_42.txt_7
US,RELATED_TO,SEC,doc_42.txt_7
The Ministry of Commerce,RELATED_TO,SEC,doc_42.txt_7
US,RELATED_TO,China,doc_42.txt_8
US,RELATED_TO,US,doc_42.txt_8
US,RELATED_TO,China,doc_42.txt_8
China,RELATED_TO,US,doc_42.txt_8
China,RELATED_TO,China,doc_42.txt_8
US,RELATED_TO,China,doc_42.txt_8
China,RELATED_TO,China,doc_42.txt_9
US,RELATED_TO,DHS,doc_42.txt_10
US,RELATED_TO,US,doc_42.txt_10
US,RELATED_TO,SEC,doc_42.txt_10
US,RELATED_TO,EPA,doc_42.txt_10
DHS,RELATED_TO,US,doc_42.txt_10
DHS,RELATED_TO,SEC,doc_42.txt_10
DHS,RELATED_TO,EPA,doc_42.txt_10
US,RELATED_TO,SEC,doc_42.txt_10
US,RELATED_TO,EPA,doc_42.txt_10
SEC,RELATED_TO,EPA,doc_42.txt_10
Lima,MANUFACTURES,United States,doc_42.txt_11
Lima,MANUFACTURES,US,doc_42.txt_11
Lima,MANUFACTURES,Xi Meet,doc_42.txt_11
Lima,MANUFACTURES,Biden,doc_42.txt_11
United States,MANUFACTURES,US,doc_42.txt_11
United States,MANUFACTURES,Xi Meet,doc_42.txt_11
United States,MANUFACTURES,Biden,doc_42.txt_11
US,MANUFACTURES,Xi Meet,doc_42.txt_11
US,MANUFACTURES,Biden,doc_42.txt_11
Xi Meet,MANUFACTURES,Biden,doc_42.txt_11
Joe Biden,RELATED_TO,Lima,doc_42.txt_12
Joe Biden,RELATED_TO,US,doc_42.txt_12
Joe Biden,RELATED_TO,US,doc_42.txt_12
Joe Biden,RELATED_TO,Xi Meet,doc_42.txt_12
Lima,RELATED_TO,US,doc_42.txt_12
Lima,RELATED_TO,US,doc_42.txt_12
Lima,RELATED_TO,Xi Meet,doc_42.txt_12
US,RELATED_TO,US,doc_42.txt_12
US,RELATED_TO,Xi Meet,doc_42.txt_12
US,RELATED_TO,Xi Meet,doc_42.txt_12
North Korea,RELATED_TO,Trump,doc_42.txt_13
North Korea,RELATED_TO,US,doc_42.txt_13
North Korea,RELATED_TO,Biden,doc_42.txt_13
North Korea,RELATED_TO,Donald Trump’s,doc_42.txt_13
Trump,RELATED_TO,US,doc_42.txt_13
Trump,RELATED_TO,Biden,doc_42.txt_13
Trump,RELATED_TO,Donald Trump’s,doc_42.txt_13
US,RELATED_TO,Biden,doc_42.txt_13
US,RELATED_TO,Donald Trump’s,doc_42.txt_13
Biden,RELATED_TO,Donald Trump’s,doc_42.txt_13
North Korea’s,RELATED_TO,Biden,doc_42.txt_14
North Korea’s,RELATED_TO,US,doc_42.txt_14
North Korea’s,RELATED_TO,SEC,doc_42.txt_14
North Korea’s,RELATED_TO,Biden,doc_42.txt_14
Biden,RELATED_TO,US,doc_42.txt_14
Biden,RELATED_TO,SEC,doc_42.txt_14
Biden,RELATED_TO,Biden,doc_42.txt_14
US,RELATED_TO,SEC,doc_42.txt_14
US,RELATED_TO,Biden,doc_42.txt_14
SEC,RELATED_TO,Biden,doc_42.txt_14
US,RELATED_TO,US,doc_42.txt_15
US,RELATED_TO,EPA,doc_42.txt_15
US,RELATED_TO,China,doc_42.txt_15
US,RELATED_TO,Trump,doc_42.txt_15
US,RELATED_TO,EPA,doc_42.txt_15
US,RELATED_TO,China,doc_42.txt_15
US,RELATED_TO,Trump,doc_42.txt_15
EPA,RELATED_TO,China,doc_42.txt_15
EPA,RELATED_TO,Trump,doc_42.txt_15
China,RELATED_TO,Trump,doc_42.txt_15
US,RELATED_TO,United States,doc_42.txt_16
US,RELATED_TO,US,doc_42.txt_16
US,RELATED_TO,SEC,doc_42.txt_16
US,RELATED_TO,Security Review Commission,doc_42.txt_16
United States,RELATED_TO,US,doc_42.txt_16
United States,RELATED_TO,SEC,doc_42.txt_16
United States,RELATED_TO,Security Review Commission,doc_42.txt_16
US,RELATED_TO,SEC,doc_42.txt_16
US,RELATED_TO,Security Review Commission,doc_42.txt_16
SEC,RELATED_TO,Security Review Commission,doc_42.txt_16
Congress,RELATED_TO,US,doc_42.txt_17
Congress,RELATED_TO,US,doc_42.txt_17
Congress,RELATED_TO,China,doc_42.txt_17
Congress,RELATED_TO,China,doc_42.txt_17
US,RELATED_TO,US,doc_42.txt_17
US,RELATED_TO,China,doc_42.txt_17
US,RELATED_TO,China,doc_42.txt_17
US,RELATED_TO,China,doc_42.txt_17
US,RELATED_TO,China,doc_42.txt_17
China,RELATED_TO,China,doc_42.txt_17
US,RELATED_TO,United States,doc_42.txt_18
US,RELATED_TO,US,doc_42.txt_18
US,RELATED_TO,Revoking China’s Permanent Normal Trade Relations (PNTR,doc_42.txt_18
US,RELATED_TO,the United States,doc_42.txt_18
United States,RELATED_TO,US,doc_42.txt_18
United States,RELATED_TO,Revoking China’s Permanent Normal Trade Relations (PNTR,doc_42.txt_18
United States,RELATED_TO,the United States,doc_42.txt_18
US,RELATED_TO,Revoking China’s Permanent Normal Trade Relations (PNTR,doc_42.txt_18
US,RELATED_TO,the United States,doc_42.txt_18
Revoking China’s Permanent Normal Trade Relations (PNTR,RELATED_TO,the United States,doc_42.txt_18
US,COMPETES_WITH,Chinese Ministry of Commerce Responds,doc_42.txt_19
US,COMPETES_WITH,US,doc_42.txt_19
US,COMPETES_WITH,SEC,doc_42.txt_19
US,COMPETES_WITH,China,doc_42.txt_19
Chinese Ministry of Commerce Responds,COMPETES_WITH,US,doc_42.txt_19
Chinese Ministry of Commerce Responds,COMPETES_WITH,SEC,doc_42.txt_19
Chinese Ministry of Commerce Responds,COMPETES_WITH,China,doc_42.txt_19
US,COMPETES_WITH,SEC,doc_42.txt_19
US,COMPETES_WITH,China,doc_42.txt_19
SEC,COMPETES_WITH,China,doc_42.txt_19
the US Treasury Department,RELATED_TO,US,doc_42.txt_20
the US Treasury Department,RELATED_TO,SEC,doc_42.txt_20
the US Treasury Department,RELATED_TO,EPA,doc_42.txt_20
the US Treasury Department,RELATED_TO,China,doc_42.txt_20
US,RELATED_TO,SEC,doc_42.txt_20
US,RELATED_TO,EPA,doc_42.txt_20
US,RELATED_TO,China,doc_42.txt_20
SEC,RELATED_TO,EPA,doc_42.txt_20
SEC,RELATED_TO,China,doc_42.txt_20
EPA,RELATED_TO,China,doc_42.txt_20
US,RELATED_TO,Ministry of Commerce,doc_42.txt_21
US,RELATED_TO,US,doc_42.txt_21
US,RELATED_TO,China,doc_42.txt_21
US,RELATED_TO,China,doc_42.txt_21
Ministry of Commerce,RELATED_TO,US,doc_42.txt_21
Ministry of Commerce,RELATED_TO,China,doc_42.txt_21
Ministry of Commerce,RELATED_TO,China,doc_42.txt_21
US,RELATED_TO,China,doc_42.txt_21
US,RELATED_TO,China,doc_42.txt_21
China,RELATED_TO,China,doc_42.txt_21
DHS,RELATED_TO,US,doc_42.txt_22
DHS,RELATED_TO,Matrix Partners,doc_42.txt_22
DHS,RELATED_TO,China,doc_42.txt_22
DHS,RELATED_TO,China,doc_42.txt_22
US,RELATED_TO,Matrix Partners,doc_42.txt_22
US,RELATED_TO,China,doc_42.txt_22
US,RELATED_TO,China,doc_42.txt_22
Matrix Partners,RELATED_TO,China,doc_42.txt_22
Matrix Partners,RELATED_TO,China,doc_42.txt_22
China,RELATED_TO,China,doc_42.txt_22
United States,MANUFACTURES,DHS,doc_42.txt_23
United States,MANUFACTURES,US,doc_42.txt_23
United States,MANUFACTURES,SEC,doc_42.txt_23
United States,MANUFACTURES,EPA,doc_42.txt_23
DHS,MANUFACTURES,US,doc_42.txt_23
DHS,MANUFACTURES,SEC,doc_42.txt_23
DHS,MANUFACTURES,EPA,doc_42.txt_23
US,MANUFACTURES,SEC,doc_42.txt_23
US,MANUFACTURES,EPA,doc_42.txt_23
SEC,MANUFACTURES,EPA,doc_42.txt_23
US,RELATED_TO,The US Treasury,doc_42.txt_24
US,RELATED_TO,Chinese,doc_42.txt_24
US,RELATED_TO,SDN,doc_42.txt_24
The US Treasury,RELATED_TO,Chinese,doc_42.txt_24
The US Treasury,RELATED_TO,SDN,doc_42.txt_24
Chinese,RELATED_TO,SDN,doc_42.txt_24
Shenzhen Boyu Imports,RELATED_TO,"Exports Co., Ltd.",doc_42.txt_25
Shenzhen Boyu Imports,RELATED_TO,Specially Designated Nationals,doc_42.txt_25
Shenzhen Boyu Imports,RELATED_TO,Yemen,doc_42.txt_25
Shenzhen Boyu Imports,RELATED_TO,Shenzhen Jinghon Electronics Limited,doc_42.txt_25
"Exports Co., Ltd.",RELATED_TO,Specially Designated Nationals,doc_42.txt_25
"Exports Co., Ltd.",RELATED_TO,Yemen,doc_42.txt_25
"Exports Co., Ltd.",RELATED_TO,Shenzhen Jinghon Electronics Limited,doc_42.txt_25
Specially Designated Nationals,RELATED_TO,Yemen,doc_42.txt_25
Specially Designated Nationals,RELATED_TO,Shenzhen Jinghon Electronics Limited,doc_42.txt_25
Yemen,RELATED_TO,Shenzhen Jinghon Electronics Limited,doc_42.txt_25
Shenzhen Jinghon Electronics Limited,RELATED_TO,U.S.,doc_42.txt_26
Shenzhen Jinghon Electronics Limited,RELATED_TO,SDN,doc_42.txt_26
U.S.,RELATED_TO,SDN,doc_42.txt_26
USTR Finalizes China Tariff Actions,RELATED_TO,China,doc_42.txt_27
USTR Finalizes China Tariff Actions,RELATED_TO,US,doc_42.txt_27
USTR Finalizes China Tariff Actions,RELATED_TO,Significant Increases,doc_42.txt_27
China,RELATED_TO,US,doc_42.txt_27
China,RELATED_TO,Significant Increases,doc_42.txt_27
US,RELATED_TO,Significant Increases,doc_42.txt_27
United States,RELATED_TO,US,doc_42.txt_28
United States,RELATED_TO,SEC,doc_42.txt_28
United States,RELATED_TO,the Office of the United States Trade Representative,doc_42.txt_28
United States,RELATED_TO,American,doc_42.txt_28
US,RELATED_TO,SEC,doc_42.txt_28
US,RELATED_TO,the Office of the United States Trade Representative,doc_42.txt_28
US,RELATED_TO,American,doc_42.txt_28
SEC,RELATED_TO,the Office of the United States Trade Representative,doc_42.txt_28
SEC,RELATED_TO,American,doc_42.txt_28
the Office of the United States Trade Representative,RELATED_TO,American,doc_42.txt_28
SEC,RELATED_TO,China,doc_42.txt_29
SEC,RELATED_TO,China,doc_42.txt_29
SEC,RELATED_TO,U.S.,doc_42.txt_29
China,RELATED_TO,China,doc_42.txt_29
China,RELATED_TO,U.S.,doc_42.txt_29
China,RELATED_TO,U.S.,doc_42.txt_29
EV,RELATED_TO,50%,doc_42.txt_30
EV,RELATED_TO,25%,doc_42.txt_30
EV,RELATED_TO,Chinese,doc_42.txt_30
EV,RELATED_TO,100%,doc_42.txt_30
50%,RELATED_TO,25%,doc_42.txt_30
50%,RELATED_TO,Chinese,doc_42.txt_30
50%,RELATED_TO,100%,doc_42.txt_30
25%,RELATED_TO,Chinese,doc_42.txt_30
25%,RELATED_TO,100%,doc_42.txt_30
Chinese,RELATED_TO,100%,doc_42.txt_30
US,RELATED_TO,U.S,doc_42.txt_32
US,RELATED_TO,China,doc_42.txt_32
US,RELATED_TO,USTR,doc_42.txt_32
US,RELATED_TO,Chinese,doc_42.txt_32
U.S,RELATED_TO,China,doc_42.txt_32
U.S,RELATED_TO,USTR,doc_42.txt_32
U.S,RELATED_TO,Chinese,doc_42.txt_32
China,RELATED_TO,USTR,doc_42.txt_32
China,RELATED_TO,Chinese,doc_42.txt_32
USTR,RELATED_TO,Chinese,doc_42.txt_32
Chinese,RELATED_TO,China,doc_42.txt_33
Chinese,RELATED_TO,China,doc_42.txt_33
Chinese,RELATED_TO,U.S.,doc_42.txt_33
China,RELATED_TO,China,doc_42.txt_33
China,RELATED_TO,U.S.,doc_42.txt_33
China,RELATED_TO,U.S.,doc_42.txt_33
The US House of Representatives,RELATED_TO,US,doc_42.txt_34
The US House of Representatives,RELATED_TO,China,doc_42.txt_34
The US House of Representatives,RELATED_TO,Chinese,doc_42.txt_34
The US House of Representatives,RELATED_TO,Anti-China Legislation,doc_42.txt_34
US,RELATED_TO,China,doc_42.txt_34
US,RELATED_TO,Chinese,doc_42.txt_34
US,RELATED_TO,Anti-China Legislation,doc_42.txt_34
China,RELATED_TO,Chinese,doc_42.txt_34
China,RELATED_TO,Anti-China Legislation,doc_42.txt_34
Chinese,RELATED_TO,Anti-China Legislation,doc_42.txt_34
MGI,MANUFACTURES,WuXi Biologic,doc_42.txt_35
MGI,MANUFACTURES,SEC,doc_42.txt_35
MGI,MANUFACTURES,WuXi AppTec,doc_42.txt_35
MGI,MANUFACTURES,the Federal Communications Commission’s,doc_42.txt_35
WuXi Biologic,MANUFACTURES,SEC,doc_42.txt_35
WuXi Biologic,MANUFACTURES,WuXi AppTec,doc_42.txt_35
WuXi Biologic,MANUFACTURES,the Federal Communications Commission’s,doc_42.txt_35
SEC,MANUFACTURES,WuXi AppTec,doc_42.txt_35
SEC,MANUFACTURES,the Federal Communications Commission’s,doc_42.txt_35
WuXi AppTec,MANUFACTURES,the Federal Communications Commission’s,doc_42.txt_35
US,RELATED_TO,US,doc_42.txt_36
CATL,INVESTED_IN,the US Department of Homeland Security,doc_42.txt_37
CATL,INVESTED_IN,BYD,doc_42.txt_37
CATL,INVESTED_IN,US,doc_42.txt_37
CATL,INVESTED_IN,SEC,doc_42.txt_37
the US Department of Homeland Security,INVESTED_IN,BYD,doc_42.txt_37
the US Department of Homeland Security,INVESTED_IN,US,doc_42.txt_37
the US Department of Homeland Security,INVESTED_IN,SEC,doc_42.txt_37
BYD,INVESTED_IN,US,doc_42.txt_37
BYD,INVESTED_IN,SEC,doc_42.txt_37
US,INVESTED_IN,SEC,doc_42.txt_37
US,RELATED_TO,House,doc_42.txt_38
US,RELATED_TO,Senate,doc_42.txt_38
House,RELATED_TO,Senate,doc_42.txt_38
US,RELATED_TO,US,doc_42.txt_39
US,RELATED_TO,SEC,doc_42.txt_39
US,RELATED_TO,Chinese,doc_42.txt_39
US,RELATED_TO,Spokesperson Mao Ning,doc_42.txt_39
US,RELATED_TO,SEC,doc_42.txt_39
US,RELATED_TO,Chinese,doc_42.txt_39
US,RELATED_TO,Spokesperson Mao Ning,doc_42.txt_39
SEC,RELATED_TO,Chinese,doc_42.txt_39
SEC,RELATED_TO,Spokesperson Mao Ning,doc_42.txt_39
Chinese,RELATED_TO,Spokesperson Mao Ning,doc_42.txt_39
US,RELATED_TO,the Chinese Embassy,doc_42.txt_40
US,RELATED_TO,Washington DC,doc_42.txt_40
US,RELATED_TO,US,doc_42.txt_40
US,RELATED_TO,Hong Kong’s,doc_42.txt_40
the Chinese Embassy,RELATED_TO,Washington DC,doc_42.txt_40
the Chinese Embassy,RELATED_TO,US,doc_42.txt_40
the Chinese Embassy,RELATED_TO,Hong Kong’s,doc_42.txt_40
Washington DC,RELATED_TO,US,doc_42.txt_40
Washington DC,RELATED_TO,Hong Kong’s,doc_42.txt_40
US,RELATED_TO,Hong Kong’s,doc_42.txt_40
US Commerce Department Implements Export Controls,RELATED_TO,Advanced Technologies,doc_42.txt_41
US Commerce Department Implements Export Controls,RELATED_TO,EPA,doc_42.txt_41
US Commerce Department Implements Export Controls,RELATED_TO,US,doc_42.txt_41
Advanced Technologies,RELATED_TO,EPA,doc_42.txt_41
Advanced Technologies,RELATED_TO,US,doc_42.txt_41
EPA,RELATED_TO,US,doc_42.txt_41
US,MANUFACTURES,SEC,doc_42.txt_42
US,MANUFACTURES,EPA,doc_42.txt_42
US,MANUFACTURES,BIS,doc_42.txt_42
US,MANUFACTURES,The US Department of Commerce’s,doc_42.txt_42
SEC,MANUFACTURES,EPA,doc_42.txt_42
SEC,MANUFACTURES,BIS,doc_42.txt_42
SEC,MANUFACTURES,The US Department of Commerce’s,doc_42.txt_42
EPA,MANUFACTURES,BIS,doc_42.txt_42
EPA,MANUFACTURES,The US Department of Commerce’s,doc_42.txt_42
BIS,MANUFACTURES,The US Department of Commerce’s,doc_42.txt_42
US,RELATED_TO,SEC,doc_42.txt_43
US,RELATED_TO,U.S.,doc_42.txt_43
US,RELATED_TO,DOC,doc_42.txt_43
SEC,RELATED_TO,U.S.,doc_42.txt_43
SEC,RELATED_TO,DOC,doc_42.txt_43
U.S.,RELATED_TO,DOC,doc_42.txt_43
DOE,RELATED_TO,China,doc_42.txt_44
DOE,RELATED_TO,China,doc_42.txt_44
China,RELATED_TO,China,doc_42.txt_44
US,RELATED_TO,the Wassenaar Arrangement Participating States,doc_42.txt_45
Beijing,RELATED_TO,US,doc_42.txt_46
Beijing,RELATED_TO,US,doc_42.txt_46
Beijing,RELATED_TO,Biden,doc_42.txt_46
Beijing,RELATED_TO,John Podesta,doc_42.txt_46
US,RELATED_TO,US,doc_42.txt_46
US,RELATED_TO,Biden,doc_42.txt_46
US,RELATED_TO,John Podesta,doc_42.txt_46
US,RELATED_TO,Biden,doc_42.txt_46
US,RELATED_TO,John Podesta,doc_42.txt_46
Biden,RELATED_TO,John Podesta,doc_42.txt_46
Beijing,RELATED_TO,US,doc_42.txt_47
Beijing,RELATED_TO,Azerbaijan,doc_42.txt_47
Beijing,RELATED_TO,Non-CO2 Greenhouse Gases Summit,doc_42.txt_47
Beijing,RELATED_TO,SEC,doc_42.txt_47
US,RELATED_TO,Azerbaijan,doc_42.txt_47
US,RELATED_TO,Non-CO2 Greenhouse Gases Summit,doc_42.txt_47
US,RELATED_TO,SEC,doc_42.txt_47
Azerbaijan,RELATED_TO,Non-CO2 Greenhouse Gases Summit,doc_42.txt_47
Azerbaijan,RELATED_TO,SEC,doc_42.txt_47
Non-CO2 Greenhouse Gases Summit,RELATED_TO,SEC,doc_42.txt_47
Wang,RELATED_TO,the State Council,doc_42.txt_49
Wang,RELATED_TO,US,doc_42.txt_49
Wang,RELATED_TO,Wang Yi,doc_42.txt_49
Wang,RELATED_TO,Podesta,doc_42.txt_49
the State Council,RELATED_TO,US,doc_42.txt_49
the State Council,RELATED_TO,Wang Yi,doc_42.txt_49
the State Council,RELATED_TO,Podesta,doc_42.txt_49
US,RELATED_TO,Wang Yi,doc_42.txt_49
US,RELATED_TO,Podesta,doc_42.txt_49
Wang Yi,RELATED_TO,Podesta,doc_42.txt_49
Beijing,RELATED_TO,US,doc_42.txt_50
Beijing,RELATED_TO,US,doc_42.txt_50
Beijing,RELATED_TO,SEC,doc_42.txt_50
Beijing,RELATED_TO,Jake Sullivan,doc_42.txt_50
US,RELATED_TO,US,doc_42.txt_50
US,RELATED_TO,SEC,doc_42.txt_50
US,RELATED_TO,Jake Sullivan,doc_42.txt_50
US,RELATED_TO,SEC,doc_42.txt_50
US,RELATED_TO,Jake Sullivan,doc_42.txt_50
SEC,RELATED_TO,Jake Sullivan,doc_42.txt_50
Beijing,RELATED_TO,US,doc_42.txt_51
Beijing,RELATED_TO,AI,doc_42.txt_51
Beijing,RELATED_TO,a White House,doc_42.txt_51
Beijing,RELATED_TO,US,doc_42.txt_51
US,RELATED_TO,AI,doc_42.txt_51
US,RELATED_TO,a White House,doc_42.txt_51
US,RELATED_TO,US,doc_42.txt_51
AI,RELATED_TO,a White House,doc_42.txt_51
AI,RELATED_TO,US,doc_42.txt_51
a White House,RELATED_TO,US,doc_42.txt_51
Russia,RELATED_TO,China,doc_42.txt_52
Russia,RELATED_TO,AI,doc_42.txt_52
Russia,RELATED_TO,US,doc_42.txt_52
China,RELATED_TO,AI,doc_42.txt_52
China,RELATED_TO,US,doc_42.txt_52
AI,RELATED_TO,US,doc_42.txt_52
US,RELATED_TO,MOFA,doc_42.txt_53
US,RELATED_TO,US,doc_42.txt_53
US,RELATED_TO,Xi Jinping,doc_42.txt_53
US,RELATED_TO,China,doc_42.txt_53
MOFA,RELATED_TO,US,doc_42.txt_53
MOFA,RELATED_TO,Xi Jinping,doc_42.txt_53
MOFA,RELATED_TO,China,doc_42.txt_53
US,RELATED_TO,Xi Jinping,doc_42.txt_53
US,RELATED_TO,China,doc_42.txt_53
Xi Jinping,RELATED_TO,China,doc_42.txt_53
US,RELATED_TO,MOFA,doc_42.txt_54
US,RELATED_TO,United States,doc_42.txt_54
US,RELATED_TO,US,doc_42.txt_54
US,RELATED_TO,DOE,doc_42.txt_54
MOFA,RELATED_TO,United States,doc_42.txt_54
MOFA,RELATED_TO,US,doc_42.txt_54
MOFA,RELATED_TO,DOE,doc_42.txt_54
United States,RELATED_TO,US,doc_42.txt_54
United States,RELATED_TO,DOE,doc_42.txt_54
US,RELATED_TO,DOE,doc_42.txt_54
US,RELATED_TO,US,doc_42.txt_55
US,RELATED_TO,EPA,doc_42.txt_55
US,RELATED_TO,Wang Yi,doc_42.txt_55
US,RELATED_TO,Chinese,doc_42.txt_55
US,RELATED_TO,EPA,doc_42.txt_55
US,RELATED_TO,Wang Yi,doc_42.txt_55
US,RELATED_TO,Chinese,doc_42.txt_55
EPA,RELATED_TO,Wang Yi,doc_42.txt_55
EPA,RELATED_TO,Chinese,doc_42.txt_55
Wang Yi,RELATED_TO,Chinese,doc_42.txt_55
US,RELATED_TO,United States,doc_42.txt_56
US,RELATED_TO,US,doc_42.txt_56
US,RELATED_TO,SEC,doc_42.txt_56
US,RELATED_TO,the United States,doc_42.txt_56
United States,RELATED_TO,US,doc_42.txt_56
United States,RELATED_TO,SEC,doc_42.txt_56
United States,RELATED_TO,the United States,doc_42.txt_56
US,RELATED_TO,SEC,doc_42.txt_56
US,RELATED_TO,the United States,doc_42.txt_56
SEC,RELATED_TO,the United States,doc_42.txt_56
US,RELATED_TO,MOFA,doc_42.txt_57
US,RELATED_TO,United States,doc_42.txt_57
US,RELATED_TO,US,doc_42.txt_57
US,RELATED_TO,Wang Yi,doc_42.txt_57
MOFA,RELATED_TO,United States,doc_42.txt_57
MOFA,RELATED_TO,US,doc_42.txt_57
MOFA,RELATED_TO,Wang Yi,doc_42.txt_57
United States,RELATED_TO,US,doc_42.txt_57
United States,RELATED_TO,Wang Yi,doc_42.txt_57
US,RELATED_TO,Wang Yi,doc_42.txt_57
US,RELATED_TO,US,doc_42.txt_58
US,RELATED_TO,SEC,doc_42.txt_58
US,RELATED_TO,China,doc_42.txt_58
US,RELATED_TO,China,doc_42.txt_58
US,RELATED_TO,SEC,doc_42.txt_58
US,RELATED_TO,China,doc_42.txt_58
US,RELATED_TO,China,doc_42.txt_58
SEC,RELATED_TO,China,doc_42.txt_58
SEC,RELATED_TO,China,doc_42.txt_58
China,RELATED_TO,China,doc_42.txt_58
the Financial Working Group,FOUNDED_BY,Janet L. Yellen,doc_42.txt_59
the Financial Working Group,FOUNDED_BY,US,doc_42.txt_59
the Financial Working Group,FOUNDED_BY,He Lifeng,doc_42.txt_59
the Financial Working Group,FOUNDED_BY,the US Department,doc_42.txt_59
Janet L. Yellen,FOUNDED_BY,US,doc_42.txt_59
Janet L. Yellen,FOUNDED_BY,He Lifeng,doc_42.txt_59
Janet L. Yellen,FOUNDED_BY,the US Department,doc_42.txt_59
US,FOUNDED_BY,He Lifeng,doc_42.txt_59
US,FOUNDED_BY,the US Department,doc_42.txt_59
He Lifeng,FOUNDED_BY,the US Department,doc_42.txt_59
US,RELATED_TO,US,doc_42.txt_60
US,RELATED_TO,China,doc_42.txt_60
US,RELATED_TO,China,doc_42.txt_60
US,RELATED_TO,Treasury,doc_42.txt_60
US,RELATED_TO,China,doc_42.txt_60
US,RELATED_TO,China,doc_42.txt_60
US,RELATED_TO,Treasury,doc_42.txt_60
China,RELATED_TO,China,doc_42.txt_60
China,RELATED_TO,Treasury,doc_42.txt_60
China,RELATED_TO,Treasury,doc_42.txt_60
US,RELATED_TO,PCOC,doc_42.txt_62
US,RELATED_TO,GM,doc_42.txt_62
PCOC,RELATED_TO,GM,doc_42.txt_62
The Joint Treasury-PBOC Cooperation and Exchange,RELATED_TO,US,doc_42.txt_63
The Joint Treasury-PBOC Cooperation and Exchange,RELATED_TO,SEC,doc_42.txt_63
The Joint Treasury-PBOC Cooperation and Exchange,RELATED_TO,Anti-Money Laundering (AML,doc_42.txt_63
The Joint Treasury-PBOC Cooperation and Exchange,RELATED_TO,Global Systemically Important Banks,doc_42.txt_63
US,RELATED_TO,SEC,doc_42.txt_63
US,RELATED_TO,Anti-Money Laundering (AML,doc_42.txt_63
US,RELATED_TO,Global Systemically Important Banks,doc_42.txt_63
SEC,RELATED_TO,Anti-Money Laundering (AML,doc_42.txt_63
SEC,RELATED_TO,Global Systemically Important Banks,doc_42.txt_63
Anti-Money Laundering (AML,RELATED_TO,Global Systemically Important Banks,doc_42.txt_63
Potential Dual Military Use,RELATED_TO,US,doc_42.txt_64
Potential Dual Military Use,RELATED_TO,China,doc_42.txt_64
Potential Dual Military Use,RELATED_TO,China Imposes Export Controls,doc_42.txt_64
Potential Dual Military Use,RELATED_TO,Treasury,doc_42.txt_64
US,RELATED_TO,China,doc_42.txt_64
US,RELATED_TO,China Imposes Export Controls,doc_42.txt_64
US,RELATED_TO,Treasury,doc_42.txt_64
China,RELATED_TO,China Imposes Export Controls,doc_42.txt_64
China,RELATED_TO,Treasury,doc_42.txt_64
China Imposes Export Controls,RELATED_TO,Treasury,doc_42.txt_64
US,RELATED_TO,EPA,doc_42.txt_65
US,RELATED_TO,the General Administration of Customs,doc_42.txt_65
US,RELATED_TO,the Central Military Commission’s Equipment Development Department,doc_42.txt_65
US,RELATED_TO,UAVs,doc_42.txt_65
EPA,RELATED_TO,the General Administration of Customs,doc_42.txt_65
EPA,RELATED_TO,the Central Military Commission’s Equipment Development Department,doc_42.txt_65
EPA,RELATED_TO,UAVs,doc_42.txt_65
the General Administration of Customs,RELATED_TO,the Central Military Commission’s Equipment Development Department,doc_42.txt_65
the General Administration of Customs,RELATED_TO,UAVs,doc_42.txt_65
the Central Military Commission’s Equipment Development Department,RELATED_TO,UAVs,doc_42.txt_65
US,RELATED_TO,The Ministry of Commerce,doc_42.txt_66
US,RELATED_TO,EPA,doc_42.txt_66
The Ministry of Commerce,RELATED_TO,EPA,doc_42.txt_66
US,RELATED_TO,UAVs,doc_42.txt_67
US,RELATED_TO,SEC,doc_42.txt_68
US,RELATED_TO,DOE,doc_42.txt_68
US,RELATED_TO,China,doc_42.txt_68
US,RELATED_TO,China,doc_42.txt_68
SEC,RELATED_TO,DOE,doc_42.txt_68
SEC,RELATED_TO,China,doc_42.txt_68
SEC,RELATED_TO,China,doc_42.txt_68
DOE,RELATED_TO,China,doc_42.txt_68
DOE,RELATED_TO,China,doc_42.txt_68
China,RELATED_TO,China,doc_42.txt_68
US,RELATED_TO,China,doc_42.txt_69
US,RELATED_TO,China,doc_42.txt_69
China,RELATED_TO,China,doc_42.txt_69
US,RELATED_TO,US,doc_42.txt_70
US,RELATED_TO,China,doc_42.txt_70
US,RELATED_TO,China,doc_42.txt_70
US,RELATED_TO,Chinese,doc_42.txt_70
US,RELATED_TO,China,doc_42.txt_70
US,RELATED_TO,China,doc_42.txt_70
US,RELATED_TO,Chinese,doc_42.txt_70
China,RELATED_TO,China,doc_42.txt_70
China,RELATED_TO,Chinese,doc_42.txt_70
China,RELATED_TO,Chinese,doc_42.txt_70
US,MANUFACTURES,SEC,doc_42.txt_71
US,MANUFACTURES,the National Defense Authorization Act,doc_42.txt_71
US,MANUFACTURES,U.S.,doc_42.txt_71
US,MANUFACTURES,Chinese,doc_42.txt_71
SEC,MANUFACTURES,the National Defense Authorization Act,doc_42.txt_71
SEC,MANUFACTURES,U.S.,doc_42.txt_71
SEC,MANUFACTURES,Chinese,doc_42.txt_71
the National Defense Authorization Act,MANUFACTURES,U.S.,doc_42.txt_71
the National Defense Authorization Act,MANUFACTURES,Chinese,doc_42.txt_71
U.S.,MANUFACTURES,Chinese,doc_42.txt_71
Joe Biden,INVESTED_IN,SEC,doc_42.txt_72
Joe Biden,INVESTED_IN,US,doc_42.txt_72
Joe Biden,INVESTED_IN,Senate,doc_42.txt_72
SEC,INVESTED_IN,US,doc_42.txt_72
SEC,INVESTED_IN,Senate,doc_42.txt_72
US,INVESTED_IN,Senate,doc_42.txt_72
US,MANUFACTURES,State,doc_42.txt_73
US,MANUFACTURES,the Countering CCP 3,doc_42.txt_73
US,MANUFACTURES,SEC,doc_42.txt_73
US,MANUFACTURES,US,doc_42.txt_73
State,MANUFACTURES,the Countering CCP 3,doc_42.txt_73
State,MANUFACTURES,SEC,doc_42.txt_73
State,MANUFACTURES,US,doc_42.txt_73
the Countering CCP 3,MANUFACTURES,SEC,doc_42.txt_73
the Countering CCP 3,MANUFACTURES,US,doc_42.txt_73
SEC,MANUFACTURES,US,doc_42.txt_73
US,RELATED_TO,State,doc_42.txt_74
US,RELATED_TO,US,doc_42.txt_74
US,RELATED_TO,SEC,doc_42.txt_74
US,RELATED_TO,Wang Yi,doc_42.txt_74
State,RELATED_TO,US,doc_42.txt_74
State,RELATED_TO,SEC,doc_42.txt_74
State,RELATED_TO,Wang Yi,doc_42.txt_74
US,RELATED_TO,SEC,doc_42.txt_74
US,RELATED_TO,Wang Yi,doc_42.txt_74
SEC,RELATED_TO,Wang Yi,doc_42.txt_74
the US Department of State,RELATED_TO,US,doc_42.txt_75
the US Department of State,RELATED_TO,SEC,doc_42.txt_75
the US Department of State,RELATED_TO,EPA,doc_42.txt_75
the US Department of State,RELATED_TO,American,doc_42.txt_75
US,RELATED_TO,SEC,doc_42.txt_75
US,RELATED_TO,EPA,doc_42.txt_75
US,RELATED_TO,American,doc_42.txt_75
SEC,RELATED_TO,EPA,doc_42.txt_75
SEC,RELATED_TO,American,doc_42.txt_75
EPA,RELATED_TO,American,doc_42.txt_75
US,RELATED_TO,US,doc_42.txt_76
US,RELATED_TO,China,doc_42.txt_76
US,RELATED_TO,American,doc_42.txt_76
US,RELATED_TO,China,doc_42.txt_76
US,RELATED_TO,China,doc_42.txt_76
US,RELATED_TO,American,doc_42.txt_76
US,RELATED_TO,China,doc_42.txt_76
China,RELATED_TO,American,doc_42.txt_76
China,RELATED_TO,China,doc_42.txt_76
American,RELATED_TO,China,doc_42.txt_76
Joe Biden,RELATED_TO,The Chinese Ministry of Foreign Affairs,doc_42.txt_77
Joe Biden,RELATED_TO,Xi Jinping,doc_42.txt_77
Joe Biden,RELATED_TO,Blinken,doc_42.txt_77
Joe Biden,RELATED_TO,San Francisco,doc_42.txt_77
The Chinese Ministry of Foreign Affairs,RELATED_TO,Xi Jinping,doc_42.txt_77
The Chinese Ministry of Foreign Affairs,RELATED_TO,Blinken,doc_42.txt_77
The Chinese Ministry of Foreign Affairs,RELATED_TO,San Francisco,doc_42.txt_77
Xi Jinping,RELATED_TO,Blinken,doc_42.txt_77
Xi Jinping,RELATED_TO,San Francisco,doc_42.txt_77
Blinken,RELATED_TO,San Francisco,doc_42.txt_77
US,RELATED_TO,US,doc_42.txt_78
US,RELATED_TO,Wang Yi,doc_42.txt_78
US,RELATED_TO,China,doc_42.txt_78
US,RELATED_TO,China,doc_42.txt_78
US,RELATED_TO,Wang Yi,doc_42.txt_78
US,RELATED_TO,China,doc_42.txt_78
US,RELATED_TO,China,doc_42.txt_78
Wang Yi,RELATED_TO,China,doc_42.txt_78
Wang Yi,RELATED_TO,China,doc_42.txt_78
China,RELATED_TO,China,doc_42.txt_78
GM,RELATED_TO,US,doc_42.txt_79
GM,RELATED_TO,US,doc_42.txt_79
GM,RELATED_TO,DOE,doc_42.txt_79
GM,RELATED_TO,Biden,doc_42.txt_79
US,RELATED_TO,US,doc_42.txt_79
US,RELATED_TO,DOE,doc_42.txt_79
US,RELATED_TO,Biden,doc_42.txt_79
US,RELATED_TO,DOE,doc_42.txt_79
US,RELATED_TO,Biden,doc_42.txt_79
DOE,RELATED_TO,Biden,doc_42.txt_79
Begin Dispute Negotiation,RELATED_TO,Ministry of Commerce,doc_42.txt_80
Begin Dispute Negotiation,RELATED_TO,US,doc_42.txt_80
Begin Dispute Negotiation,RELATED_TO,WTO,doc_42.txt_80
Begin Dispute Negotiation,RELATED_TO,Myanmar,doc_42.txt_80
Ministry of Commerce,RELATED_TO,US,doc_42.txt_80
Ministry of Commerce,RELATED_TO,WTO,doc_42.txt_80
Ministry of Commerce,RELATED_TO,Myanmar,doc_42.txt_80
US,RELATED_TO,WTO,doc_42.txt_80
US,RELATED_TO,Myanmar,doc_42.txt_80
WTO,RELATED_TO,Myanmar,doc_42.txt_80
US,RELATED_TO,IRA,doc_42.txt_81
US,RELATED_TO,US,doc_42.txt_81
US,RELATED_TO,WTO,doc_42.txt_81
US,RELATED_TO,Biden,doc_42.txt_81
IRA,RELATED_TO,US,doc_42.txt_81
IRA,RELATED_TO,WTO,doc_42.txt_81
IRA,RELATED_TO,Biden,doc_42.txt_81
US,RELATED_TO,WTO,doc_42.txt_81
US,RELATED_TO,Biden,doc_42.txt_81
WTO,RELATED_TO,Biden,doc_42.txt_81
IRA,RELATED_TO,US,doc_42.txt_82
IRA,RELATED_TO,US,doc_42.txt_82
IRA,RELATED_TO,WTO,doc_42.txt_82
IRA,RELATED_TO,China,doc_42.txt_82
US,RELATED_TO,US,doc_42.txt_82
US,RELATED_TO,WTO,doc_42.txt_82
US,RELATED_TO,China,doc_42.txt_82
US,RELATED_TO,WTO,doc_42.txt_82
US,RELATED_TO,China,doc_42.txt_82
WTO,RELATED_TO,China,doc_42.txt_82
IRA,RELATED_TO,US,doc_42.txt_83
IRA,RELATED_TO,US,doc_42.txt_83
IRA,RELATED_TO,WTO,doc_42.txt_83
IRA,RELATED_TO,China,doc_42.txt_83
US,RELATED_TO,US,doc_42.txt_83
US,RELATED_TO,WTO,doc_42.txt_83
US,RELATED_TO,China,doc_42.txt_83
US,RELATED_TO,WTO,doc_42.txt_83
US,RELATED_TO,China,doc_42.txt_83
WTO,RELATED_TO,China,doc_42.txt_83
US,RELATED_TO,IRA,doc_42.txt_84
US,RELATED_TO,EV,doc_42.txt_84
US,RELATED_TO,US,doc_42.txt_84
US,RELATED_TO,25 percent to 100 percent,doc_42.txt_84
IRA,RELATED_TO,EV,doc_42.txt_84
IRA,RELATED_TO,US,doc_42.txt_84
IRA,RELATED_TO,25 percent to 100 percent,doc_42.txt_84
EV,RELATED_TO,US,doc_42.txt_84
EV,RELATED_TO,25 percent to 100 percent,doc_42.txt_84
US,RELATED_TO,25 percent to 100 percent,doc_42.txt_84
US,MANUFACTURES,EV,doc_42.txt_85
US,MANUFACTURES,US Treasury,doc_42.txt_85
US,MANUFACTURES,US,doc_42.txt_85
US,MANUFACTURES,SEC,doc_42.txt_85
EV,MANUFACTURES,US Treasury,doc_42.txt_85
EV,MANUFACTURES,US,doc_42.txt_85
EV,MANUFACTURES,SEC,doc_42.txt_85
US Treasury,MANUFACTURES,US,doc_42.txt_85
US Treasury,MANUFACTURES,SEC,doc_42.txt_85
US,MANUFACTURES,SEC,doc_42.txt_85
The US Treasury,RELATED_TO,US,doc_42.txt_86
The US Treasury,RELATED_TO,SEC,doc_42.txt_86
The US Treasury,RELATED_TO,Biden,doc_42.txt_86
The US Treasury,RELATED_TO,U.S,doc_42.txt_86
US,RELATED_TO,SEC,doc_42.txt_86
US,RELATED_TO,Biden,doc_42.txt_86
US,RELATED_TO,U.S,doc_42.txt_86
SEC,RELATED_TO,Biden,doc_42.txt_86
SEC,RELATED_TO,U.S,doc_42.txt_86
Biden,RELATED_TO,U.S,doc_42.txt_86
United States,RELATED_TO,SEC,doc_42.txt_87
United States,RELATED_TO,Biden,doc_42.txt_87
United States,RELATED_TO,the United States,doc_42.txt_87
United States,RELATED_TO,China,doc_42.txt_87
SEC,RELATED_TO,Biden,doc_42.txt_87
SEC,RELATED_TO,the United States,doc_42.txt_87
SEC,RELATED_TO,China,doc_42.txt_87
Biden,RELATED_TO,the United States,doc_42.txt_87
Biden,RELATED_TO,China,doc_42.txt_87
the United States,RELATED_TO,China,doc_42.txt_87
Biden,RELATED_TO,US,doc_42.txt_88
Biden,RELATED_TO,SEC,doc_42.txt_88
Biden,RELATED_TO,Macao,doc_42.txt_88
Biden,RELATED_TO,Americans,doc_42.txt_88
US,RELATED_TO,SEC,doc_42.txt_88
US,RELATED_TO,Macao,doc_42.txt_88
US,RELATED_TO,Americans,doc_42.txt_88
SEC,RELATED_TO,Macao,doc_42.txt_88
SEC,RELATED_TO,Americans,doc_42.txt_88
Macao,RELATED_TO,Americans,doc_42.txt_88
US,RELATED_TO,Singapore,doc_42.txt_89
US,RELATED_TO,US,doc_42.txt_89
US,RELATED_TO,Chinese,doc_42.txt_89
US,RELATED_TO,Treasury,doc_42.txt_89
Singapore,RELATED_TO,US,doc_42.txt_89
Singapore,RELATED_TO,Chinese,doc_42.txt_89
Singapore,RELATED_TO,Treasury,doc_42.txt_89
US,RELATED_TO,Chinese,doc_42.txt_89
US,RELATED_TO,Treasury,doc_42.txt_89
Chinese,RELATED_TO,Treasury,doc_42.txt_89
US,RELATED_TO,IRA,doc_42.txt_90
US,RELATED_TO,Singapore,doc_42.txt_90
US,RELATED_TO,the Shangri-La Dialogue,doc_42.txt_90
US,RELATED_TO,US,doc_42.txt_90
IRA,RELATED_TO,Singapore,doc_42.txt_90
IRA,RELATED_TO,the Shangri-La Dialogue,doc_42.txt_90
IRA,RELATED_TO,US,doc_42.txt_90
Singapore,RELATED_TO,the Shangri-La Dialogue,doc_42.txt_90
Singapore,RELATED_TO,US,doc_42.txt_90
the Shangri-La Dialogue,RELATED_TO,US,doc_42.txt_90
EPA,RELATED_TO,the US Department of Defense,doc_42.txt_91
EPA,RELATED_TO,US,doc_42.txt_91
EPA,RELATED_TO,US,doc_42.txt_91
the US Department of Defense,RELATED_TO,US,doc_42.txt_91
the US Department of Defense,RELATED_TO,US,doc_42.txt_91
US,RELATED_TO,US,doc_42.txt_91
Austin,RELATED_TO,US,doc_42.txt_92
Austin,RELATED_TO,United States,doc_42.txt_92
Austin,RELATED_TO,US,doc_42.txt_92
Austin,RELATED_TO,SEC,doc_42.txt_92
US,RELATED_TO,United States,doc_42.txt_92
US,RELATED_TO,US,doc_42.txt_92
US,RELATED_TO,SEC,doc_42.txt_92
United States,RELATED_TO,US,doc_42.txt_92
United States,RELATED_TO,SEC,doc_42.txt_92
US,RELATED_TO,SEC,doc_42.txt_92
US,RELATED_TO,China,doc_42.txt_93
US,RELATED_TO,US,doc_42.txt_93
China,RELATED_TO,US,doc_42.txt_93
US,RELATED_TO,US,doc_42.txt_94
US,RELATED_TO,the Chinese Ministry of Defense,doc_42.txt_94
US,RELATED_TO,the Chinese Ministry of Defense,doc_42.txt_94
US,RELATED_TO,IRA,doc_42.txt_95
US,RELATED_TO,US,doc_42.txt_95
US,RELATED_TO,SEC,doc_42.txt_95
US,RELATED_TO,Dong,doc_42.txt_95
IRA,RELATED_TO,US,doc_42.txt_95
IRA,RELATED_TO,SEC,doc_42.txt_95
IRA,RELATED_TO,Dong,doc_42.txt_95
US,RELATED_TO,SEC,doc_42.txt_95
US,RELATED_TO,Dong,doc_42.txt_95
SEC,RELATED_TO,Dong,doc_42.txt_95
US,RELATED_TO,China,doc_42.txt_96
US,RELATED_TO,China,doc_42.txt_96
US,RELATED_TO,General Administration of Customs,doc_42.txt_96
China,RELATED_TO,China,doc_42.txt_96
China,RELATED_TO,General Administration of Customs,doc_42.txt_96
China,RELATED_TO,General Administration of Customs,doc_42.txt_96
US,MANUFACTURES,the State Council,doc_42.txt_98
US,MANUFACTURES,Israel,doc_42.txt_98
US,MANUFACTURES,US,doc_42.txt_98
US,MANUFACTURES,China,doc_42.txt_98
the State Council,MANUFACTURES,Israel,doc_42.txt_98
the State Council,MANUFACTURES,US,doc_42.txt_98
the State Council,MANUFACTURES,China,doc_42.txt_98
Israel,MANUFACTURES,US,doc_42.txt_98
Israel,MANUFACTURES,China,doc_42.txt_98
US,MANUFACTURES,China,doc_42.txt_98
US,RELATED_TO,US,doc_42.txt_99
US,RELATED_TO,The Office of the US Trade Representative,doc_42.txt_99
US,RELATED_TO,USTR,doc_42.txt_99
US,RELATED_TO,Chinese,doc_42.txt_99
US,RELATED_TO,The Office of the US Trade Representative,doc_42.txt_99
US,RELATED_TO,USTR,doc_42.txt_99
US,RELATED_TO,Chinese,doc_42.txt_99
The Office of the US Trade Representative,RELATED_TO,USTR,doc_42.txt_99
The Office of the US Trade Representative,RELATED_TO,Chinese,doc_42.txt_99
USTR,RELATED_TO,Chinese,doc_42.txt_99
US,RELATED_TO,SEC,doc_42.txt_100
US,RELATED_TO,USTR,doc_42.txt_100
SEC,RELATED_TO,USTR,doc_42.txt_100
China’s Commerce Ministry,RELATED_TO,US,doc_42.txt_101
China’s Commerce Ministry,RELATED_TO,US,doc_42.txt_101
China’s Commerce Ministry,RELATED_TO,Launches Anti-Dumping Probe,doc_42.txt_101
China’s Commerce Ministry,RELATED_TO,China,doc_42.txt_101
US,RELATED_TO,US,doc_42.txt_101
US,RELATED_TO,Launches Anti-Dumping Probe,doc_42.txt_101
US,RELATED_TO,China,doc_42.txt_101
US,RELATED_TO,Launches Anti-Dumping Probe,doc_42.txt_101
US,RELATED_TO,China,doc_42.txt_101
Launches Anti-Dumping Probe,RELATED_TO,China,doc_42.txt_101
US,RELATED_TO,US,doc_42.txt_102
US,RELATED_TO,POM,doc_42.txt_102
US,RELATED_TO,EU,doc_42.txt_102
US,RELATED_TO,MOFCOM,doc_42.txt_102
US,RELATED_TO,POM,doc_42.txt_102
US,RELATED_TO,EU,doc_42.txt_102
US,RELATED_TO,MOFCOM,doc_42.txt_102
POM,RELATED_TO,EU,doc_42.txt_102
POM,RELATED_TO,MOFCOM,doc_42.txt_102
EU,RELATED_TO,MOFCOM,doc_42.txt_102
US,RELATED_TO,POM,doc_42.txt_103
US,RELATED_TO,US,doc_42.txt_104
US,RELATED_TO,EU,doc_42.txt_104
US,RELATED_TO,MOFCOM,doc_42.txt_104
US,RELATED_TO,Chinese,doc_42.txt_104
US,RELATED_TO,EU,doc_42.txt_104
US,RELATED_TO,MOFCOM,doc_42.txt_104
US,RELATED_TO,Chinese,doc_42.txt_104
EU,RELATED_TO,MOFCOM,doc_42.txt_104
EU,RELATED_TO,Chinese,doc_42.txt_104
MOFCOM,RELATED_TO,Chinese,doc_42.txt_104
Japan,RELATED_TO,Japan,doc_42.txt_105
"Solar Panels, Semiconductors",RELATED_TO,US,doc_42.txt_106
"Solar Panels, Semiconductors",RELATED_TO,US,doc_42.txt_106
"Solar Panels, Semiconductors",RELATED_TO,SEC,doc_42.txt_106
"Solar Panels, Semiconductors",RELATED_TO,China,doc_42.txt_106
US,RELATED_TO,US,doc_42.txt_106
US,RELATED_TO,SEC,doc_42.txt_106
US,RELATED_TO,China,doc_42.txt_106
US,RELATED_TO,SEC,doc_42.txt_106
US,RELATED_TO,China,doc_42.txt_106
SEC,RELATED_TO,China,doc_42.txt_106
US,RELATED_TO,the US Trade Representative,doc_42.txt_107
US,RELATED_TO,US,doc_42.txt_107
US,RELATED_TO,SEC,doc_42.txt_107
US,RELATED_TO,China,doc_42.txt_107
the US Trade Representative,RELATED_TO,US,doc_42.txt_107
the US Trade Representative,RELATED_TO,SEC,doc_42.txt_107
the US Trade Representative,RELATED_TO,China,doc_42.txt_107
US,RELATED_TO,SEC,doc_42.txt_107
US,RELATED_TO,China,doc_42.txt_107
SEC,RELATED_TO,China,doc_42.txt_107
US,RELATED_TO,SEC,doc_42.txt_108
US,RELATED_TO,US,doc_42.txt_108
US,RELATED_TO,PRC,doc_42.txt_108
SEC,RELATED_TO,US,doc_42.txt_108
SEC,RELATED_TO,PRC,doc_42.txt_108
US,RELATED_TO,PRC,doc_42.txt_108
US,RELATED_TO,SEC,doc_42.txt_109
US,RELATED_TO,the Trump Administration,doc_42.txt_109
US,RELATED_TO,China,doc_42.txt_109
US,RELATED_TO,China,doc_42.txt_109
SEC,RELATED_TO,the Trump Administration,doc_42.txt_109
SEC,RELATED_TO,China,doc_42.txt_109
SEC,RELATED_TO,China,doc_42.txt_109
the Trump Administration,RELATED_TO,China,doc_42.txt_109
the Trump Administration,RELATED_TO,China,doc_42.txt_109
China,RELATED_TO,China,doc_42.txt_109
US,RELATED_TO,the Biden Administration,doc_42.txt_110
US,RELATED_TO,US,doc_42.txt_110
US,RELATED_TO,SEC,doc_42.txt_110
US,RELATED_TO,China,doc_42.txt_110
the Biden Administration,RELATED_TO,US,doc_42.txt_110
the Biden Administration,RELATED_TO,SEC,doc_42.txt_110
the Biden Administration,RELATED_TO,China,doc_42.txt_110
US,RELATED_TO,SEC,doc_42.txt_110
US,RELATED_TO,China,doc_42.txt_110
SEC,RELATED_TO,China,doc_42.txt_110
US,RELATED_TO,USTR,doc_42.txt_111
Beijing,RELATED_TO,CNN,doc_42.txt_112
Beijing,RELATED_TO,State,doc_42.txt_112
Beijing,RELATED_TO,SEC,doc_42.txt_112
Beijing,RELATED_TO,Xi Jinping,doc_42.txt_112
CNN,RELATED_TO,State,doc_42.txt_112
CNN,RELATED_TO,SEC,doc_42.txt_112
CNN,RELATED_TO,Xi Jinping,doc_42.txt_112
State,RELATED_TO,SEC,doc_42.txt_112
State,RELATED_TO,Xi Jinping,doc_42.txt_112
SEC,RELATED_TO,Xi Jinping,doc_42.txt_112
US,RELATED_TO,State,doc_42.txt_113
US,RELATED_TO,Wang Xiaohong,doc_42.txt_113
US,RELATED_TO,US,doc_42.txt_113
US,RELATED_TO,SEC,doc_42.txt_113
State,RELATED_TO,Wang Xiaohong,doc_42.txt_113
State,RELATED_TO,US,doc_42.txt_113
State,RELATED_TO,SEC,doc_42.txt_113
Wang Xiaohong,RELATED_TO,US,doc_42.txt_113
Wang Xiaohong,RELATED_TO,SEC,doc_42.txt_113
US,RELATED_TO,SEC,doc_42.txt_113
the US Department of State,RELATED_TO,Blinken,doc_42.txt_114
the US Department of State,RELATED_TO,US,doc_42.txt_114
the US Department of State,RELATED_TO,EPA,doc_42.txt_114
the US Department of State,RELATED_TO,Wang Yi,doc_42.txt_114
Blinken,RELATED_TO,US,doc_42.txt_114
Blinken,RELATED_TO,EPA,doc_42.txt_114
Blinken,RELATED_TO,Wang Yi,doc_42.txt_114
US,RELATED_TO,EPA,doc_42.txt_114
US,RELATED_TO,Wang Yi,doc_42.txt_114
EPA,RELATED_TO,Wang Yi,doc_42.txt_114
US,RELATED_TO,SEC,doc_42.txt_115
US,RELATED_TO,China,doc_42.txt_115
US,RELATED_TO,China,doc_42.txt_115
US,RELATED_TO,Russia,doc_42.txt_115
SEC,RELATED_TO,China,doc_42.txt_115
SEC,RELATED_TO,China,doc_42.txt_115
SEC,RELATED_TO,Russia,doc_42.txt_115
China,RELATED_TO,China,doc_42.txt_115
China,RELATED_TO,Russia,doc_42.txt_115
China,RELATED_TO,Russia,doc_42.txt_115
Wang,RELATED_TO,US,doc_42.txt_116
Wang,RELATED_TO,US,doc_42.txt_116
Wang,RELATED_TO,China,doc_42.txt_116
Wang,RELATED_TO,EU,doc_42.txt_116
US,RELATED_TO,US,doc_42.txt_116
US,RELATED_TO,China,doc_42.txt_116
US,RELATED_TO,EU,doc_42.txt_116
US,RELATED_TO,China,doc_42.txt_116
US,RELATED_TO,EU,doc_42.txt_116
China,RELATED_TO,EU,doc_42.txt_116
US,RELATED_TO,US,doc_42.txt_118
US,RELATED_TO,SEC,doc_42.txt_118
US,RELATED_TO,American,doc_42.txt_118
US,RELATED_TO,China,doc_42.txt_118
US,RELATED_TO,SEC,doc_42.txt_118
US,RELATED_TO,American,doc_42.txt_118
US,RELATED_TO,China,doc_42.txt_118
SEC,RELATED_TO,American,doc_42.txt_118
SEC,RELATED_TO,China,doc_42.txt_118
American,RELATED_TO,China,doc_42.txt_118
Joe Biden,RELATED_TO,US,doc_42.txt_119
Joe Biden,RELATED_TO,The US Senate,doc_42.txt_119
Joe Biden,RELATED_TO,US,doc_42.txt_119
Joe Biden,RELATED_TO,Force ByteDance,doc_42.txt_119
US,RELATED_TO,The US Senate,doc_42.txt_119
US,RELATED_TO,US,doc_42.txt_119
US,RELATED_TO,Force ByteDance,doc_42.txt_119
The US Senate,RELATED_TO,US,doc_42.txt_119
The US Senate,RELATED_TO,Force ByteDance,doc_42.txt_119
US,RELATED_TO,Force ByteDance,doc_42.txt_119
ByteDance,RELATED_TO,US,doc_42.txt_120
ByteDance,RELATED_TO,the Protecting Americans From Foreign Adversary Controlled Applications Act,doc_42.txt_120
ByteDance,RELATED_TO,Israel,doc_42.txt_120
ByteDance,RELATED_TO,US,doc_42.txt_120
US,RELATED_TO,the Protecting Americans From Foreign Adversary Controlled Applications Act,doc_42.txt_120
US,RELATED_TO,Israel,doc_42.txt_120
US,RELATED_TO,US,doc_42.txt_120
the Protecting Americans From Foreign Adversary Controlled Applications Act,RELATED_TO,Israel,doc_42.txt_120
the Protecting Americans From Foreign Adversary Controlled Applications Act,RELATED_TO,US,doc_42.txt_120
Israel,RELATED_TO,US,doc_42.txt_120
Beijing,RELATED_TO,WhatsApp,doc_42.txt_121
Beijing,RELATED_TO,Threads,doc_42.txt_121
Beijing,RELATED_TO,US,doc_42.txt_121
Beijing,RELATED_TO,US,doc_42.txt_121
WhatsApp,RELATED_TO,Threads,doc_42.txt_121
WhatsApp,RELATED_TO,US,doc_42.txt_121
WhatsApp,RELATED_TO,US,doc_42.txt_121
Threads,RELATED_TO,US,doc_42.txt_121
Threads,RELATED_TO,US,doc_42.txt_121
US,RELATED_TO,US,doc_42.txt_121
US,RELATED_TO,China Customs,doc_42.txt_122
US,RELATED_TO,US,doc_42.txt_122
US,RELATED_TO,China,doc_42.txt_122
US,RELATED_TO,China,doc_42.txt_122
China Customs,RELATED_TO,US,doc_42.txt_122
China Customs,RELATED_TO,China,doc_42.txt_122
China Customs,RELATED_TO,China,doc_42.txt_122
US,RELATED_TO,China,doc_42.txt_122
US,RELATED_TO,China,doc_42.txt_122
China,RELATED_TO,China,doc_42.txt_122
US,RELATED_TO,US,doc_42.txt_123
US,RELATED_TO,US,doc_42.txt_124
US,RELATED_TO,China,doc_42.txt_124
US,RELATED_TO,MOFCOM,doc_42.txt_124
US,RELATED_TO,China,doc_42.txt_124
US,RELATED_TO,China,doc_42.txt_124
US,RELATED_TO,MOFCOM,doc_42.txt_124
US,RELATED_TO,China,doc_42.txt_124
China,RELATED_TO,MOFCOM,doc_42.txt_124
China,RELATED_TO,China,doc_42.txt_124
MOFCOM,RELATED_TO,China,doc_42.txt_124
the US Trade Representative,RELATED_TO,7.5 percent,doc_42.txt_125
the US Trade Representative,RELATED_TO,US,doc_42.txt_125
the US Trade Representative,RELATED_TO,Biden,doc_42.txt_125
the US Trade Representative,RELATED_TO,China,doc_42.txt_125
7.5 percent,RELATED_TO,US,doc_42.txt_125
7.5 percent,RELATED_TO,Biden,doc_42.txt_125
7.5 percent,RELATED_TO,China,doc_42.txt_125
US,RELATED_TO,Biden,doc_42.txt_125
US,RELATED_TO,China,doc_42.txt_125
Biden,RELATED_TO,China,doc_42.txt_125
US,MANUFACTURES,Biden,doc_42.txt_126
US,MANUFACTURES,US,doc_42.txt_126
US,MANUFACTURES,SEC,doc_42.txt_126
US,MANUFACTURES,Biden,doc_42.txt_126
Biden,MANUFACTURES,US,doc_42.txt_126
Biden,MANUFACTURES,SEC,doc_42.txt_126
Biden,MANUFACTURES,Biden,doc_42.txt_126
US,MANUFACTURES,SEC,doc_42.txt_126
US,MANUFACTURES,Biden,doc_42.txt_126
SEC,MANUFACTURES,Biden,doc_42.txt_126
China,RELATED_TO,Mexico,doc_42.txt_127
China,RELATED_TO,China,doc_42.txt_127
China,RELATED_TO,Biden,doc_42.txt_127
Mexico,RELATED_TO,China,doc_42.txt_127
Mexico,RELATED_TO,Biden,doc_42.txt_127
China,RELATED_TO,Biden,doc_42.txt_127
US,MANUFACTURES,US,doc_42.txt_128
US,MANUFACTURES,South Korean,doc_42.txt_128
US,MANUFACTURES,Biden,doc_42.txt_128
US,MANUFACTURES,Reuters,doc_42.txt_128
US,MANUFACTURES,South Korean,doc_42.txt_128
US,MANUFACTURES,Biden,doc_42.txt_128
US,MANUFACTURES,Reuters,doc_42.txt_128
South Korean,MANUFACTURES,Biden,doc_42.txt_128
South Korean,MANUFACTURES,Reuters,doc_42.txt_128
Biden,MANUFACTURES,Reuters,doc_42.txt_128
Spokesperson Lin Jian,RELATED_TO,US,doc_42.txt_129
Spokesperson Lin Jian,RELATED_TO,US,doc_42.txt_129
Spokesperson Lin Jian,RELATED_TO,Biden,doc_42.txt_129
Spokesperson Lin Jian,RELATED_TO,China,doc_42.txt_129
US,RELATED_TO,US,doc_42.txt_129
US,RELATED_TO,Biden,doc_42.txt_129
US,RELATED_TO,China,doc_42.txt_129
US,RELATED_TO,Biden,doc_42.txt_129
US,RELATED_TO,China,doc_42.txt_129
Biden,RELATED_TO,China,doc_42.txt_129
US,RELATED_TO,US,doc_42.txt_130
US,RELATED_TO,SEC,doc_42.txt_130
US,RELATED_TO,Janet Yellen,doc_42.txt_130
US,RELATED_TO,the China Council for the Promotion of International Trade (CCPIT,doc_42.txt_130
US,RELATED_TO,SEC,doc_42.txt_130
US,RELATED_TO,Janet Yellen,doc_42.txt_130
US,RELATED_TO,the China Council for the Promotion of International Trade (CCPIT,doc_42.txt_130
SEC,RELATED_TO,Janet Yellen,doc_42.txt_130
SEC,RELATED_TO,the China Council for the Promotion of International Trade (CCPIT,doc_42.txt_130
Janet Yellen,RELATED_TO,the China Council for the Promotion of International Trade (CCPIT,doc_42.txt_130
US,RELATED_TO,He Lifeng,doc_42.txt_131
US,RELATED_TO,Guangzhou,doc_42.txt_131
US,RELATED_TO,Yellen,doc_42.txt_131
US,RELATED_TO,US,doc_42.txt_131
He Lifeng,RELATED_TO,Guangzhou,doc_42.txt_131
He Lifeng,RELATED_TO,Yellen,doc_42.txt_131
He Lifeng,RELATED_TO,US,doc_42.txt_131
Guangzhou,RELATED_TO,Yellen,doc_42.txt_131
Guangzhou,RELATED_TO,US,doc_42.txt_131
Yellen,RELATED_TO,US,doc_42.txt_131
Joe Biden,RELATED_TO,Yellen,doc_42.txt_132
Joe Biden,RELATED_TO,the Biden Administration,doc_42.txt_132
Joe Biden,RELATED_TO,US,doc_42.txt_132
Joe Biden,RELATED_TO,Xi Jinping,doc_42.txt_132
Yellen,RELATED_TO,the Biden Administration,doc_42.txt_132
Yellen,RELATED_TO,US,doc_42.txt_132
Yellen,RELATED_TO,Xi Jinping,doc_42.txt_132
the Biden Administration,RELATED_TO,US,doc_42.txt_132
the Biden Administration,RELATED_TO,Xi Jinping,doc_42.txt_132
US,RELATED_TO,Xi Jinping,doc_42.txt_132
AI,RELATED_TO,US,doc_42.txt_133
AI,RELATED_TO,Biden,doc_42.txt_133
AI,RELATED_TO,the White House,doc_42.txt_133
AI,RELATED_TO,Xi,doc_42.txt_133
US,RELATED_TO,Biden,doc_42.txt_133
US,RELATED_TO,the White House,doc_42.txt_133
US,RELATED_TO,Xi,doc_42.txt_133
Biden,RELATED_TO,the White House,doc_42.txt_133
Biden,RELATED_TO,Xi,doc_42.txt_133
the White House,RELATED_TO,Xi,doc_42.txt_133
US,RELATED_TO,Biden,doc_42.txt_134
US,RELATED_TO,US,doc_42.txt_134
US,RELATED_TO,SEC,doc_42.txt_134
US,RELATED_TO,China,doc_42.txt_134
Biden,RELATED_TO,US,doc_42.txt_134
Biden,RELATED_TO,SEC,doc_42.txt_134
Biden,RELATED_TO,China,doc_42.txt_134
US,RELATED_TO,SEC,doc_42.txt_134
US,RELATED_TO,China,doc_42.txt_134
SEC,RELATED_TO,China,doc_42.txt_134
US,RELATED_TO,US,doc_42.txt_135
US,RELATED_TO,China,doc_42.txt_135
US,RELATED_TO,China,doc_42.txt_135
US,RELATED_TO,the Chinese Ministry of Foreign Affairs,doc_42.txt_135
US,RELATED_TO,China,doc_42.txt_135
US,RELATED_TO,China,doc_42.txt_135
US,RELATED_TO,the Chinese Ministry of Foreign Affairs,doc_42.txt_135
China,RELATED_TO,China,doc_42.txt_135
China,RELATED_TO,the Chinese Ministry of Foreign Affairs,doc_42.txt_135
China,RELATED_TO,the Chinese Ministry of Foreign Affairs,doc_42.txt_135
US House of Representatives,RELATED_TO,US,doc_42.txt_136
US House of Representatives,RELATED_TO,State,doc_42.txt_136
US House of Representatives,RELATED_TO,US,doc_42.txt_136
US House of Representatives,RELATED_TO,SEC,doc_42.txt_136
US,RELATED_TO,State,doc_42.txt_136
US,RELATED_TO,US,doc_42.txt_136
US,RELATED_TO,SEC,doc_42.txt_136
State,RELATED_TO,US,doc_42.txt_136
State,RELATED_TO,SEC,doc_42.txt_136
US,RELATED_TO,SEC,doc_42.txt_136
The US House of Representatives,RELATED_TO,US,doc_42.txt_137
The US House of Representatives,RELATED_TO,US,doc_42.txt_137
The US House of Representatives,RELATED_TO,TikTok,doc_42.txt_137
The US House of Representatives,RELATED_TO,Bill,doc_42.txt_137
US,RELATED_TO,US,doc_42.txt_137
US,RELATED_TO,TikTok,doc_42.txt_137
US,RELATED_TO,Bill,doc_42.txt_137
US,RELATED_TO,TikTok,doc_42.txt_137
US,RELATED_TO,Bill,doc_42.txt_137
TikTok,RELATED_TO,Bill,doc_42.txt_137
Google Play,MANUFACTURES,Google,doc_42.txt_138
Google Play,MANUFACTURES,US,doc_42.txt_138
Google Play,MANUFACTURES,Foreign Adversary Controlled Applications Act,doc_42.txt_138
Google Play,MANUFACTURES,Protecting Americans,doc_42.txt_138
Google,MANUFACTURES,US,doc_42.txt_138
Google,MANUFACTURES,Foreign Adversary Controlled Applications Act,doc_42.txt_138
Google,MANUFACTURES,Protecting Americans,doc_42.txt_138
US,MANUFACTURES,Foreign Adversary Controlled Applications Act,doc_42.txt_138
US,MANUFACTURES,Protecting Americans,doc_42.txt_138
Foreign Adversary Controlled Applications Act,MANUFACTURES,Protecting Americans,doc_42.txt_138
US,MANUFACTURES,US,doc_42.txt_139
US,MANUFACTURES,ByteDance,doc_42.txt_139
US,MANUFACTURES,ByteDance,doc_42.txt_139
Joe Biden,RELATED_TO,Congress,doc_42.txt_140
Joe Biden,RELATED_TO,Senate,doc_42.txt_140
Joe Biden,RELATED_TO,the Biden Administration,doc_42.txt_140
Joe Biden,RELATED_TO,US,doc_42.txt_140
Congress,RELATED_TO,Senate,doc_42.txt_140
Congress,RELATED_TO,the Biden Administration,doc_42.txt_140
Congress,RELATED_TO,US,doc_42.txt_140
Senate,RELATED_TO,the Biden Administration,doc_42.txt_140
Senate,RELATED_TO,US,doc_42.txt_140
the Biden Administration,RELATED_TO,US,doc_42.txt_140
The Energy and Commerce Committee,RELATED_TO,US,doc_42.txt_141
The Energy and Commerce Committee,RELATED_TO,TikTok,doc_42.txt_141
The Energy and Commerce Committee,RELATED_TO,US House of Representatives Committee,doc_42.txt_141
The Energy and Commerce Committee,RELATED_TO,Chinese,doc_42.txt_141
US,RELATED_TO,TikTok,doc_42.txt_141
US,RELATED_TO,US House of Representatives Committee,doc_42.txt_141
US,RELATED_TO,Chinese,doc_42.txt_141
TikTok,RELATED_TO,US House of Representatives Committee,doc_42.txt_141
TikTok,RELATED_TO,Chinese,doc_42.txt_141
US House of Representatives Committee,RELATED_TO,Chinese,doc_42.txt_141
Google Play,MANUFACTURES,Google,doc_42.txt_142
Google Play,MANUFACTURES,US,doc_42.txt_142
Google Play,MANUFACTURES,Foreign Adversary Controlled Applications Act,doc_42.txt_142
Google Play,MANUFACTURES,Protecting Americans,doc_42.txt_142
Google,MANUFACTURES,US,doc_42.txt_142
Google,MANUFACTURES,Foreign Adversary Controlled Applications Act,doc_42.txt_142
Google,MANUFACTURES,Protecting Americans,doc_42.txt_142
US,MANUFACTURES,Foreign Adversary Controlled Applications Act,doc_42.txt_142
US,MANUFACTURES,Protecting Americans,doc_42.txt_142
Foreign Adversary Controlled Applications Act,MANUFACTURES,Protecting Americans,doc_42.txt_142
Congress,RELATED_TO,US Commerce Department,doc_42.txt_143
Congress,RELATED_TO,US,doc_42.txt_143
Congress,RELATED_TO,EPA,doc_42.txt_143
Congress,RELATED_TO,Biden,doc_42.txt_143
US Commerce Department,RELATED_TO,US,doc_42.txt_143
US Commerce Department,RELATED_TO,EPA,doc_42.txt_143
US Commerce Department,RELATED_TO,Biden,doc_42.txt_143
US,RELATED_TO,EPA,doc_42.txt_143
US,RELATED_TO,Biden,doc_42.txt_143
EPA,RELATED_TO,Biden,doc_42.txt_143
the US Department of Commerce,RELATED_TO,US,doc_42.txt_144
the US Department of Commerce,RELATED_TO,IRA,doc_42.txt_144
the US Department of Commerce,RELATED_TO,US,doc_42.txt_144
the US Department of Commerce,RELATED_TO,SEC,doc_42.txt_144
US,RELATED_TO,IRA,doc_42.txt_144
US,RELATED_TO,US,doc_42.txt_144
US,RELATED_TO,SEC,doc_42.txt_144
IRA,RELATED_TO,US,doc_42.txt_144
IRA,RELATED_TO,SEC,doc_42.txt_144
US,RELATED_TO,SEC,doc_42.txt_144
Inspur Group,RELATED_TO,US,doc_42.txt_145
Inspur Group,RELATED_TO,BGI Research,doc_42.txt_145
Inspur Group,RELATED_TO,State,doc_42.txt_145
Inspur Group,RELATED_TO,US,doc_42.txt_145
US,RELATED_TO,BGI Research,doc_42.txt_145
US,RELATED_TO,State,doc_42.txt_145
US,RELATED_TO,US,doc_42.txt_145
BGI Research,RELATED_TO,State,doc_42.txt_145
BGI Research,RELATED_TO,US,doc_42.txt_145
State,RELATED_TO,US,doc_42.txt_145
US,RELATED_TO,State,doc_42.txt_146
US,RELATED_TO,US,doc_42.txt_146
US,RELATED_TO,SEC,doc_42.txt_146
US,RELATED_TO,Wang Yi,doc_42.txt_146
State,RELATED_TO,US,doc_42.txt_146
State,RELATED_TO,SEC,doc_42.txt_146
State,RELATED_TO,Wang Yi,doc_42.txt_146
US,RELATED_TO,SEC,doc_42.txt_146
US,RELATED_TO,Wang Yi,doc_42.txt_146
SEC,RELATED_TO,Wang Yi,doc_42.txt_146
US,RELATED_TO,China,doc_42.txt_147
US,RELATED_TO,Korean,doc_42.txt_147
US,RELATED_TO,Blinken,doc_42.txt_147
US,RELATED_TO,Russia,doc_42.txt_147
China,RELATED_TO,Korean,doc_42.txt_147
China,RELATED_TO,Blinken,doc_42.txt_147
China,RELATED_TO,Russia,doc_42.txt_147
Korean,RELATED_TO,Blinken,doc_42.txt_147
Korean,RELATED_TO,Russia,doc_42.txt_147
Blinken,RELATED_TO,Russia,doc_42.txt_147
Wang,RELATED_TO,US,doc_42.txt_148
Wang,RELATED_TO,US,doc_42.txt_148
Wang,RELATED_TO,China,doc_42.txt_148
Wang,RELATED_TO,China,doc_42.txt_148
US,RELATED_TO,US,doc_42.txt_148
US,RELATED_TO,China,doc_42.txt_148
US,RELATED_TO,China,doc_42.txt_148
US,RELATED_TO,China,doc_42.txt_148
US,RELATED_TO,China,doc_42.txt_148
China,RELATED_TO,China,doc_42.txt_148
Wang,RELATED_TO,US,doc_42.txt_149
Wang,RELATED_TO,US,doc_42.txt_149
Wang,RELATED_TO,China,doc_42.txt_149
Wang,RELATED_TO,China,doc_42.txt_149
US,RELATED_TO,US,doc_42.txt_149
US,RELATED_TO,China,doc_42.txt_149
US,RELATED_TO,China,doc_42.txt_149
US,RELATED_TO,China,doc_42.txt_149
US,RELATED_TO,China,doc_42.txt_149
China,RELATED_TO,China,doc_42.txt_149
US National Security Advisor Hold Talks,RELATED_TO,US,doc_42.txt_150
US National Security Advisor Hold Talks,RELATED_TO,SEC,doc_42.txt_150
US National Security Advisor Hold Talks,RELATED_TO,Bangkok,doc_42.txt_150
US National Security Advisor Hold Talks,RELATED_TO,Chinese,doc_42.txt_150
US,RELATED_TO,SEC,doc_42.txt_150
US,RELATED_TO,Bangkok,doc_42.txt_150
US,RELATED_TO,Chinese,doc_42.txt_150
SEC,RELATED_TO,Bangkok,doc_42.txt_150
SEC,RELATED_TO,Chinese,doc_42.txt_150
Bangkok,RELATED_TO,Chinese,doc_42.txt_150
Thailand,RELATED_TO,Joe Biden,doc_42.txt_151
Thailand,RELATED_TO,US,doc_42.txt_151
Thailand,RELATED_TO,SEC,doc_42.txt_151
Thailand,RELATED_TO,Jake Sullivan,doc_42.txt_151
Joe Biden,RELATED_TO,US,doc_42.txt_151
Joe Biden,RELATED_TO,SEC,doc_42.txt_151
Joe Biden,RELATED_TO,Jake Sullivan,doc_42.txt_151
US,RELATED_TO,SEC,doc_42.txt_151
US,RELATED_TO,Jake Sullivan,doc_42.txt_151
SEC,RELATED_TO,Jake Sullivan,doc_42.txt_151
San Francisco,RELATED_TO,US,doc_42.txt_152
San Francisco,RELATED_TO,the Chinese Ministry of Foreign Affairs,doc_42.txt_152
San Francisco,RELATED_TO,The White House,doc_42.txt_152
US,RELATED_TO,the Chinese Ministry of Foreign Affairs,doc_42.txt_152
US,RELATED_TO,The White House,doc_42.txt_152
the Chinese Ministry of Foreign Affairs,RELATED_TO,The White House,doc_42.txt_152
US,RELATED_TO,DPRK,doc_42.txt_153
US,RELATED_TO,SEC,doc_42.txt_153
US,RELATED_TO,China,doc_42.txt_153
US,RELATED_TO,Russia,doc_42.txt_153
DPRK,RELATED_TO,SEC,doc_42.txt_153
DPRK,RELATED_TO,China,doc_42.txt_153
DPRK,RELATED_TO,Russia,doc_42.txt_153
SEC,RELATED_TO,China,doc_42.txt_153
SEC,RELATED_TO,Russia,doc_42.txt_153
China,RELATED_TO,Russia,doc_42.txt_153
the Financial Working Group,RELATED_TO,US,doc_42.txt_154
the Financial Working Group,RELATED_TO,the US Hold the Third Meeting,doc_42.txt_154
the Financial Working Group,RELATED_TO,China,doc_42.txt_154
the Financial Working Group,RELATED_TO,China,doc_42.txt_154
US,RELATED_TO,the US Hold the Third Meeting,doc_42.txt_154
US,RELATED_TO,China,doc_42.txt_154
US,RELATED_TO,China,doc_42.txt_154
the US Hold the Third Meeting,RELATED_TO,China,doc_42.txt_154
the US Hold the Third Meeting,RELATED_TO,China,doc_42.txt_154
China,RELATED_TO,China,doc_42.txt_154
Beijing,RELATED_TO,US,doc_42.txt_155
Beijing,RELATED_TO,the US Treasury Department,doc_42.txt_155
Beijing,RELATED_TO,US,doc_42.txt_155
Beijing,RELATED_TO,Financial Working Group,doc_42.txt_155
US,RELATED_TO,the US Treasury Department,doc_42.txt_155
US,RELATED_TO,US,doc_42.txt_155
US,RELATED_TO,Financial Working Group,doc_42.txt_155
the US Treasury Department,RELATED_TO,US,doc_42.txt_155
the US Treasury Department,RELATED_TO,Financial Working Group,doc_42.txt_155
US,RELATED_TO,Financial Working Group,doc_42.txt_155
Beijing,RELATED_TO,SEC,doc_42.txt_156
Beijing,RELATED_TO,Janet Yellen,doc_42.txt_156
Beijing,RELATED_TO,MOF,doc_42.txt_156
Beijing,RELATED_TO,FWG,doc_42.txt_156
SEC,RELATED_TO,Janet Yellen,doc_42.txt_156
SEC,RELATED_TO,MOF,doc_42.txt_156
SEC,RELATED_TO,FWG,doc_42.txt_156
Janet Yellen,RELATED_TO,MOF,doc_42.txt_156
Janet Yellen,RELATED_TO,FWG,doc_42.txt_156
MOF,RELATED_TO,FWG,doc_42.txt_156
US,RELATED_TO,Treasury,doc_42.txt_157
US,RELATED_TO,Global Systemically Important Banks,doc_42.txt_157
Treasury,RELATED_TO,Global Systemically Important Banks,doc_42.txt_157
Beijing,RELATED_TO,US,doc_42.txt_159
Beijing,RELATED_TO,He Lifeng,doc_42.txt_159
Beijing,RELATED_TO,US,doc_42.txt_159
Beijing,RELATED_TO,Biden,doc_42.txt_159
US,RELATED_TO,He Lifeng,doc_42.txt_159
US,RELATED_TO,US,doc_42.txt_159
US,RELATED_TO,Biden,doc_42.txt_159
He Lifeng,RELATED_TO,US,doc_42.txt_159
He Lifeng,RELATED_TO,Biden,doc_42.txt_159
US,RELATED_TO,Biden,doc_42.txt_159
US,RELATED_TO,US,doc_42.txt_160
US,RELATED_TO,Pentagon,doc_42.txt_160
US,RELATED_TO,Chinese,doc_42.txt_160
US,RELATED_TO,Pentagon,doc_42.txt_160
US,RELATED_TO,Chinese,doc_42.txt_160
Pentagon,RELATED_TO,Chinese,doc_42.txt_160
SEC,RELATED_TO,Defense,doc_42.txt_161
SEC,RELATED_TO,Michael Chase,doc_42.txt_161
SEC,RELATED_TO,Mongolia,doc_42.txt_161
SEC,RELATED_TO,the Office for International Military Cooperation of China’s Central Military Commission,doc_42.txt_161
Defense,RELATED_TO,Michael Chase,doc_42.txt_161
Defense,RELATED_TO,Mongolia,doc_42.txt_161
Defense,RELATED_TO,the Office for International Military Cooperation of China’s Central Military Commission,doc_42.txt_161
Michael Chase,RELATED_TO,Mongolia,doc_42.txt_161
Michael Chase,RELATED_TO,the Office for International Military Cooperation of China’s Central Military Commission,doc_42.txt_161
Mongolia,RELATED_TO,the Office for International Military Cooperation of China’s Central Military Commission,doc_42.txt_161
US,RELATED_TO,US,doc_42.txt_162
US,RELATED_TO,China,doc_42.txt_162
US,RELATED_TO,China,doc_42.txt_162
US,RELATED_TO,Chinese,doc_42.txt_162
US,RELATED_TO,China,doc_42.txt_162
US,RELATED_TO,China,doc_42.txt_162
US,RELATED_TO,Chinese,doc_42.txt_162
China,RELATED_TO,China,doc_42.txt_162
China,RELATED_TO,Chinese,doc_42.txt_162
China,RELATED_TO,Chinese,doc_42.txt_162
the US Department of Defense,RELATED_TO,US,doc_42.txt_163
the US Department of Defense,RELATED_TO,the Taiwan Relations Act,doc_42.txt_163
the US Department of Defense,RELATED_TO,US,doc_42.txt_163
the US Department of Defense,RELATED_TO,EPA,doc_42.txt_163
US,RELATED_TO,the Taiwan Relations Act,doc_42.txt_163
US,RELATED_TO,US,doc_42.txt_163
US,RELATED_TO,EPA,doc_42.txt_163
the Taiwan Relations Act,RELATED_TO,US,doc_42.txt_163
the Taiwan Relations Act,RELATED_TO,EPA,doc_42.txt_163
US,RELATED_TO,EPA,doc_42.txt_163
US,RELATED_TO,United States,doc_42.txt_164
US,RELATED_TO,US,doc_42.txt_164
US,RELATED_TO,the Indo-Pacific,doc_42.txt_164
US,RELATED_TO,the United States,doc_42.txt_164
United States,RELATED_TO,US,doc_42.txt_164
United States,RELATED_TO,the Indo-Pacific,doc_42.txt_164
United States,RELATED_TO,the United States,doc_42.txt_164
US,RELATED_TO,the Indo-Pacific,doc_42.txt_164
US,RELATED_TO,the United States,doc_42.txt_164
the Indo-Pacific,RELATED_TO,the United States,doc_42.txt_164
the Democratic People’s Republic of Korea,RELATED_TO,US,doc_42.txt_165
the Democratic People’s Republic of Korea,RELATED_TO,US,doc_42.txt_165
the Democratic People’s Republic of Korea,RELATED_TO,SEC,doc_42.txt_165
the Democratic People’s Republic of Korea,RELATED_TO,Russia,doc_42.txt_165
US,RELATED_TO,US,doc_42.txt_165
US,RELATED_TO,SEC,doc_42.txt_165
US,RELATED_TO,Russia,doc_42.txt_165
US,RELATED_TO,SEC,doc_42.txt_165
US,RELATED_TO,Russia,doc_42.txt_165
SEC,RELATED_TO,Russia,doc_42.txt_165
US,RELATED_TO,US,doc_42.txt_166
US,RELATED_TO,SEC,doc_42.txt_166
US,RELATED_TO,The US Trade,doc_42.txt_166
US,RELATED_TO,China Section 301,doc_42.txt_166
US,RELATED_TO,SEC,doc_42.txt_166
US,RELATED_TO,The US Trade,doc_42.txt_166
US,RELATED_TO,China Section 301,doc_42.txt_166
SEC,RELATED_TO,The US Trade,doc_42.txt_166
SEC,RELATED_TO,China Section 301,doc_42.txt_166
The US Trade,RELATED_TO,China Section 301,doc_42.txt_166
US,RELATED_TO,China,doc_42.txt_167
US,RELATED_TO,"China Restricts Exports of More High-End Technologies
China’s Ministry of Commerce (MOFCOM",doc_42.txt_167
China,RELATED_TO,"China Restricts Exports of More High-End Technologies
China’s Ministry of Commerce (MOFCOM",doc_42.txt_167
Beijing,RELATED_TO,US,doc_42.txt_168
Beijing,RELATED_TO,Washington,doc_42.txt_168
Beijing,RELATED_TO,US,doc_42.txt_168
Beijing,RELATED_TO,CQ Brown,doc_42.txt_168
US,RELATED_TO,Washington,doc_42.txt_168
US,RELATED_TO,US,doc_42.txt_168
US,RELATED_TO,CQ Brown,doc_42.txt_168
Washington,RELATED_TO,US,doc_42.txt_168
Washington,RELATED_TO,CQ Brown,doc_42.txt_168
US,RELATED_TO,CQ Brown,doc_42.txt_168
Joe Biden,RELATED_TO,Liu,doc_42.txt_169
Joe Biden,RELATED_TO,The Chinese Defense Ministry,doc_42.txt_169
Joe Biden,RELATED_TO,Xi Jinping,doc_42.txt_169
Joe Biden,RELATED_TO,China,doc_42.txt_169
Liu,RELATED_TO,The Chinese Defense Ministry,doc_42.txt_169
Liu,RELATED_TO,Xi Jinping,doc_42.txt_169
Liu,RELATED_TO,China,doc_42.txt_169
The Chinese Defense Ministry,RELATED_TO,Xi Jinping,doc_42.txt_169
The Chinese Defense Ministry,RELATED_TO,China,doc_42.txt_169
Xi Jinping,RELATED_TO,China,doc_42.txt_169
US,RELATED_TO,China,doc_42.txt_170
US,RELATED_TO,US,doc_42.txt_170
US,RELATED_TO,China,doc_42.txt_170
China,RELATED_TO,US,doc_42.txt_170
China,RELATED_TO,China,doc_42.txt_170
US,RELATED_TO,China,doc_42.txt_170
the US Department of Defense,RELATED_TO,US,doc_42.txt_171
the US Department of Defense,RELATED_TO,US,doc_42.txt_171
the US Department of Defense,RELATED_TO,SEC,doc_42.txt_171
the US Department of Defense,RELATED_TO,Brown,doc_42.txt_171
US,RELATED_TO,US,doc_42.txt_171
US,RELATED_TO,SEC,doc_42.txt_171
US,RELATED_TO,Brown,doc_42.txt_171
US,RELATED_TO,SEC,doc_42.txt_171
US,RELATED_TO,Brown,doc_42.txt_171
SEC,RELATED_TO,Brown,doc_42.txt_171
US,RELATED_TO,GM,doc_42.txt_172
US,RELATED_TO,US,doc_42.txt_172
US,RELATED_TO,Chinese,doc_42.txt_172
GM,RELATED_TO,US,doc_42.txt_172
GM,RELATED_TO,Chinese,doc_42.txt_172
US,RELATED_TO,Chinese,doc_42.txt_172
US,RELATED_TO,US,doc_42.txt_173
US,RELATED_TO,SEC,doc_42.txt_173
US,RELATED_TO,Xi Jinping,doc_42.txt_173
US,RELATED_TO,Biden,doc_42.txt_173
US,RELATED_TO,SEC,doc_42.txt_173
US,RELATED_TO,Xi Jinping,doc_42.txt_173
US,RELATED_TO,Biden,doc_42.txt_173
SEC,RELATED_TO,Xi Jinping,doc_42.txt_173
SEC,RELATED_TO,Biden,doc_42.txt_173
Xi Jinping,RELATED_TO,Biden,doc_42.txt_173
US,LED_BY,TikTok,doc_42.txt_174
US,LED_BY,TikTok Inc.,doc_42.txt_174
US,LED_BY,Montana,doc_42.txt_174
US,LED_BY,Chinese,doc_42.txt_174
TikTok,LED_BY,TikTok Inc.,doc_42.txt_174
TikTok,LED_BY,Montana,doc_42.txt_174
TikTok,LED_BY,Chinese,doc_42.txt_174
TikTok Inc.,LED_BY,Montana,doc_42.txt_174
TikTok Inc.,LED_BY,Chinese,doc_42.txt_174
Montana,LED_BY,Chinese,doc_42.txt_174
Google Play,RELATED_TO,Google,doc_42.txt_175
Google Play,RELATED_TO,US,doc_42.txt_175
Google Play,RELATED_TO,Senate,doc_42.txt_175
Google Play,RELATED_TO,Greg Gianforte,doc_42.txt_175
Google,RELATED_TO,US,doc_42.txt_175
Google,RELATED_TO,Senate,doc_42.txt_175
Google,RELATED_TO,Greg Gianforte,doc_42.txt_175
US,RELATED_TO,Senate,doc_42.txt_175
US,RELATED_TO,Greg Gianforte,doc_42.txt_175
Senate,RELATED_TO,Greg Gianforte,doc_42.txt_175
US,MANUFACTURES,TikTok,doc_42.txt_176
US,RELATED_TO,US,doc_42.txt_177
US,RELATED_TO,TikTok,doc_42.txt_177
US,RELATED_TO,Montana,doc_42.txt_177
US,RELATED_TO,China,doc_42.txt_177
US,RELATED_TO,TikTok,doc_42.txt_177
US,RELATED_TO,Montana,doc_42.txt_177
US,RELATED_TO,China,doc_42.txt_177
TikTok,RELATED_TO,Montana,doc_42.txt_177
TikTok,RELATED_TO,China,doc_42.txt_177
Montana,RELATED_TO,China,doc_42.txt_177
US,RELATED_TO,Montana,doc_42.txt_178
US,RELATED_TO,the State of,doc_42.txt_178
Montana,RELATED_TO,the State of,doc_42.txt_178
DOE,RELATED_TO,Montana,doc_42.txt_179
DOE,RELATED_TO,Xi,doc_42.txt_179
DOE,RELATED_TO,San Francisco,doc_42.txt_179
DOE,RELATED_TO,Biden Meet,doc_42.txt_179
Montana,RELATED_TO,Xi,doc_42.txt_179
Montana,RELATED_TO,San Francisco,doc_42.txt_179
Montana,RELATED_TO,Biden Meet,doc_42.txt_179
Xi,RELATED_TO,San Francisco,doc_42.txt_179
Xi,RELATED_TO,Biden Meet,doc_42.txt_179
San Francisco,RELATED_TO,Biden Meet,doc_42.txt_179
Joe Biden,RELATED_TO,US,doc_42.txt_180
Joe Biden,RELATED_TO,Biden,doc_42.txt_180
Joe Biden,RELATED_TO,US,doc_42.txt_180
Joe Biden,RELATED_TO,SEC,doc_42.txt_180
US,RELATED_TO,Biden,doc_42.txt_180
US,RELATED_TO,US,doc_42.txt_180
US,RELATED_TO,SEC,doc_42.txt_180
Biden,RELATED_TO,US,doc_42.txt_180
Biden,RELATED_TO,SEC,doc_42.txt_180
US,RELATED_TO,SEC,doc_42.txt_180
the APEC Summit,SURPASSED,Xi,doc_42.txt_181
Xi-Biden Meeting,RELATED_TO,Biden,doc_42.txt_182
John Kerry,RELATED_TO,Xie Zhenhua,doc_42.txt_183
John Kerry,RELATED_TO,US,doc_42.txt_183
John Kerry,RELATED_TO,US,doc_42.txt_183
John Kerry,RELATED_TO,China,doc_42.txt_183
Xie Zhenhua,RELATED_TO,US,doc_42.txt_183
Xie Zhenhua,RELATED_TO,US,doc_42.txt_183
Xie Zhenhua,RELATED_TO,China,doc_42.txt_183
US,RELATED_TO,US,doc_42.txt_183
US,RELATED_TO,China,doc_42.txt_183
US,RELATED_TO,China,doc_42.txt_183
MEE,RELATED_TO,the US Department of State,doc_42.txt_184
MEE,RELATED_TO,the Chinese Ministry of Ecology and Environment,doc_42.txt_184
MEE,RELATED_TO,US,doc_42.txt_184
MEE,RELATED_TO,EPA,doc_42.txt_184
the US Department of State,RELATED_TO,the Chinese Ministry of Ecology and Environment,doc_42.txt_184
the US Department of State,RELATED_TO,US,doc_42.txt_184
the US Department of State,RELATED_TO,EPA,doc_42.txt_184
the Chinese Ministry of Ecology and Environment,RELATED_TO,US,doc_42.txt_184
the Chinese Ministry of Ecology and Environment,RELATED_TO,EPA,doc_42.txt_184
US,RELATED_TO,EPA,doc_42.txt_184
US,RELATED_TO,GHG,doc_42.txt_185
Joe Biden,SURPASSED,Nancy Pelosi’s,doc_42.txt_187
Joe Biden,SURPASSED,US,doc_42.txt_187
Joe Biden,SURPASSED,US,doc_42.txt_187
Joe Biden,SURPASSED,Xi Jinping,doc_42.txt_187
Nancy Pelosi’s,SURPASSED,US,doc_42.txt_187
Nancy Pelosi’s,SURPASSED,US,doc_42.txt_187
Nancy Pelosi’s,SURPASSED,Xi Jinping,doc_42.txt_187
US,SURPASSED,US,doc_42.txt_187
US,SURPASSED,Xi Jinping,doc_42.txt_187
US,SURPASSED,Xi Jinping,doc_42.txt_187
US Treasury,SURPASSED,US,doc_42.txt_188
US Treasury,SURPASSED,SEC,doc_42.txt_188
US Treasury,SURPASSED,Xi-Biden Meeting,doc_42.txt_188
US Treasury,SURPASSED,the APEC Summit,doc_42.txt_188
US,SURPASSED,SEC,doc_42.txt_188
US,SURPASSED,Xi-Biden Meeting,doc_42.txt_188
US,SURPASSED,the APEC Summit,doc_42.txt_188
SEC,SURPASSED,Xi-Biden Meeting,doc_42.txt_188
SEC,SURPASSED,the APEC Summit,doc_42.txt_188
Xi-Biden Meeting,SURPASSED,the APEC Summit,doc_42.txt_188
US,RELATED_TO,US,doc_42.txt_189
US,RELATED_TO,SEC,doc_42.txt_189
US,RELATED_TO,DOE,doc_42.txt_189
US,RELATED_TO,China,doc_42.txt_189
US,RELATED_TO,SEC,doc_42.txt_189
US,RELATED_TO,DOE,doc_42.txt_189
US,RELATED_TO,China,doc_42.txt_189
SEC,RELATED_TO,DOE,doc_42.txt_189
SEC,RELATED_TO,China,doc_42.txt_189
DOE,RELATED_TO,China,doc_42.txt_189
US,RELATED_TO,US,doc_42.txt_190
US,RELATED_TO,China,doc_42.txt_190
US,RELATED_TO,China,doc_42.txt_190
US,RELATED_TO,Chinese,doc_42.txt_190
US,RELATED_TO,China,doc_42.txt_190
US,RELATED_TO,China,doc_42.txt_190
US,RELATED_TO,Chinese,doc_42.txt_190
China,RELATED_TO,China,doc_42.txt_190
China,RELATED_TO,Chinese,doc_42.txt_190
China,RELATED_TO,Chinese,doc_42.txt_190
Beijing,RELATED_TO,US,doc_42.txt_192
Beijing,RELATED_TO,SEC,doc_42.txt_192
Beijing,RELATED_TO,the Economic and Financial Working Groups,doc_42.txt_192
Beijing,RELATED_TO,Yellen,doc_42.txt_192
US,RELATED_TO,SEC,doc_42.txt_192
US,RELATED_TO,the Economic and Financial Working Groups,doc_42.txt_192
US,RELATED_TO,Yellen,doc_42.txt_192
SEC,RELATED_TO,the Economic and Financial Working Groups,doc_42.txt_192
SEC,RELATED_TO,Yellen,doc_42.txt_192
the Economic and Financial Working Groups,RELATED_TO,Yellen,doc_42.txt_192
Joe Biden,RELATED_TO,Yellen,doc_42.txt_193
Joe Biden,RELATED_TO,Xi Jinping,doc_42.txt_193
Joe Biden,RELATED_TO,Confirms Xi-Biden Meeting,doc_42.txt_193
Joe Biden,RELATED_TO,Chinese Ministry of Foreign Affairs,doc_42.txt_193
Yellen,RELATED_TO,Xi Jinping,doc_42.txt_193
Yellen,RELATED_TO,Confirms Xi-Biden Meeting,doc_42.txt_193
Yellen,RELATED_TO,Chinese Ministry of Foreign Affairs,doc_42.txt_193
Xi Jinping,RELATED_TO,Confirms Xi-Biden Meeting,doc_42.txt_193
Xi Jinping,RELATED_TO,Chinese Ministry of Foreign Affairs,doc_42.txt_193
Confirms Xi-Biden Meeting,RELATED_TO,Chinese Ministry of Foreign Affairs,doc_42.txt_193
Joe Biden,RELATED_TO,MFA,doc_42.txt_194
Joe Biden,RELATED_TO,Xi Jinping,doc_42.txt_194
Joe Biden,RELATED_TO,the APEC Summit,doc_42.txt_194
Joe Biden,RELATED_TO,the Chinese Ministry of Foreign Affairs,doc_42.txt_194
MFA,RELATED_TO,Xi Jinping,doc_42.txt_194
MFA,RELATED_TO,the APEC Summit,doc_42.txt_194
MFA,RELATED_TO,the Chinese Ministry of Foreign Affairs,doc_42.txt_194
Xi Jinping,RELATED_TO,the APEC Summit,doc_42.txt_194
Xi Jinping,RELATED_TO,the Chinese Ministry of Foreign Affairs,doc_42.txt_194
the APEC Summit,RELATED_TO,the Chinese Ministry of Foreign Affairs,doc_42.txt_194
China Climate,RELATED_TO,Xie Zhenhua,doc_42.txt_195
China Climate,RELATED_TO,John Kerry,doc_42.txt_195
China Climate,RELATED_TO,US,doc_42.txt_195
China Climate,RELATED_TO,the G20 Summit,doc_42.txt_195
Xie Zhenhua,RELATED_TO,John Kerry,doc_42.txt_195
Xie Zhenhua,RELATED_TO,US,doc_42.txt_195
Xie Zhenhua,RELATED_TO,the G20 Summit,doc_42.txt_195
John Kerry,RELATED_TO,US,doc_42.txt_195
John Kerry,RELATED_TO,the G20 Summit,doc_42.txt_195
US,RELATED_TO,the G20 Summit,doc_42.txt_195
John Kerry,SURPASSED,Xie Zhenhua,doc_42.txt_196
John Kerry,SURPASSED,US,doc_42.txt_196
John Kerry,SURPASSED,US,doc_42.txt_196
John Kerry,SURPASSED,Dubai,doc_42.txt_196
Xie Zhenhua,SURPASSED,US,doc_42.txt_196
Xie Zhenhua,SURPASSED,US,doc_42.txt_196
Xie Zhenhua,SURPASSED,Dubai,doc_42.txt_196
US,SURPASSED,US,doc_42.txt_196
US,SURPASSED,Dubai,doc_42.txt_196
US,SURPASSED,Dubai,doc_42.txt_196
US,RELATED_TO,MEE,doc_42.txt_197
US,RELATED_TO,US,doc_42.txt_197
US,RELATED_TO,the Chinese Ministry of Environment and Ecology,doc_42.txt_197
MEE,RELATED_TO,US,doc_42.txt_197
MEE,RELATED_TO,the Chinese Ministry of Environment and Ecology,doc_42.txt_197
US,RELATED_TO,the Chinese Ministry of Environment and Ecology,doc_42.txt_197
US,RELATED_TO,Washington,doc_42.txt_198
US,RELATED_TO,US,doc_42.txt_198
US,RELATED_TO,China,doc_42.txt_198
US,RELATED_TO,China,doc_42.txt_198
Washington,RELATED_TO,US,doc_42.txt_198
Washington,RELATED_TO,China,doc_42.txt_198
Washington,RELATED_TO,China,doc_42.txt_198
US,RELATED_TO,China,doc_42.txt_198
US,RELATED_TO,China,doc_42.txt_198
China,RELATED_TO,China,doc_42.txt_198
Stewart,RELATED_TO,State,doc_42.txt_199
Stewart,RELATED_TO,MFA,doc_42.txt_199
Stewart,RELATED_TO,US,doc_42.txt_199
Stewart,RELATED_TO,SEC,doc_42.txt_199
State,RELATED_TO,MFA,doc_42.txt_199
State,RELATED_TO,US,doc_42.txt_199
State,RELATED_TO,SEC,doc_42.txt_199
MFA,RELATED_TO,US,doc_42.txt_199
MFA,RELATED_TO,SEC,doc_42.txt_199
US,RELATED_TO,SEC,doc_42.txt_199
France,RELATED_TO,US,doc_42.txt_200
France,RELATED_TO,the Department of State,doc_42.txt_200
France,RELATED_TO,MFA,doc_42.txt_200
France,RELATED_TO,US,doc_42.txt_200
US,RELATED_TO,the Department of State,doc_42.txt_200
US,RELATED_TO,MFA,doc_42.txt_200
US,RELATED_TO,US,doc_42.txt_200
the Department of State,RELATED_TO,MFA,doc_42.txt_200
the Department of State,RELATED_TO,US,doc_42.txt_200
MFA,RELATED_TO,US,doc_42.txt_200
US,RELATED_TO,the Department of State,doc_42.txt_201
US,RELATED_TO,MFA,doc_42.txt_201
US,RELATED_TO,US,doc_42.txt_201
US,RELATED_TO,SEC,doc_42.txt_201
the Department of State,RELATED_TO,MFA,doc_42.txt_201
the Department of State,RELATED_TO,US,doc_42.txt_201
the Department of State,RELATED_TO,SEC,doc_42.txt_201
MFA,RELATED_TO,US,doc_42.txt_201
MFA,RELATED_TO,SEC,doc_42.txt_201
US,RELATED_TO,SEC,doc_42.txt_201
He Lifeng,RELATED_TO,US Treasury,doc_42.txt_202
He Lifeng,RELATED_TO,US,doc_42.txt_202
He Lifeng,RELATED_TO,SEC,doc_42.txt_202
He Lifeng,RELATED_TO,San Francisco,doc_42.txt_202
US Treasury,RELATED_TO,US,doc_42.txt_202
US Treasury,RELATED_TO,SEC,doc_42.txt_202
US Treasury,RELATED_TO,San Francisco,doc_42.txt_202
US,RELATED_TO,SEC,doc_42.txt_202
US,RELATED_TO,San Francisco,doc_42.txt_202
SEC,RELATED_TO,San Francisco,doc_42.txt_202
Joe Biden,MANUFACTURES,He Lifeng,doc_42.txt_203
Joe Biden,MANUFACTURES,US,doc_42.txt_203
Joe Biden,MANUFACTURES,EPA,doc_42.txt_203
Joe Biden,MANUFACTURES,Xi Jinping,doc_42.txt_203
He Lifeng,MANUFACTURES,US,doc_42.txt_203
He Lifeng,MANUFACTURES,EPA,doc_42.txt_203
He Lifeng,MANUFACTURES,Xi Jinping,doc_42.txt_203
US,MANUFACTURES,EPA,doc_42.txt_203
US,MANUFACTURES,Xi Jinping,doc_42.txt_203
EPA,MANUFACTURES,Xi Jinping,doc_42.txt_203
Beijing,RELATED_TO,US,doc_42.txt_204
Beijing,RELATED_TO,Yellen,doc_42.txt_204
Beijing,RELATED_TO,Economic Working Group,doc_42.txt_204
Beijing,RELATED_TO,the Department of the Treasury,doc_42.txt_204
US,RELATED_TO,Yellen,doc_42.txt_204
US,RELATED_TO,Economic Working Group,doc_42.txt_204
US,RELATED_TO,the Department of the Treasury,doc_42.txt_204
Yellen,RELATED_TO,Economic Working Group,doc_42.txt_204
Yellen,RELATED_TO,the Department of the Treasury,doc_42.txt_204
Economic Working Group,RELATED_TO,the Department of the Treasury,doc_42.txt_204
US,RELATED_TO,US,doc_42.txt_205
US,RELATED_TO,EPA,doc_42.txt_205
US,RELATED_TO,China,doc_42.txt_205
US,RELATED_TO,China International Import Expo,doc_42.txt_205
US,RELATED_TO,EPA,doc_42.txt_205
US,RELATED_TO,China,doc_42.txt_205
US,RELATED_TO,China International Import Expo,doc_42.txt_205
EPA,RELATED_TO,China,doc_42.txt_205
EPA,RELATED_TO,China International Import Expo,doc_42.txt_205
China,RELATED_TO,China International Import Expo,doc_42.txt_205
US,RELATED_TO,USDA,doc_42.txt_206
US,RELATED_TO,SEC,doc_42.txt_206
US,RELATED_TO,US,doc_42.txt_206
US,RELATED_TO,Jason Hafemeister,doc_42.txt_206
USDA,RELATED_TO,SEC,doc_42.txt_206
USDA,RELATED_TO,US,doc_42.txt_206
USDA,RELATED_TO,Jason Hafemeister,doc_42.txt_206
SEC,RELATED_TO,US,doc_42.txt_206
SEC,RELATED_TO,Jason Hafemeister,doc_42.txt_206
US,RELATED_TO,Jason Hafemeister,doc_42.txt_206
US,RELATED_TO,US,doc_42.txt_207
US,RELATED_TO,China,doc_42.txt_207
US,RELATED_TO,the US Heartland China Association,doc_42.txt_207
US,RELATED_TO,China,doc_42.txt_207
US,RELATED_TO,China,doc_42.txt_207
US,RELATED_TO,the US Heartland China Association,doc_42.txt_207
US,RELATED_TO,China,doc_42.txt_207
China,RELATED_TO,the US Heartland China Association,doc_42.txt_207
China,RELATED_TO,China,doc_42.txt_207
the US Heartland China Association,RELATED_TO,China,doc_42.txt_207
US,RELATED_TO,Cranberry Marketing Committee,doc_42.txt_208
US,RELATED_TO,US,doc_42.txt_208
US,RELATED_TO,Egg Export Council,doc_42.txt_208
US,RELATED_TO,the USA Poultry,doc_42.txt_208
Cranberry Marketing Committee,RELATED_TO,US,doc_42.txt_208
Cranberry Marketing Committee,RELATED_TO,Egg Export Council,doc_42.txt_208
Cranberry Marketing Committee,RELATED_TO,the USA Poultry,doc_42.txt_208
US,RELATED_TO,Egg Export Council,doc_42.txt_208
US,RELATED_TO,the USA Poultry,doc_42.txt_208
Egg Export Council,RELATED_TO,the USA Poultry,doc_42.txt_208
US,RELATED_TO,USDA,doc_42.txt_209
US,RELATED_TO,US,doc_42.txt_209
US,RELATED_TO,US$40.9 billion,doc_42.txt_209
US,RELATED_TO,14.5 percent,doc_42.txt_209
USDA,RELATED_TO,US,doc_42.txt_209
USDA,RELATED_TO,US$40.9 billion,doc_42.txt_209
USDA,RELATED_TO,14.5 percent,doc_42.txt_209
US,RELATED_TO,US$40.9 billion,doc_42.txt_209
US,RELATED_TO,14.5 percent,doc_42.txt_209
US$40.9 billion,RELATED_TO,14.5 percent,doc_42.txt_209
GM,MANUFACTURES,US,doc_42.txt_210
GM,MANUFACTURES,Nicholas Burns,doc_42.txt_210
GM,MANUFACTURES,US,doc_42.txt_210
GM,MANUFACTURES,China,doc_42.txt_210
US,MANUFACTURES,Nicholas Burns,doc_42.txt_210
US,MANUFACTURES,US,doc_42.txt_210
US,MANUFACTURES,China,doc_42.txt_210
Nicholas Burns,MANUFACTURES,US,doc_42.txt_210
Nicholas Burns,MANUFACTURES,China,doc_42.txt_210
US,MANUFACTURES,China,doc_42.txt_210
White House,RELATED_TO,US,doc_42.txt_211
White House,RELATED_TO,SEC,doc_42.txt_211
White House,RELATED_TO,Confirms Xi-Biden Meeting,doc_42.txt_211
White House,RELATED_TO,San Francisco,doc_42.txt_211
US,RELATED_TO,SEC,doc_42.txt_211
US,RELATED_TO,Confirms Xi-Biden Meeting,doc_42.txt_211
US,RELATED_TO,San Francisco,doc_42.txt_211
SEC,RELATED_TO,Confirms Xi-Biden Meeting,doc_42.txt_211
SEC,RELATED_TO,San Francisco,doc_42.txt_211
Confirms Xi-Biden Meeting,RELATED_TO,San Francisco,doc_42.txt_211
White House,RELATED_TO,Joe Biden,doc_42.txt_212
White House,RELATED_TO,US,doc_42.txt_212
White House,RELATED_TO,SEC,doc_42.txt_212
White House,RELATED_TO,Xi Jinping,doc_42.txt_212
Joe Biden,RELATED_TO,US,doc_42.txt_212
Joe Biden,RELATED_TO,SEC,doc_42.txt_212
Joe Biden,RELATED_TO,Xi Jinping,doc_42.txt_212
US,RELATED_TO,SEC,doc_42.txt_212
US,RELATED_TO,Xi Jinping,doc_42.txt_212
SEC,RELATED_TO,Xi Jinping,doc_42.txt_212
The APEC Summit,RELATED_TO,US,doc_42.txt_213
The APEC Summit,RELATED_TO,Wang Yi’s,doc_42.txt_213
The APEC Summit,RELATED_TO,Washington DC,doc_42.txt_213
The APEC Summit,RELATED_TO,US,doc_42.txt_213
US,RELATED_TO,Wang Yi’s,doc_42.txt_213
US,RELATED_TO,Washington DC,doc_42.txt_213
US,RELATED_TO,US,doc_42.txt_213
Wang Yi’s,RELATED_TO,Washington DC,doc_42.txt_213
Wang Yi’s,RELATED_TO,US,doc_42.txt_213
Washington DC,RELATED_TO,US,doc_42.txt_213
US,RELATED_TO,the G20 Summit,doc_42.txt_214
US,RELATED_TO,Bali,doc_42.txt_214
US,RELATED_TO,US,doc_42.txt_214
US,RELATED_TO,Indonesia,doc_42.txt_214
the G20 Summit,RELATED_TO,Bali,doc_42.txt_214
the G20 Summit,RELATED_TO,US,doc_42.txt_214
the G20 Summit,RELATED_TO,Indonesia,doc_42.txt_214
Bali,RELATED_TO,US,doc_42.txt_214
Bali,RELATED_TO,Indonesia,doc_42.txt_214
US,RELATED_TO,Indonesia,doc_42.txt_214
Joe Biden,SURPASSED,US,doc_42.txt_215
Joe Biden,SURPASSED,Washington DC,doc_42.txt_215
Joe Biden,SURPASSED,US,doc_42.txt_215
Joe Biden,SURPASSED,Washington Visit,doc_42.txt_215
US,SURPASSED,Washington DC,doc_42.txt_215
US,SURPASSED,US,doc_42.txt_215
US,SURPASSED,Washington Visit,doc_42.txt_215
Washington DC,SURPASSED,US,doc_42.txt_215
Washington DC,SURPASSED,Washington Visit,doc_42.txt_215
US,SURPASSED,Washington Visit,doc_42.txt_215
San Francisco,RELATED_TO,Foreign Ministry,doc_42.txt_216
Wang,RELATED_TO,US,doc_42.txt_217
Wang,RELATED_TO,US,doc_42.txt_217
Wang,RELATED_TO,China’s Foreign Ministry,doc_42.txt_217
Wang,RELATED_TO,China,doc_42.txt_217
US,RELATED_TO,US,doc_42.txt_217
US,RELATED_TO,China’s Foreign Ministry,doc_42.txt_217
US,RELATED_TO,China,doc_42.txt_217
US,RELATED_TO,China’s Foreign Ministry,doc_42.txt_217
US,RELATED_TO,China,doc_42.txt_217
China’s Foreign Ministry,RELATED_TO,China,doc_42.txt_217
San Francisco,RELATED_TO,The Foreign Ministry,doc_42.txt_218
United States,RELATED_TO,US,doc_42.txt_219
United States,RELATED_TO,Biden,doc_42.txt_219
United States,RELATED_TO,the United States,doc_42.txt_219
United States,RELATED_TO,the White House,doc_42.txt_219
US,RELATED_TO,Biden,doc_42.txt_219
US,RELATED_TO,the United States,doc_42.txt_219
US,RELATED_TO,the White House,doc_42.txt_219
Biden,RELATED_TO,the United States,doc_42.txt_219
Biden,RELATED_TO,the White House,doc_42.txt_219
the United States,RELATED_TO,the White House,doc_42.txt_219
Wang,RELATED_TO,US,doc_42.txt_220
Wang,RELATED_TO,State,doc_42.txt_220
Wang,RELATED_TO,National Security Advisor,doc_42.txt_220
Wang,RELATED_TO,US,doc_42.txt_220
US,RELATED_TO,State,doc_42.txt_220
US,RELATED_TO,National Security Advisor,doc_42.txt_220
US,RELATED_TO,US,doc_42.txt_220
State,RELATED_TO,National Security Advisor,doc_42.txt_220
State,RELATED_TO,US,doc_42.txt_220
National Security Advisor,RELATED_TO,US,doc_42.txt_220
Wang,RELATED_TO,US,doc_42.txt_221
Wang,RELATED_TO,State,doc_42.txt_221
Wang,RELATED_TO,US,doc_42.txt_221
Wang,RELATED_TO,SEC,doc_42.txt_221
US,RELATED_TO,State,doc_42.txt_221
US,RELATED_TO,US,doc_42.txt_221
US,RELATED_TO,SEC,doc_42.txt_221
State,RELATED_TO,US,doc_42.txt_221
State,RELATED_TO,SEC,doc_42.txt_221
US,RELATED_TO,SEC,doc_42.txt_221
Xi Jinping Meets,RELATED_TO,Beijing,doc_42.txt_223
Xi Jinping Meets,RELATED_TO,US,doc_42.txt_223
Xi Jinping Meets,RELATED_TO,Advance China-US Cooperation on Climate Change,doc_42.txt_223
Xi Jinping Meets,RELATED_TO,US,doc_42.txt_223
Beijing,RELATED_TO,US,doc_42.txt_223
Beijing,RELATED_TO,Advance China-US Cooperation on Climate Change,doc_42.txt_223
Beijing,RELATED_TO,US,doc_42.txt_223
US,RELATED_TO,Advance China-US Cooperation on Climate Change,doc_42.txt_223
US,RELATED_TO,US,doc_42.txt_223
Advance China-US Cooperation on Climate Change,RELATED_TO,US,doc_42.txt_223
California Gavin Newsom,RELATED_TO,Zheng Shanjie,doc_42.txt_224
California Gavin Newsom,RELATED_TO,US,doc_42.txt_224
California Gavin Newsom,RELATED_TO,the National Development and Reform Commission,doc_42.txt_224
California Gavin Newsom,RELATED_TO,Han Zheng,doc_42.txt_224
Zheng Shanjie,RELATED_TO,US,doc_42.txt_224
Zheng Shanjie,RELATED_TO,the National Development and Reform Commission,doc_42.txt_224
Zheng Shanjie,RELATED_TO,Han Zheng,doc_42.txt_224
US,RELATED_TO,the National Development and Reform Commission,doc_42.txt_224
US,RELATED_TO,Han Zheng,doc_42.txt_224
the National Development and Reform Commission,RELATED_TO,Han Zheng,doc_42.txt_224
US,RELATED_TO,US,doc_42.txt_225
US,RELATED_TO,China,doc_42.txt_225
US,RELATED_TO,China,doc_42.txt_225
US,RELATED_TO,California,doc_42.txt_225
US,RELATED_TO,China,doc_42.txt_225
US,RELATED_TO,China,doc_42.txt_225
US,RELATED_TO,California,doc_42.txt_225
China,RELATED_TO,China,doc_42.txt_225
China,RELATED_TO,California,doc_42.txt_225
China,RELATED_TO,California,doc_42.txt_225
US,RELATED_TO,MFA,doc_42.txt_226
US,RELATED_TO,US,doc_42.txt_226
US,RELATED_TO,Newsom,doc_42.txt_226
US,RELATED_TO,China,doc_42.txt_226
MFA,RELATED_TO,US,doc_42.txt_226
MFA,RELATED_TO,Newsom,doc_42.txt_226
MFA,RELATED_TO,China,doc_42.txt_226
US,RELATED_TO,Newsom,doc_42.txt_226
US,RELATED_TO,China,doc_42.txt_226
Newsom,RELATED_TO,China,doc_42.txt_226
US,RELATED_TO,US,doc_42.txt_227
US,RELATED_TO,China,doc_42.txt_227
US,RELATED_TO,China,doc_42.txt_227
US,RELATED_TO,Chinese,doc_42.txt_227
US,RELATED_TO,China,doc_42.txt_227
US,RELATED_TO,China,doc_42.txt_227
US,RELATED_TO,Chinese,doc_42.txt_227
China,RELATED_TO,China,doc_42.txt_227
China,RELATED_TO,Chinese,doc_42.txt_227
China,RELATED_TO,Chinese,doc_42.txt_227
Biden,RELATED_TO,US,doc_42.txt_228
Biden,RELATED_TO,Washington,doc_42.txt_228
Biden,RELATED_TO,Wang Yi’s,doc_42.txt_228
Biden,RELATED_TO,MFA,doc_42.txt_228
US,RELATED_TO,Washington,doc_42.txt_228
US,RELATED_TO,Wang Yi’s,doc_42.txt_228
US,RELATED_TO,MFA,doc_42.txt_228
Washington,RELATED_TO,Wang Yi’s,doc_42.txt_228
Washington,RELATED_TO,MFA,doc_42.txt_228
Wang Yi’s,RELATED_TO,MFA,doc_42.txt_228
Wang,RELATED_TO,US,doc_42.txt_229
Wang,RELATED_TO,the US Department of State,doc_42.txt_229
Wang,RELATED_TO,US,doc_42.txt_229
Wang,RELATED_TO,APEC Summit,doc_42.txt_229
US,RELATED_TO,the US Department of State,doc_42.txt_229
US,RELATED_TO,US,doc_42.txt_229
US,RELATED_TO,APEC Summit,doc_42.txt_229
the US Department of State,RELATED_TO,US,doc_42.txt_229
the US Department of State,RELATED_TO,APEC Summit,doc_42.txt_229
US,RELATED_TO,APEC Summit,doc_42.txt_229
the US Department of Commerce,RELATED_TO,US,doc_42.txt_230
the US Department of Commerce,RELATED_TO,US,doc_42.txt_230
the US Department of Commerce,RELATED_TO,SEC,doc_42.txt_230
the US Department of Commerce,RELATED_TO,EPA,doc_42.txt_230
US,RELATED_TO,US,doc_42.txt_230
US,RELATED_TO,SEC,doc_42.txt_230
US,RELATED_TO,EPA,doc_42.txt_230
US,RELATED_TO,SEC,doc_42.txt_230
US,RELATED_TO,EPA,doc_42.txt_230
SEC,RELATED_TO,EPA,doc_42.txt_230
US,RELATED_TO,PRC,doc_42.txt_232
US,LOCATED_IN,US,doc_42.txt_233
US,RELATED_TO,US,doc_42.txt_234
US,RELATED_TO,The Expansion of Export Controls on Semiconductor Manufacturing Items,doc_42.txt_234
US,RELATED_TO,Chinese,doc_42.txt_234
US,RELATED_TO,SME,doc_42.txt_234
US,RELATED_TO,The Expansion of Export Controls on Semiconductor Manufacturing Items,doc_42.txt_234
US,RELATED_TO,Chinese,doc_42.txt_234
US,RELATED_TO,SME,doc_42.txt_234
The Expansion of Export Controls on Semiconductor Manufacturing Items,RELATED_TO,Chinese,doc_42.txt_234
The Expansion of Export Controls on Semiconductor Manufacturing Items,RELATED_TO,SME,doc_42.txt_234
Chinese,RELATED_TO,SME,doc_42.txt_234
US,RELATED_TO,US,doc_42.txt_235
US,RELATED_TO,SEC,doc_42.txt_235
US,RELATED_TO,BIS,doc_42.txt_235
US,RELATED_TO,Chinese,doc_42.txt_235
US,RELATED_TO,SEC,doc_42.txt_235
US,RELATED_TO,BIS,doc_42.txt_235
US,RELATED_TO,Chinese,doc_42.txt_235
SEC,RELATED_TO,BIS,doc_42.txt_235
SEC,RELATED_TO,Chinese,doc_42.txt_235
BIS,RELATED_TO,Chinese,doc_42.txt_235
China,MANUFACTURES,China,doc_42.txt_236
China,MANUFACTURES,Nvidia,doc_42.txt_236
China,MANUFACTURES,Nvidia,doc_42.txt_236
US,RELATED_TO,the Chinese Ministry of Commerce,doc_42.txt_237
US,RELATED_TO,US,doc_42.txt_237
US,RELATED_TO,SEC,doc_42.txt_237
US,RELATED_TO,China,doc_42.txt_237
the Chinese Ministry of Commerce,RELATED_TO,US,doc_42.txt_237
the Chinese Ministry of Commerce,RELATED_TO,SEC,doc_42.txt_237
the Chinese Ministry of Commerce,RELATED_TO,China,doc_42.txt_237
US,RELATED_TO,SEC,doc_42.txt_237
US,RELATED_TO,China,doc_42.txt_237
SEC,RELATED_TO,China,doc_42.txt_237
Xi Jinping Meets,LED_BY,Beijing,doc_42.txt_238
Xi Jinping Meets,LED_BY,US,doc_42.txt_238
Xi Jinping Meets,LED_BY,Senate,doc_42.txt_238
Xi Jinping Meets,LED_BY,US,doc_42.txt_238
Beijing,LED_BY,US,doc_42.txt_238
Beijing,LED_BY,Senate,doc_42.txt_238
Beijing,LED_BY,US,doc_42.txt_238
US,LED_BY,Senate,doc_42.txt_238
US,LED_BY,US,doc_42.txt_238
Senate,LED_BY,US,doc_42.txt_238
US,RELATED_TO,United States,doc_42.txt_239
US,RELATED_TO,US,doc_42.txt_239
US,RELATED_TO,Xinhua News,doc_42.txt_239
US,RELATED_TO,Wang Yi,doc_42.txt_239
United States,RELATED_TO,US,doc_42.txt_239
United States,RELATED_TO,Xinhua News,doc_42.txt_239
United States,RELATED_TO,Wang Yi,doc_42.txt_239
US,RELATED_TO,Xinhua News,doc_42.txt_239
US,RELATED_TO,Wang Yi,doc_42.txt_239
Xinhua News,RELATED_TO,Wang Yi,doc_42.txt_239
the US Congress,MANUFACTURES,US,doc_42.txt_240
the US Congress,MANUFACTURES,Sino-US,doc_42.txt_240
the US Congress,MANUFACTURES,China,doc_42.txt_240
the US Congress,MANUFACTURES,China,doc_42.txt_240
US,MANUFACTURES,Sino-US,doc_42.txt_240
US,MANUFACTURES,China,doc_42.txt_240
US,MANUFACTURES,China,doc_42.txt_240
Sino-US,MANUFACTURES,China,doc_42.txt_240
Sino-US,MANUFACTURES,China,doc_42.txt_240
China,MANUFACTURES,China,doc_42.txt_240
US,RELATED_TO,US,doc_42.txt_241
US,RELATED_TO,EPA,doc_42.txt_241
US,RELATED_TO,America,doc_42.txt_241
US,RELATED_TO,Wang Yi,doc_42.txt_241
US,RELATED_TO,EPA,doc_42.txt_241
US,RELATED_TO,America,doc_42.txt_241
US,RELATED_TO,Wang Yi,doc_42.txt_241
EPA,RELATED_TO,America,doc_42.txt_241
EPA,RELATED_TO,Wang Yi,doc_42.txt_241
America,RELATED_TO,Wang Yi,doc_42.txt_241
Joe Biden,RELATED_TO,Wang,doc_42.txt_242
Joe Biden,RELATED_TO,US,doc_42.txt_242
Joe Biden,RELATED_TO,United States,doc_42.txt_242
Joe Biden,RELATED_TO,US,doc_42.txt_242
Wang,RELATED_TO,US,doc_42.txt_242
Wang,RELATED_TO,United States,doc_42.txt_242
Wang,RELATED_TO,US,doc_42.txt_242
US,RELATED_TO,United States,doc_42.txt_242
US,RELATED_TO,US,doc_42.txt_242
United States,RELATED_TO,US,doc_42.txt_242
the Shanghai Communist Party,MANUFACTURES,US,doc_42.txt_243
the Shanghai Communist Party,MANUFACTURES,US,doc_42.txt_243
the Shanghai Communist Party,MANUFACTURES,SEC,doc_42.txt_243
the Shanghai Communist Party,MANUFACTURES,Shanghai,doc_42.txt_243
US,MANUFACTURES,US,doc_42.txt_243
US,MANUFACTURES,SEC,doc_42.txt_243
US,MANUFACTURES,Shanghai,doc_42.txt_243
US,MANUFACTURES,SEC,doc_42.txt_243
US,MANUFACTURES,Shanghai,doc_42.txt_243
SEC,MANUFACTURES,Shanghai,doc_42.txt_243
US,RELATED_TO,US,doc_42.txt_244
US,RELATED_TO,Shanghai,doc_42.txt_244
US,RELATED_TO,China,doc_42.txt_244
US,RELATED_TO,China,doc_42.txt_244
US,RELATED_TO,Shanghai,doc_42.txt_244
US,RELATED_TO,China,doc_42.txt_244
US,RELATED_TO,China,doc_42.txt_244
Shanghai,RELATED_TO,China,doc_42.txt_244
Shanghai,RELATED_TO,China,doc_42.txt_244
China,RELATED_TO,China,doc_42.txt_244
US,RELATED_TO,US,doc_42.txt_245
US,RELATED_TO,DOE,doc_42.txt_245
US,RELATED_TO,Shanghai,doc_42.txt_245
US,RELATED_TO,Reuters,doc_42.txt_245
US,RELATED_TO,DOE,doc_42.txt_245
US,RELATED_TO,Shanghai,doc_42.txt_245
US,RELATED_TO,Reuters,doc_42.txt_245
DOE,RELATED_TO,Shanghai,doc_42.txt_245
DOE,RELATED_TO,Reuters,doc_42.txt_245
Shanghai,RELATED_TO,Reuters,doc_42.txt_245
Xi’an,RELATED_TO,the US Department of Commerce,doc_42.txt_247
Xi’an,RELATED_TO,US Commerce Department,doc_42.txt_247
Xi’an,RELATED_TO,US,doc_42.txt_247
Xi’an,RELATED_TO,SEC,doc_42.txt_247
the US Department of Commerce,RELATED_TO,US Commerce Department,doc_42.txt_247
the US Department of Commerce,RELATED_TO,US,doc_42.txt_247
the US Department of Commerce,RELATED_TO,SEC,doc_42.txt_247
US Commerce Department,RELATED_TO,US,doc_42.txt_247
US Commerce Department,RELATED_TO,SEC,doc_42.txt_247
US,RELATED_TO,SEC,doc_42.txt_247
US,RELATED_TO,US,doc_42.txt_248
US,RELATED_TO,SEC,doc_42.txt_248
US,RELATED_TO,Russian,doc_42.txt_248
US,RELATED_TO,Russia,doc_42.txt_248
US,RELATED_TO,SEC,doc_42.txt_248
US,RELATED_TO,Russian,doc_42.txt_248
US,RELATED_TO,Russia,doc_42.txt_248
SEC,RELATED_TO,Russian,doc_42.txt_248
SEC,RELATED_TO,Russia,doc_42.txt_248
Russian,RELATED_TO,Russia,doc_42.txt_248
US,RELATED_TO,Ministry of Commerce,doc_42.txt_249
US,RELATED_TO,US,doc_42.txt_249
US,RELATED_TO,China,doc_42.txt_249
US,RELATED_TO,China,doc_42.txt_249
Ministry of Commerce,RELATED_TO,US,doc_42.txt_249
Ministry of Commerce,RELATED_TO,China,doc_42.txt_249
Ministry of Commerce,RELATED_TO,China,doc_42.txt_249
US,RELATED_TO,China,doc_42.txt_249
US,RELATED_TO,China,doc_42.txt_249
China,RELATED_TO,China,doc_42.txt_249
Beijing,RELATED_TO,Chinese Ministry of Finance,doc_42.txt_250
Beijing,RELATED_TO,The US Treasury Department,doc_42.txt_250
Beijing,RELATED_TO,Economic Working Group,doc_42.txt_250
Beijing,RELATED_TO,US Treasury,doc_42.txt_250
Chinese Ministry of Finance,RELATED_TO,The US Treasury Department,doc_42.txt_250
Chinese Ministry of Finance,RELATED_TO,Economic Working Group,doc_42.txt_250
Chinese Ministry of Finance,RELATED_TO,US Treasury,doc_42.txt_250
The US Treasury Department,RELATED_TO,Economic Working Group,doc_42.txt_250
The US Treasury Department,RELATED_TO,US Treasury,doc_42.txt_250
Economic Working Group,RELATED_TO,US Treasury,doc_42.txt_250
the US Treasury Department,RELATED_TO,Yellen,doc_42.txt_251
the US Treasury Department,RELATED_TO,He Lifeng,doc_42.txt_251
the US Treasury Department,RELATED_TO,US,doc_42.txt_251
the US Treasury Department,RELATED_TO,SEC,doc_42.txt_251
Yellen,RELATED_TO,He Lifeng,doc_42.txt_251
Yellen,RELATED_TO,US,doc_42.txt_251
Yellen,RELATED_TO,SEC,doc_42.txt_251
He Lifeng,RELATED_TO,US,doc_42.txt_251
He Lifeng,RELATED_TO,SEC,doc_42.txt_251
US,RELATED_TO,SEC,doc_42.txt_251
US,MANUFACTURES,US,doc_42.txt_253
US,MANUFACTURES,Biden,doc_42.txt_253
US,MANUFACTURES,China,doc_42.txt_253
US,MANUFACTURES,China,doc_42.txt_253
US,MANUFACTURES,Biden,doc_42.txt_253
US,MANUFACTURES,China,doc_42.txt_253
US,MANUFACTURES,China,doc_42.txt_253
Biden,MANUFACTURES,China,doc_42.txt_253
Biden,MANUFACTURES,China,doc_42.txt_253
China,MANUFACTURES,China,doc_42.txt_253
US,RELATED_TO,State,doc_42.txt_254
US,RELATED_TO,Han Zheng,doc_42.txt_254
US,RELATED_TO,National Security Advisor,doc_42.txt_254
US,RELATED_TO,SEC,doc_42.txt_254
State,RELATED_TO,Han Zheng,doc_42.txt_254
State,RELATED_TO,National Security Advisor,doc_42.txt_254
State,RELATED_TO,SEC,doc_42.txt_254
Han Zheng,RELATED_TO,National Security Advisor,doc_42.txt_254
Han Zheng,RELATED_TO,SEC,doc_42.txt_254
National Security Advisor,RELATED_TO,SEC,doc_42.txt_254
US,RELATED_TO,United States,doc_42.txt_255
US,RELATED_TO,MFA,doc_42.txt_255
US,RELATED_TO,US,doc_42.txt_255
US,RELATED_TO,DPRK,doc_42.txt_255
United States,RELATED_TO,MFA,doc_42.txt_255
United States,RELATED_TO,US,doc_42.txt_255
United States,RELATED_TO,DPRK,doc_42.txt_255
MFA,RELATED_TO,US,doc_42.txt_255
MFA,RELATED_TO,DPRK,doc_42.txt_255
US,RELATED_TO,DPRK,doc_42.txt_255
US,RELATED_TO,the United States,doc_42.txt_256
US,RELATED_TO,US,doc_42.txt_256
US,RELATED_TO,United States,doc_42.txt_256
the United States,RELATED_TO,US,doc_42.txt_256
the United States,RELATED_TO,United States,doc_42.txt_256
US,RELATED_TO,United States,doc_42.txt_256
the Ministry of Foreign Affairs,RELATED_TO,US,doc_42.txt_257
the Ministry of Foreign Affairs,RELATED_TO,United States,doc_42.txt_257
the Ministry of Foreign Affairs,RELATED_TO,MFA,doc_42.txt_257
the Ministry of Foreign Affairs,RELATED_TO,US,doc_42.txt_257
US,RELATED_TO,United States,doc_42.txt_257
US,RELATED_TO,MFA,doc_42.txt_257
US,RELATED_TO,US,doc_42.txt_257
United States,RELATED_TO,MFA,doc_42.txt_257
United States,RELATED_TO,US,doc_42.txt_257
MFA,RELATED_TO,US,doc_42.txt_257
US,RELATED_TO,Bali,doc_42.txt_258
US,RELATED_TO,US,doc_42.txt_258
US,RELATED_TO,Biden,doc_42.txt_258
US,RELATED_TO,Chinese,doc_42.txt_258
Bali,RELATED_TO,US,doc_42.txt_258
Bali,RELATED_TO,Biden,doc_42.txt_258
Bali,RELATED_TO,Chinese,doc_42.txt_258
US,RELATED_TO,Biden,doc_42.txt_258
US,RELATED_TO,Chinese,doc_42.txt_258
Biden,RELATED_TO,Chinese,doc_42.txt_258
Vienna,RELATED_TO,Malta,doc_42.txt_259
Vienna,RELATED_TO,US,doc_42.txt_259
Vienna,RELATED_TO,SEC,doc_42.txt_259
Vienna,RELATED_TO,Jake Sullivan,doc_42.txt_259
Malta,RELATED_TO,US,doc_42.txt_259
Malta,RELATED_TO,SEC,doc_42.txt_259
Malta,RELATED_TO,Jake Sullivan,doc_42.txt_259
US,RELATED_TO,SEC,doc_42.txt_259
US,RELATED_TO,Jake Sullivan,doc_42.txt_259
SEC,RELATED_TO,Jake Sullivan,doc_42.txt_259
White House,RELATED_TO,the Ministry of Foreign Affairs,doc_42.txt_260
White House,RELATED_TO,US,doc_42.txt_260
White House,RELATED_TO,MFA,doc_42.txt_260
White House,RELATED_TO,US,doc_42.txt_260
the Ministry of Foreign Affairs,RELATED_TO,US,doc_42.txt_260
the Ministry of Foreign Affairs,RELATED_TO,MFA,doc_42.txt_260
the Ministry of Foreign Affairs,RELATED_TO,US,doc_42.txt_260
US,RELATED_TO,MFA,doc_42.txt_260
US,RELATED_TO,US,doc_42.txt_260
MFA,RELATED_TO,US,doc_42.txt_260
Wang,RELATED_TO,US,doc_42.txt_261
Wang,RELATED_TO,MFA,doc_42.txt_261
Wang,RELATED_TO,US,doc_42.txt_261
Wang,RELATED_TO,Sino-US,doc_42.txt_261
US,RELATED_TO,MFA,doc_42.txt_261
US,RELATED_TO,US,doc_42.txt_261
US,RELATED_TO,Sino-US,doc_42.txt_261
MFA,RELATED_TO,US,doc_42.txt_261
MFA,RELATED_TO,Sino-US,doc_42.txt_261
US,RELATED_TO,Sino-US,doc_42.txt_261
US,RELATED_TO,Sino-US,doc_42.txt_262
Joe Biden,RELATED_TO,US,doc_42.txt_263
Joe Biden,RELATED_TO,the G20 Summit,doc_42.txt_263
Joe Biden,RELATED_TO,Bali,doc_42.txt_263
Joe Biden,RELATED_TO,US,doc_42.txt_263
US,RELATED_TO,the G20 Summit,doc_42.txt_263
US,RELATED_TO,Bali,doc_42.txt_263
US,RELATED_TO,US,doc_42.txt_263
the G20 Summit,RELATED_TO,Bali,doc_42.txt_263
the G20 Summit,RELATED_TO,US,doc_42.txt_263
Bali,RELATED_TO,US,doc_42.txt_263
US,RELATED_TO,Biden,doc_42.txt_264
US,RELATED_TO,US,doc_42.txt_264
US,RELATED_TO,Xi Jinping,doc_42.txt_264
US,RELATED_TO,Biden,doc_42.txt_264
Biden,RELATED_TO,US,doc_42.txt_264
Biden,RELATED_TO,Xi Jinping,doc_42.txt_264
Biden,RELATED_TO,Biden,doc_42.txt_264
US,RELATED_TO,Xi Jinping,doc_42.txt_264
US,RELATED_TO,Biden,doc_42.txt_264
Xi Jinping,RELATED_TO,Biden,doc_42.txt_264
US,RELATED_TO,Mao,doc_42.txt_265
US,RELATED_TO,US,doc_42.txt_265
US,RELATED_TO,Biden,doc_42.txt_265
US,RELATED_TO,AFP,doc_42.txt_265
Mao,RELATED_TO,US,doc_42.txt_265
Mao,RELATED_TO,Biden,doc_42.txt_265
Mao,RELATED_TO,AFP,doc_42.txt_265
US,RELATED_TO,Biden,doc_42.txt_265
US,RELATED_TO,AFP,doc_42.txt_265
Biden,RELATED_TO,AFP,doc_42.txt_265
US,RELATED_TO,US,doc_42.txt_266
US,RELATED_TO,the Chinese Foreign Ministry,doc_42.txt_266
US,RELATED_TO,Biden,doc_42.txt_266
US,RELATED_TO,the White House,doc_42.txt_266
US,RELATED_TO,the Chinese Foreign Ministry,doc_42.txt_266
US,RELATED_TO,Biden,doc_42.txt_266
US,RELATED_TO,the White House,doc_42.txt_266
the Chinese Foreign Ministry,RELATED_TO,Biden,doc_42.txt_266
the Chinese Foreign Ministry,RELATED_TO,the White House,doc_42.txt_266
Biden,RELATED_TO,the White House,doc_42.txt_266
Beijing,RELATED_TO,US,doc_42.txt_267
Beijing,RELATED_TO,Commerce Gina Raimondo,doc_42.txt_267
Beijing,RELATED_TO,US,doc_42.txt_267
Beijing,RELATED_TO,SEC,doc_42.txt_267
US,RELATED_TO,Commerce Gina Raimondo,doc_42.txt_267
US,RELATED_TO,US,doc_42.txt_267
US,RELATED_TO,SEC,doc_42.txt_267
Commerce Gina Raimondo,RELATED_TO,US,doc_42.txt_267
Commerce Gina Raimondo,RELATED_TO,SEC,doc_42.txt_267
US,RELATED_TO,SEC,doc_42.txt_267
US,RELATED_TO,the Chinese Ministry of Commerce,doc_42.txt_268
US,RELATED_TO,US,doc_42.txt_268
US,RELATED_TO,SEC,doc_42.txt_268
US,RELATED_TO,Wang,doc_42.txt_268
the Chinese Ministry of Commerce,RELATED_TO,US,doc_42.txt_268
the Chinese Ministry of Commerce,RELATED_TO,SEC,doc_42.txt_268
the Chinese Ministry of Commerce,RELATED_TO,Wang,doc_42.txt_268
US,RELATED_TO,SEC,doc_42.txt_268
US,RELATED_TO,Wang,doc_42.txt_268
SEC,RELATED_TO,Wang,doc_42.txt_268
the US Department of Commerce,RELATED_TO,US,doc_42.txt_269
the US Department of Commerce,RELATED_TO,US,doc_42.txt_269
the US Department of Commerce,RELATED_TO,SEC,doc_42.txt_269
the US Department of Commerce,RELATED_TO,EPA,doc_42.txt_269
US,RELATED_TO,US,doc_42.txt_269
US,RELATED_TO,SEC,doc_42.txt_269
US,RELATED_TO,EPA,doc_42.txt_269
US,RELATED_TO,SEC,doc_42.txt_269
US,RELATED_TO,EPA,doc_42.txt_269
SEC,RELATED_TO,EPA,doc_42.txt_269
Wang,RELATED_TO,Raimondo,doc_42.txt_270
Trump,RELATED_TO,US,doc_42.txt_271
Trump,RELATED_TO,US,doc_42.txt_271
Trump,RELATED_TO,SEC,doc_42.txt_271
Trump,RELATED_TO,China,doc_42.txt_271
US,RELATED_TO,US,doc_42.txt_271
US,RELATED_TO,SEC,doc_42.txt_271
US,RELATED_TO,China,doc_42.txt_271
US,RELATED_TO,SEC,doc_42.txt_271
US,RELATED_TO,China,doc_42.txt_271
SEC,RELATED_TO,China,doc_42.txt_271
Joe Biden,SURPASSED,Beijing,doc_42.txt_272
Joe Biden,SURPASSED,US,doc_42.txt_272
Joe Biden,SURPASSED,Raimondo,doc_42.txt_272
Joe Biden,SURPASSED,US,doc_42.txt_272
Beijing,SURPASSED,US,doc_42.txt_272
Beijing,SURPASSED,Raimondo,doc_42.txt_272
Beijing,SURPASSED,US,doc_42.txt_272
US,SURPASSED,Raimondo,doc_42.txt_272
US,SURPASSED,US,doc_42.txt_272
Raimondo,SURPASSED,US,doc_42.txt_272
Beijing,SURPASSED,US,doc_42.txt_273
Beijing,SURPASSED,Commerce Gina Raimondo,doc_42.txt_273
Beijing,SURPASSED,US,doc_42.txt_273
Beijing,SURPASSED,SEC,doc_42.txt_273
US,SURPASSED,Commerce Gina Raimondo,doc_42.txt_273
US,SURPASSED,US,doc_42.txt_273
US,SURPASSED,SEC,doc_42.txt_273
Commerce Gina Raimondo,SURPASSED,US,doc_42.txt_273
Commerce Gina Raimondo,SURPASSED,SEC,doc_42.txt_273
US,SURPASSED,SEC,doc_42.txt_273
the US Department of Commerce,RELATED_TO,US,doc_42.txt_274
the US Department of Commerce,RELATED_TO,United States,doc_42.txt_274
the US Department of Commerce,RELATED_TO,Raimondo,doc_42.txt_274
the US Department of Commerce,RELATED_TO,US,doc_42.txt_274
US,RELATED_TO,United States,doc_42.txt_274
US,RELATED_TO,Raimondo,doc_42.txt_274
US,RELATED_TO,US,doc_42.txt_274
United States,RELATED_TO,Raimondo,doc_42.txt_274
United States,RELATED_TO,US,doc_42.txt_274
Raimondo,RELATED_TO,US,doc_42.txt_274
US,MANUFACTURES,the Chinese Embassy,doc_42.txt_275
US,MANUFACTURES,US,doc_42.txt_275
US,MANUFACTURES,Xie,doc_42.txt_275
US,MANUFACTURES,China,doc_42.txt_275
the Chinese Embassy,MANUFACTURES,US,doc_42.txt_275
the Chinese Embassy,MANUFACTURES,Xie,doc_42.txt_275
the Chinese Embassy,MANUFACTURES,China,doc_42.txt_275
US,MANUFACTURES,Xie,doc_42.txt_275
US,MANUFACTURES,China,doc_42.txt_275
Xie,MANUFACTURES,China,doc_42.txt_275
US,RELATED_TO,US Lifts Export Restrictions,doc_42.txt_276
US,RELATED_TO,Chinese,doc_42.txt_276
US Lifts Export Restrictions,RELATED_TO,Chinese,doc_42.txt_276
US,RELATED_TO,US,doc_42.txt_277
US,RELATED_TO,the “Unverified List,doc_42.txt_277
US,RELATED_TO,SEC,doc_42.txt_277
US,RELATED_TO,EPA,doc_42.txt_277
US,RELATED_TO,the “Unverified List,doc_42.txt_277
US,RELATED_TO,SEC,doc_42.txt_277
US,RELATED_TO,EPA,doc_42.txt_277
the “Unverified List,RELATED_TO,SEC,doc_42.txt_277
the “Unverified List,RELATED_TO,EPA,doc_42.txt_277
SEC,RELATED_TO,EPA,doc_42.txt_277
US,RELATED_TO,BIS,doc_42.txt_278
US,RELATED_TO,EAR,doc_42.txt_278
BIS,RELATED_TO,EAR,doc_42.txt_278
Beijing Zhonghehangxun Technology,RELATED_TO,the Unverified List,doc_42.txt_279
Beijing Zhonghehangxun Technology,RELATED_TO,US,doc_42.txt_279
Beijing Zhonghehangxun Technology,RELATED_TO,US,doc_42.txt_279
Beijing Zhonghehangxun Technology,RELATED_TO,BIS,doc_42.txt_279
the Unverified List,RELATED_TO,US,doc_42.txt_279
the Unverified List,RELATED_TO,US,doc_42.txt_279
the Unverified List,RELATED_TO,BIS,doc_42.txt_279
US,RELATED_TO,US,doc_42.txt_279
US,RELATED_TO,BIS,doc_42.txt_279
US,RELATED_TO,BIS,doc_42.txt_279
Beijing,SURPASSED,US,doc_42.txt_280
Beijing,SURPASSED,Commerce Gina Raimondo,doc_42.txt_280
Beijing,SURPASSED,US,doc_42.txt_280
Beijing,SURPASSED,SEC,doc_42.txt_280
US,SURPASSED,Commerce Gina Raimondo,doc_42.txt_280
US,SURPASSED,US,doc_42.txt_280
US,SURPASSED,SEC,doc_42.txt_280
Commerce Gina Raimondo,SURPASSED,US,doc_42.txt_280
Commerce Gina Raimondo,SURPASSED,SEC,doc_42.txt_280
US,SURPASSED,SEC,doc_42.txt_280
US,RELATED_TO,United States,doc_42.txt_281
US,RELATED_TO,the US Department,doc_42.txt_281
US,RELATED_TO,the “Outbound Investment Program,doc_42.txt_281
US,RELATED_TO,US,doc_42.txt_281
United States,RELATED_TO,the US Department,doc_42.txt_281
United States,RELATED_TO,the “Outbound Investment Program,doc_42.txt_281
United States,RELATED_TO,US,doc_42.txt_281
the US Department,RELATED_TO,the “Outbound Investment Program,doc_42.txt_281
the US Department,RELATED_TO,US,doc_42.txt_281
the “Outbound Investment Program,RELATED_TO,US,doc_42.txt_281
China,RELATED_TO,China,doc_42.txt_282
China,RELATED_TO,the Special Administrative Regions of Hong Kong,doc_42.txt_282
China,RELATED_TO,Macao,doc_42.txt_282
China,RELATED_TO,the Special Administrative Regions of Hong Kong,doc_42.txt_282
China,RELATED_TO,Macao,doc_42.txt_282
the Special Administrative Regions of Hong Kong,RELATED_TO,Macao,doc_42.txt_282
the “Advance Notice of Proposed Rulemaking,RELATED_TO,US,doc_42.txt_283
the “Advance Notice of Proposed Rulemaking,RELATED_TO,ANPRM,doc_42.txt_283
the “Advance Notice of Proposed Rulemaking,RELATED_TO,EO,doc_42.txt_283
the “Advance Notice of Proposed Rulemaking,RELATED_TO,Treasury,doc_42.txt_283
US,RELATED_TO,ANPRM,doc_42.txt_283
US,RELATED_TO,EO,doc_42.txt_283
US,RELATED_TO,Treasury,doc_42.txt_283
ANPRM,RELATED_TO,EO,doc_42.txt_283
ANPRM,RELATED_TO,Treasury,doc_42.txt_283
EO,RELATED_TO,Treasury,doc_42.txt_283
US,RELATED_TO,US,doc_42.txt_285
US,RELATED_TO,SEC,doc_42.txt_285
US,RELATED_TO,PRC,doc_42.txt_285
US,RELATED_TO,China,doc_42.txt_285
US,RELATED_TO,SEC,doc_42.txt_285
US,RELATED_TO,PRC,doc_42.txt_285
US,RELATED_TO,China,doc_42.txt_285
SEC,RELATED_TO,PRC,doc_42.txt_285
SEC,RELATED_TO,China,doc_42.txt_285
PRC,RELATED_TO,China,doc_42.txt_285
US,RELATED_TO,US,doc_42.txt_286
US,RELATED_TO,Biden,doc_42.txt_286
US,RELATED_TO,China,doc_42.txt_286
US,RELATED_TO,China,doc_42.txt_286
US,RELATED_TO,Biden,doc_42.txt_286
US,RELATED_TO,China,doc_42.txt_286
US,RELATED_TO,China,doc_42.txt_286
Biden,RELATED_TO,China,doc_42.txt_286
Biden,RELATED_TO,China,doc_42.txt_286
China,RELATED_TO,China,doc_42.txt_286
US,RELATED_TO,China,doc_42.txt_287
US,RELATED_TO,US,doc_42.txt_287
US,RELATED_TO,China,doc_42.txt_287
China,RELATED_TO,US,doc_42.txt_287
China,RELATED_TO,China,doc_42.txt_287
US,RELATED_TO,China,doc_42.txt_287
US,RELATED_TO,China,doc_42.txt_288
US,RELATED_TO,China,doc_42.txt_288
US,RELATED_TO,Biden,doc_42.txt_288
China,RELATED_TO,China,doc_42.txt_288
China,RELATED_TO,Biden,doc_42.txt_288
China,RELATED_TO,Biden,doc_42.txt_288
Beijing,RELATED_TO,US,doc_42.txt_289
Beijing,RELATED_TO,State,doc_42.txt_289
Beijing,RELATED_TO,Henry Kissinger,doc_42.txt_289
Beijing,RELATED_TO,SEC,doc_42.txt_289
US,RELATED_TO,State,doc_42.txt_289
US,RELATED_TO,Henry Kissinger,doc_42.txt_289
US,RELATED_TO,SEC,doc_42.txt_289
State,RELATED_TO,Henry Kissinger,doc_42.txt_289
State,RELATED_TO,SEC,doc_42.txt_289
Henry Kissinger,RELATED_TO,SEC,doc_42.txt_289
the Ministry of Foreign Affairs,RELATED_TO,Kissinger,doc_42.txt_290
the Ministry of Foreign Affairs,RELATED_TO,US,doc_42.txt_290
the Ministry of Foreign Affairs,RELATED_TO,MFA,doc_42.txt_290
the Ministry of Foreign Affairs,RELATED_TO,US,doc_42.txt_290
Kissinger,RELATED_TO,US,doc_42.txt_290
Kissinger,RELATED_TO,MFA,doc_42.txt_290
Kissinger,RELATED_TO,US,doc_42.txt_290
US,RELATED_TO,MFA,doc_42.txt_290
US,RELATED_TO,US,doc_42.txt_290
MFA,RELATED_TO,US,doc_42.txt_290
US,RELATED_TO,Chia-US,doc_42.txt_291
US,RELATED_TO,US,doc_42.txt_291
US,RELATED_TO,China,doc_42.txt_291
US,RELATED_TO,China,doc_42.txt_291
Chia-US,RELATED_TO,US,doc_42.txt_291
Chia-US,RELATED_TO,China,doc_42.txt_291
Chia-US,RELATED_TO,China,doc_42.txt_291
US,RELATED_TO,China,doc_42.txt_291
US,RELATED_TO,China,doc_42.txt_291
China,RELATED_TO,China,doc_42.txt_291
Kissinger,MANUFACTURES,US,doc_42.txt_292
Kissinger,MANUFACTURES,US,doc_42.txt_292
Kissinger,MANUFACTURES,China,doc_42.txt_292
Kissinger,MANUFACTURES,China,doc_42.txt_292
US,MANUFACTURES,US,doc_42.txt_292
US,MANUFACTURES,China,doc_42.txt_292
US,MANUFACTURES,China,doc_42.txt_292
US,MANUFACTURES,China,doc_42.txt_292
US,MANUFACTURES,China,doc_42.txt_292
China,MANUFACTURES,China,doc_42.txt_292
Kissinger,RELATED_TO,US,doc_42.txt_293
Kissinger,RELATED_TO,US,doc_42.txt_293
Kissinger,RELATED_TO,American,doc_42.txt_293
Kissinger,RELATED_TO,China,doc_42.txt_293
US,RELATED_TO,US,doc_42.txt_293
US,RELATED_TO,American,doc_42.txt_293
US,RELATED_TO,China,doc_42.txt_293
US,RELATED_TO,American,doc_42.txt_293
US,RELATED_TO,China,doc_42.txt_293
American,RELATED_TO,China,doc_42.txt_293
Kissinger,RELATED_TO,US,doc_42.txt_294
Kissinger,RELATED_TO,Washington,doc_42.txt_294
Kissinger,RELATED_TO,US,doc_42.txt_294
Kissinger,RELATED_TO,China,doc_42.txt_294
US,RELATED_TO,Washington,doc_42.txt_294
US,RELATED_TO,US,doc_42.txt_294
US,RELATED_TO,China,doc_42.txt_294
Washington,RELATED_TO,US,doc_42.txt_294
Washington,RELATED_TO,China,doc_42.txt_294
US,RELATED_TO,China,doc_42.txt_294
Beijing,RELATED_TO,US,doc_42.txt_295
Beijing,RELATED_TO,State,doc_42.txt_295
Beijing,RELATED_TO,US,doc_42.txt_295
Beijing,RELATED_TO,SEC,doc_42.txt_295
US,RELATED_TO,State,doc_42.txt_295
US,RELATED_TO,US,doc_42.txt_295
US,RELATED_TO,SEC,doc_42.txt_295
State,RELATED_TO,US,doc_42.txt_295
State,RELATED_TO,SEC,doc_42.txt_295
US,RELATED_TO,SEC,doc_42.txt_295
The Chinese Ministry of Defense,RELATED_TO,John Kerry,doc_42.txt_296
The Chinese Ministry of Defense,RELATED_TO,Beijing,doc_42.txt_296
The Chinese Ministry of Defense,RELATED_TO,US,doc_42.txt_296
The Chinese Ministry of Defense,RELATED_TO,Henry Kissinger,doc_42.txt_296
John Kerry,RELATED_TO,Beijing,doc_42.txt_296
John Kerry,RELATED_TO,US,doc_42.txt_296
John Kerry,RELATED_TO,Henry Kissinger,doc_42.txt_296
Beijing,RELATED_TO,US,doc_42.txt_296
Beijing,RELATED_TO,Henry Kissinger,doc_42.txt_296
US,RELATED_TO,Henry Kissinger,doc_42.txt_296
Kissinger,RELATED_TO,US,doc_42.txt_297
Kissinger,RELATED_TO,US,doc_42.txt_297
Kissinger,RELATED_TO,China,doc_42.txt_297
Kissinger,RELATED_TO,Li,doc_42.txt_297
US,RELATED_TO,US,doc_42.txt_297
US,RELATED_TO,China,doc_42.txt_297
US,RELATED_TO,Li,doc_42.txt_297
US,RELATED_TO,China,doc_42.txt_297
US,RELATED_TO,Li,doc_42.txt_297
China,RELATED_TO,Li,doc_42.txt_297
US,RELATED_TO,Bali,doc_42.txt_298
US,RELATED_TO,US,doc_42.txt_298
US,RELATED_TO,Sino-US,doc_42.txt_298
US,RELATED_TO,China,doc_42.txt_298
Bali,RELATED_TO,US,doc_42.txt_298
Bali,RELATED_TO,Sino-US,doc_42.txt_298
Bali,RELATED_TO,China,doc_42.txt_298
US,RELATED_TO,Sino-US,doc_42.txt_298
US,RELATED_TO,China,doc_42.txt_298
Sino-US,RELATED_TO,China,doc_42.txt_298
Kissinger,RELATED_TO,United States,doc_42.txt_299
Kissinger,RELATED_TO,China,doc_42.txt_299
Kissinger,RELATED_TO,China,doc_42.txt_299
Kissinger,RELATED_TO,The United States,doc_42.txt_299
United States,RELATED_TO,China,doc_42.txt_299
United States,RELATED_TO,China,doc_42.txt_299
United States,RELATED_TO,The United States,doc_42.txt_299
China,RELATED_TO,China,doc_42.txt_299
China,RELATED_TO,The United States,doc_42.txt_299
China,RELATED_TO,The United States,doc_42.txt_299
Beijing,RELATED_TO,Kissinger,doc_42.txt_300
Beijing,RELATED_TO,Nixon,doc_42.txt_300
Beijing,RELATED_TO,Mao Zedong,doc_42.txt_300
Beijing,RELATED_TO,SEC,doc_42.txt_300
Kissinger,RELATED_TO,Nixon,doc_42.txt_300
Kissinger,RELATED_TO,Mao Zedong,doc_42.txt_300
Kissinger,RELATED_TO,SEC,doc_42.txt_300
Nixon,RELATED_TO,Mao Zedong,doc_42.txt_300
Nixon,RELATED_TO,SEC,doc_42.txt_300
Mao Zedong,RELATED_TO,SEC,doc_42.txt_300
Beijing,RELATED_TO,John Kerry,doc_42.txt_301
Beijing,RELATED_TO,US,doc_42.txt_301
Beijing,RELATED_TO,the Foreign Affairs Commission,doc_42.txt_301
Beijing,RELATED_TO,US,doc_42.txt_301
John Kerry,RELATED_TO,US,doc_42.txt_301
John Kerry,RELATED_TO,the Foreign Affairs Commission,doc_42.txt_301
John Kerry,RELATED_TO,US,doc_42.txt_301
US,RELATED_TO,the Foreign Affairs Commission,doc_42.txt_301
US,RELATED_TO,US,doc_42.txt_301
the Foreign Affairs Commission,RELATED_TO,US,doc_42.txt_301
Wang,RELATED_TO,United States,doc_42.txt_302
Wang,RELATED_TO,US,doc_42.txt_302
Wang,RELATED_TO,Wang Yi,doc_42.txt_302
Wang,RELATED_TO,the United States,doc_42.txt_302
United States,RELATED_TO,US,doc_42.txt_302
United States,RELATED_TO,Wang Yi,doc_42.txt_302
United States,RELATED_TO,the United States,doc_42.txt_302
US,RELATED_TO,Wang Yi,doc_42.txt_302
US,RELATED_TO,the United States,doc_42.txt_302
Wang Yi,RELATED_TO,the United States,doc_42.txt_302
US,RELATED_TO,US,doc_42.txt_303
US,RELATED_TO,EPA,doc_42.txt_303
US,RELATED_TO,Kerry,doc_42.txt_303
US,RELATED_TO,China,doc_42.txt_303
US,RELATED_TO,EPA,doc_42.txt_303
US,RELATED_TO,Kerry,doc_42.txt_303
US,RELATED_TO,China,doc_42.txt_303
EPA,RELATED_TO,Kerry,doc_42.txt_303
EPA,RELATED_TO,China,doc_42.txt_303
Kerry,RELATED_TO,China,doc_42.txt_303
US,RELATED_TO,US,doc_42.txt_304
US,RELATED_TO,China,doc_42.txt_304
US,RELATED_TO,Kerry,doc_42.txt_304
US,RELATED_TO,China,doc_42.txt_304
US,RELATED_TO,China,doc_42.txt_304
US,RELATED_TO,Kerry,doc_42.txt_304
US,RELATED_TO,China,doc_42.txt_304
China,RELATED_TO,Kerry,doc_42.txt_304
China,RELATED_TO,China,doc_42.txt_304
Kerry,RELATED_TO,China,doc_42.txt_304
US,RELATED_TO,US,doc_42.txt_305
US,RELATED_TO,China,doc_42.txt_305
US,RELATED_TO,China,doc_42.txt_305
US,RELATED_TO,Li Qiang,doc_42.txt_305
US,RELATED_TO,China,doc_42.txt_305
US,RELATED_TO,China,doc_42.txt_305
US,RELATED_TO,Li Qiang,doc_42.txt_305
China,RELATED_TO,China,doc_42.txt_305
China,RELATED_TO,Li Qiang,doc_42.txt_305
China,RELATED_TO,Li Qiang,doc_42.txt_305
US,RELATED_TO,US,doc_42.txt_306
US,RELATED_TO,China,doc_42.txt_306
US,RELATED_TO,Kerry,doc_42.txt_306
US,RELATED_TO,China,doc_42.txt_306
US,RELATED_TO,China,doc_42.txt_306
US,RELATED_TO,Kerry,doc_42.txt_306
US,RELATED_TO,China,doc_42.txt_306
China,RELATED_TO,Kerry,doc_42.txt_306
China,RELATED_TO,China,doc_42.txt_306
Kerry,RELATED_TO,China,doc_42.txt_306
US,MANUFACTURES,Kerry,doc_42.txt_307
US,MANUFACTURES,US,doc_42.txt_307
Kerry,MANUFACTURES,US,doc_42.txt_307
US,RELATED_TO,US,doc_42.txt_308
US,RELATED_TO,China,doc_42.txt_308
US,RELATED_TO,China,doc_42.txt_308
US,RELATED_TO,Xinjiang Province,doc_42.txt_308
US,RELATED_TO,China,doc_42.txt_308
US,RELATED_TO,China,doc_42.txt_308
US,RELATED_TO,Xinjiang Province,doc_42.txt_308
China,RELATED_TO,China,doc_42.txt_308
China,RELATED_TO,Xinjiang Province,doc_42.txt_308
China,RELATED_TO,Xinjiang Province,doc_42.txt_308
Beijing,RELATED_TO,US,doc_42.txt_309
Beijing,RELATED_TO,Yellen,doc_42.txt_309
Beijing,RELATED_TO,He Lifeng,doc_42.txt_309
Beijing,RELATED_TO,US Treasury,doc_42.txt_309
US,RELATED_TO,Yellen,doc_42.txt_309
US,RELATED_TO,He Lifeng,doc_42.txt_309
US,RELATED_TO,US Treasury,doc_42.txt_309
Yellen,RELATED_TO,He Lifeng,doc_42.txt_309
Yellen,RELATED_TO,US Treasury,doc_42.txt_309
He Lifeng,RELATED_TO,US Treasury,doc_42.txt_309
Beijing,RELATED_TO,US,doc_42.txt_310
Beijing,RELATED_TO,Yellen,doc_42.txt_310
Beijing,RELATED_TO,US,doc_42.txt_310
Beijing,RELATED_TO,China,doc_42.txt_310
US,RELATED_TO,Yellen,doc_42.txt_310
US,RELATED_TO,US,doc_42.txt_310
US,RELATED_TO,China,doc_42.txt_310
Yellen,RELATED_TO,US,doc_42.txt_310
Yellen,RELATED_TO,China,doc_42.txt_310
US,RELATED_TO,China,doc_42.txt_310
China,RELATED_TO,U.S.-China,doc_42.txt_311
China,RELATED_TO,Chinese,doc_42.txt_311
U.S.-China,RELATED_TO,Chinese,doc_42.txt_311
US,RELATED_TO,Yellen,doc_42.txt_312
US,RELATED_TO,US,doc_42.txt_312
US,RELATED_TO,SEC,doc_42.txt_312
US,RELATED_TO,China,doc_42.txt_312
Yellen,RELATED_TO,US,doc_42.txt_312
Yellen,RELATED_TO,SEC,doc_42.txt_312
Yellen,RELATED_TO,China,doc_42.txt_312
US,RELATED_TO,SEC,doc_42.txt_312
US,RELATED_TO,China,doc_42.txt_312
SEC,RELATED_TO,China,doc_42.txt_312
GM,RELATED_TO,Yellen’s,doc_42.txt_313
GM,RELATED_TO,US,doc_42.txt_313
GM,RELATED_TO,MOF,doc_42.txt_313
GM,RELATED_TO,Sino-US,doc_42.txt_313
Yellen’s,RELATED_TO,US,doc_42.txt_313
Yellen’s,RELATED_TO,MOF,doc_42.txt_313
Yellen’s,RELATED_TO,Sino-US,doc_42.txt_313
US,RELATED_TO,MOF,doc_42.txt_313
US,RELATED_TO,Sino-US,doc_42.txt_313
MOF,RELATED_TO,Sino-US,doc_42.txt_313
US,RELATED_TO,US,doc_42.txt_314
US,RELATED_TO,MOF,doc_42.txt_314
US,RELATED_TO,China,doc_42.txt_314
US,RELATED_TO,China,doc_42.txt_314
US,RELATED_TO,MOF,doc_42.txt_314
US,RELATED_TO,China,doc_42.txt_314
US,RELATED_TO,China,doc_42.txt_314
MOF,RELATED_TO,China,doc_42.txt_314
MOF,RELATED_TO,China,doc_42.txt_314
China,RELATED_TO,China,doc_42.txt_314
US,RELATED_TO,US,doc_42.txt_315
US,RELATED_TO,WTO,doc_42.txt_315
US,RELATED_TO,China,doc_42.txt_315
US,RELATED_TO,China,doc_42.txt_315
US,RELATED_TO,WTO,doc_42.txt_315
US,RELATED_TO,China,doc_42.txt_315
US,RELATED_TO,China,doc_42.txt_315
WTO,RELATED_TO,China,doc_42.txt_315
WTO,RELATED_TO,China,doc_42.txt_315
China,RELATED_TO,China,doc_42.txt_315
Bali,RELATED_TO,Biden,doc_42.txt_316
Bali,RELATED_TO,Ministry of Commerce Places Export Restrictions on Key Metals for Production of Chips,doc_42.txt_316
Bali,RELATED_TO,China,doc_42.txt_316
Bali,RELATED_TO,China,doc_42.txt_316
Biden,RELATED_TO,Ministry of Commerce Places Export Restrictions on Key Metals for Production of Chips,doc_42.txt_316
Biden,RELATED_TO,China,doc_42.txt_316
Biden,RELATED_TO,China,doc_42.txt_316
Ministry of Commerce Places Export Restrictions on Key Metals for Production of Chips,RELATED_TO,China,doc_42.txt_316
Ministry of Commerce Places Export Restrictions on Key Metals for Production of Chips,RELATED_TO,China,doc_42.txt_316
China,RELATED_TO,China,doc_42.txt_316
US,RELATED_TO,SEC,doc_42.txt_317
US,RELATED_TO,China,doc_42.txt_317
US,RELATED_TO,China,doc_42.txt_317
US,RELATED_TO,Ministry of Commerce (MOFCOM,doc_42.txt_317
SEC,RELATED_TO,China,doc_42.txt_317
SEC,RELATED_TO,China,doc_42.txt_317
SEC,RELATED_TO,Ministry of Commerce (MOFCOM,doc_42.txt_317
China,RELATED_TO,China,doc_42.txt_317
China,RELATED_TO,Ministry of Commerce (MOFCOM,doc_42.txt_317
China,RELATED_TO,Ministry of Commerce (MOFCOM,doc_42.txt_317
SEC,RELATED_TO,the State Council,doc_42.txt_318
China’s Export Control Law,RELATED_TO,SEC,doc_42.txt_319
China’s Export Control Law,RELATED_TO,China,doc_42.txt_319
SEC,RELATED_TO,China,doc_42.txt_319
the US Department of Commerce,RELATED_TO,US,doc_42.txt_320
the US Department of Commerce,RELATED_TO,US,doc_42.txt_320
the US Department of Commerce,RELATED_TO,DOE,doc_42.txt_320
the US Department of Commerce,RELATED_TO,EPA,doc_42.txt_320
US,RELATED_TO,US,doc_42.txt_320
US,RELATED_TO,DOE,doc_42.txt_320
US,RELATED_TO,EPA,doc_42.txt_320
US,RELATED_TO,DOE,doc_42.txt_320
US,RELATED_TO,EPA,doc_42.txt_320
DOE,RELATED_TO,EPA,doc_42.txt_320
China,MANUFACTURES,China,doc_42.txt_322
China,MANUFACTURES,around 80 percent,doc_42.txt_322
China,MANUFACTURES,60 percent,doc_42.txt_322
China,MANUFACTURES,around 80 percent,doc_42.txt_322
China,MANUFACTURES,60 percent,doc_42.txt_322
around 80 percent,MANUFACTURES,60 percent,doc_42.txt_322
Beijing,RELATED_TO,US Treasury,doc_42.txt_323
Beijing,RELATED_TO,US,doc_42.txt_323
Beijing,RELATED_TO,SEC,doc_42.txt_323
Beijing,RELATED_TO,Janet Yellen,doc_42.txt_323
US Treasury,RELATED_TO,US,doc_42.txt_323
US Treasury,RELATED_TO,SEC,doc_42.txt_323
US Treasury,RELATED_TO,Janet Yellen,doc_42.txt_323
US,RELATED_TO,SEC,doc_42.txt_323
US,RELATED_TO,Janet Yellen,doc_42.txt_323
SEC,RELATED_TO,Janet Yellen,doc_42.txt_323
Beijing,RELATED_TO,US,doc_42.txt_324
Beijing,RELATED_TO,the US Treasury Department,doc_42.txt_324
Beijing,RELATED_TO,State,doc_42.txt_324
Beijing,RELATED_TO,US,doc_42.txt_324
US,RELATED_TO,the US Treasury Department,doc_42.txt_324
US,RELATED_TO,State,doc_42.txt_324
US,RELATED_TO,US,doc_42.txt_324
the US Treasury Department,RELATED_TO,State,doc_42.txt_324
the US Treasury Department,RELATED_TO,US,doc_42.txt_324
State,RELATED_TO,US,doc_42.txt_324
Joe Biden,MANUFACTURES,US,doc_42.txt_325
Joe Biden,MANUFACTURES,the G20 Summit,doc_42.txt_325
Joe Biden,MANUFACTURES,Bali,doc_42.txt_325
Joe Biden,MANUFACTURES,US,doc_42.txt_325
US,MANUFACTURES,the G20 Summit,doc_42.txt_325
US,MANUFACTURES,Bali,doc_42.txt_325
US,MANUFACTURES,US,doc_42.txt_325
the G20 Summit,MANUFACTURES,Bali,doc_42.txt_325
the G20 Summit,MANUFACTURES,US,doc_42.txt_325
Bali,MANUFACTURES,US,doc_42.txt_325
US,RELATED_TO,China,doc_42.txt_326
US,RELATED_TO,US,doc_42.txt_326
US,RELATED_TO,China,doc_42.txt_326
China,RELATED_TO,US,doc_42.txt_326
China,RELATED_TO,China,doc_42.txt_326
US,RELATED_TO,China,doc_42.txt_326
US,RELATED_TO,State,doc_42.txt_327
US,RELATED_TO,US,doc_42.txt_327
US,RELATED_TO,SEC,doc_42.txt_327
US,RELATED_TO,Qin Gang,doc_42.txt_327
State,RELATED_TO,US,doc_42.txt_327
State,RELATED_TO,SEC,doc_42.txt_327
State,RELATED_TO,Qin Gang,doc_42.txt_327
US,RELATED_TO,SEC,doc_42.txt_327
US,RELATED_TO,Qin Gang,doc_42.txt_327
SEC,RELATED_TO,Qin Gang,doc_42.txt_327
US,RELATED_TO,Mao Ning,doc_42.txt_328
US,RELATED_TO,US,doc_42.txt_328
US,RELATED_TO,EPA,doc_42.txt_328
US,RELATED_TO,Qin,doc_42.txt_328
Mao Ning,RELATED_TO,US,doc_42.txt_328
Mao Ning,RELATED_TO,EPA,doc_42.txt_328
Mao Ning,RELATED_TO,Qin,doc_42.txt_328
US,RELATED_TO,EPA,doc_42.txt_328
US,RELATED_TO,Qin,doc_42.txt_328
EPA,RELATED_TO,Qin,doc_42.txt_328
Xi Jinping Meets,RELATED_TO,Beijing,doc_42.txt_330
Xi Jinping Meets,RELATED_TO,US,doc_42.txt_330
Xi Jinping Meets,RELATED_TO,State,doc_42.txt_330
Xi Jinping Meets,RELATED_TO,US,doc_42.txt_330
Beijing,RELATED_TO,US,doc_42.txt_330
Beijing,RELATED_TO,State,doc_42.txt_330
Beijing,RELATED_TO,US,doc_42.txt_330
US,RELATED_TO,State,doc_42.txt_330
US,RELATED_TO,US,doc_42.txt_330
State,RELATED_TO,US,doc_42.txt_330
US,RELATED_TO,the Department of State,doc_42.txt_331
US,RELATED_TO,State,doc_42.txt_331
US,RELATED_TO,US,doc_42.txt_331
US,RELATED_TO,SEC,doc_42.txt_331
the Department of State,RELATED_TO,State,doc_42.txt_331
the Department of State,RELATED_TO,US,doc_42.txt_331
the Department of State,RELATED_TO,SEC,doc_42.txt_331
State,RELATED_TO,US,doc_42.txt_331
State,RELATED_TO,SEC,doc_42.txt_331
US,RELATED_TO,SEC,doc_42.txt_331
US,RELATED_TO,United States,doc_42.txt_332
US,RELATED_TO,US,doc_42.txt_332
US,RELATED_TO,DOE,doc_42.txt_332
US,RELATED_TO,the United States,doc_42.txt_332
United States,RELATED_TO,US,doc_42.txt_332
United States,RELATED_TO,DOE,doc_42.txt_332
United States,RELATED_TO,the United States,doc_42.txt_332
US,RELATED_TO,DOE,doc_42.txt_332
US,RELATED_TO,the United States,doc_42.txt_332
DOE,RELATED_TO,the United States,doc_42.txt_332
Joe Biden,RELATED_TO,US,doc_42.txt_333
Joe Biden,RELATED_TO,United States,doc_42.txt_333
Joe Biden,RELATED_TO,State,doc_42.txt_333
Joe Biden,RELATED_TO,US,doc_42.txt_333
US,RELATED_TO,United States,doc_42.txt_333
US,RELATED_TO,State,doc_42.txt_333
US,RELATED_TO,US,doc_42.txt_333
United States,RELATED_TO,State,doc_42.txt_333
United States,RELATED_TO,US,doc_42.txt_333
State,RELATED_TO,US,doc_42.txt_333
Beijing,RELATED_TO,Wang Yi,doc_42.txt_334
Beijing,RELATED_TO,Qin Gang,doc_42.txt_334
Beijing,RELATED_TO,Chinese,doc_42.txt_334
Beijing,RELATED_TO,Blinken,doc_42.txt_334
Wang Yi,RELATED_TO,Qin Gang,doc_42.txt_334
Wang Yi,RELATED_TO,Chinese,doc_42.txt_334
Wang Yi,RELATED_TO,Blinken,doc_42.txt_334
Qin Gang,RELATED_TO,Chinese,doc_42.txt_334
Qin Gang,RELATED_TO,Blinken,doc_42.txt_334
Chinese,RELATED_TO,Blinken,doc_42.txt_334
Beijing,RELATED_TO,US,doc_42.txt_335
Beijing,RELATED_TO,State,doc_42.txt_335
Beijing,RELATED_TO,US,doc_42.txt_335
Beijing,RELATED_TO,SEC,doc_42.txt_335
US,RELATED_TO,State,doc_42.txt_335
US,RELATED_TO,US,doc_42.txt_335
US,RELATED_TO,SEC,doc_42.txt_335
State,RELATED_TO,US,doc_42.txt_335
State,RELATED_TO,SEC,doc_42.txt_335
US,RELATED_TO,SEC,doc_42.txt_335
US,RELATED_TO,US,doc_42.txt_336
US,RELATED_TO,DOE,doc_42.txt_336
US,RELATED_TO,Qin Gang,doc_42.txt_336
US,RELATED_TO,Blinken,doc_42.txt_336
US,RELATED_TO,DOE,doc_42.txt_336
US,RELATED_TO,Qin Gang,doc_42.txt_336
US,RELATED_TO,Blinken,doc_42.txt_336
DOE,RELATED_TO,Qin Gang,doc_42.txt_336
DOE,RELATED_TO,Blinken,doc_42.txt_336
Qin Gang,RELATED_TO,Blinken,doc_42.txt_336
US,RELATED_TO,US,doc_42.txt_337
US,RELATED_TO,Chinese,doc_42.txt_337
US,RELATED_TO,Chinese,doc_42.txt_337
Blinken,RELATED_TO,EPA,doc_42.txt_338
Blinken,RELATED_TO,the Department of State,doc_42.txt_338
EPA,RELATED_TO,the Department of State,doc_42.txt_338
US,RELATED_TO,US,doc_42.txt_340
US,RELATED_TO,China,doc_42.txt_340
US,RELATED_TO,94 percent,doc_42.txt_340
US,RELATED_TO,China,doc_42.txt_340
US,RELATED_TO,China,doc_42.txt_340
US,RELATED_TO,94 percent,doc_42.txt_340
US,RELATED_TO,China,doc_42.txt_340
China,RELATED_TO,94 percent,doc_42.txt_340
China,RELATED_TO,China,doc_42.txt_340
94 percent,RELATED_TO,China,doc_42.txt_340
Beijing,MANUFACTURES,US,doc_42.txt_341
Beijing,MANUFACTURES,State,doc_42.txt_341
Beijing,MANUFACTURES,US,doc_42.txt_341
Beijing,MANUFACTURES,SEC,doc_42.txt_341
US,MANUFACTURES,State,doc_42.txt_341
US,MANUFACTURES,US,doc_42.txt_341
US,MANUFACTURES,SEC,doc_42.txt_341
State,MANUFACTURES,US,doc_42.txt_341
State,MANUFACTURES,SEC,doc_42.txt_341
US,MANUFACTURES,SEC,doc_42.txt_341
US,RELATED_TO,Blinken,doc_42.txt_342
US,RELATED_TO,US,doc_42.txt_342
US,RELATED_TO,PRC,doc_42.txt_342
Blinken,RELATED_TO,US,doc_42.txt_342
Blinken,RELATED_TO,PRC,doc_42.txt_342
US,RELATED_TO,PRC,doc_42.txt_342
the Department of State,RELATED_TO,US,doc_42.txt_343
the Department of State,RELATED_TO,EPA,doc_42.txt_343
the Department of State,RELATED_TO,Qin Gang,doc_42.txt_343
the Department of State,RELATED_TO,Blinken,doc_42.txt_343
US,RELATED_TO,EPA,doc_42.txt_343
US,RELATED_TO,Qin Gang,doc_42.txt_343
US,RELATED_TO,Blinken,doc_42.txt_343
EPA,RELATED_TO,Qin Gang,doc_42.txt_343
EPA,RELATED_TO,Blinken,doc_42.txt_343
Qin Gang,RELATED_TO,Blinken,doc_42.txt_343
US,RELATED_TO,US,doc_42.txt_344
US,RELATED_TO,SEC,doc_42.txt_344
US,RELATED_TO,China,doc_42.txt_344
US,RELATED_TO,China,doc_42.txt_344
US,RELATED_TO,SEC,doc_42.txt_344
US,RELATED_TO,China,doc_42.txt_344
US,RELATED_TO,China,doc_42.txt_344
SEC,RELATED_TO,China,doc_42.txt_344
SEC,RELATED_TO,China,doc_42.txt_344
China,RELATED_TO,China,doc_42.txt_344
US,RELATED_TO,US,doc_42.txt_345
US,RELATED_TO,China,doc_42.txt_345
US,RELATED_TO,China,doc_42.txt_345
US,RELATED_TO,Blinken,doc_42.txt_345
US,RELATED_TO,China,doc_42.txt_345
US,RELATED_TO,China,doc_42.txt_345
US,RELATED_TO,Blinken,doc_42.txt_345
China,RELATED_TO,China,doc_42.txt_345
China,RELATED_TO,Blinken,doc_42.txt_345
China,RELATED_TO,Blinken,doc_42.txt_345
Beijing,RELATED_TO,US,doc_42.txt_346
Beijing,RELATED_TO,EPA,doc_42.txt_346
Beijing,RELATED_TO,Daniel Kritenbrink,doc_42.txt_346
Beijing,RELATED_TO,US State Department,doc_42.txt_346
US,RELATED_TO,EPA,doc_42.txt_346
US,RELATED_TO,Daniel Kritenbrink,doc_42.txt_346
US,RELATED_TO,US State Department,doc_42.txt_346
EPA,RELATED_TO,Daniel Kritenbrink,doc_42.txt_346
EPA,RELATED_TO,US State Department,doc_42.txt_346
Daniel Kritenbrink,RELATED_TO,US State Department,doc_42.txt_346
US,RELATED_TO,State,doc_42.txt_347
US,RELATED_TO,US,doc_42.txt_347
US,RELATED_TO,SEC,doc_42.txt_347
US,RELATED_TO,Xi Jinping,doc_42.txt_347
State,RELATED_TO,US,doc_42.txt_347
State,RELATED_TO,SEC,doc_42.txt_347
State,RELATED_TO,Xi Jinping,doc_42.txt_347
US,RELATED_TO,SEC,doc_42.txt_347
US,RELATED_TO,Xi Jinping,doc_42.txt_347
SEC,RELATED_TO,Xi Jinping,doc_42.txt_347
Beijing,RELATED_TO,US,doc_42.txt_348
Beijing,RELATED_TO,Daniel Kritenbrink,doc_42.txt_348
Beijing,RELATED_TO,EPA,doc_42.txt_348
Beijing,RELATED_TO,China,doc_42.txt_348
US,RELATED_TO,Daniel Kritenbrink,doc_42.txt_348
US,RELATED_TO,EPA,doc_42.txt_348
US,RELATED_TO,China,doc_42.txt_348
Daniel Kritenbrink,RELATED_TO,EPA,doc_42.txt_348
Daniel Kritenbrink,RELATED_TO,China,doc_42.txt_348
EPA,RELATED_TO,China,doc_42.txt_348
Beijing,RELATED_TO,US,doc_42.txt_349
Beijing,RELATED_TO,Nicholas Burns,doc_42.txt_349
Beijing,RELATED_TO,Sarah Beran,doc_42.txt_349
Beijing,RELATED_TO,Ma Zhaoxu,doc_42.txt_349
US,RELATED_TO,Nicholas Burns,doc_42.txt_349
US,RELATED_TO,Sarah Beran,doc_42.txt_349
US,RELATED_TO,Ma Zhaoxu,doc_42.txt_349
Nicholas Burns,RELATED_TO,Sarah Beran,doc_42.txt_349
Nicholas Burns,RELATED_TO,Ma Zhaoxu,doc_42.txt_349
Sarah Beran,RELATED_TO,Ma Zhaoxu,doc_42.txt_349
Joe Biden,RELATED_TO,the Ministry of Foreign Affairs,doc_42.txt_350
Joe Biden,RELATED_TO,Bali,doc_42.txt_350
Joe Biden,RELATED_TO,Xi Jinping,doc_42.txt_350
Joe Biden,RELATED_TO,G20,doc_42.txt_350
the Ministry of Foreign Affairs,RELATED_TO,Bali,doc_42.txt_350
the Ministry of Foreign Affairs,RELATED_TO,Xi Jinping,doc_42.txt_350
the Ministry of Foreign Affairs,RELATED_TO,G20,doc_42.txt_350
Bali,RELATED_TO,Xi Jinping,doc_42.txt_350
Bali,RELATED_TO,G20,doc_42.txt_350
Xi Jinping,RELATED_TO,G20,doc_42.txt_350
US,RELATED_TO,United States,doc_42.txt_351
US,RELATED_TO,US,doc_42.txt_351
US,RELATED_TO,the United States,doc_42.txt_351
US,RELATED_TO,the White House,doc_42.txt_351
United States,RELATED_TO,US,doc_42.txt_351
United States,RELATED_TO,the United States,doc_42.txt_351
United States,RELATED_TO,the White House,doc_42.txt_351
US,RELATED_TO,the United States,doc_42.txt_351
US,RELATED_TO,the White House,doc_42.txt_351
the United States,RELATED_TO,the White House,doc_42.txt_351
Shangri-La Dialogue,RELATED_TO,SEC,doc_42.txt_352
Shangri-La Dialogue,RELATED_TO,China,doc_42.txt_352
Shangri-La Dialogue,RELATED_TO,China,doc_42.txt_352
SEC,RELATED_TO,China,doc_42.txt_352
SEC,RELATED_TO,China,doc_42.txt_352
China,RELATED_TO,China,doc_42.txt_352
Councilor,RELATED_TO,Singapore,doc_42.txt_353
Councilor,RELATED_TO,SEC,doc_42.txt_353
Councilor,RELATED_TO,Defense,doc_42.txt_353
Councilor,RELATED_TO,China,doc_42.txt_353
Singapore,RELATED_TO,SEC,doc_42.txt_353
Singapore,RELATED_TO,Defense,doc_42.txt_353
Singapore,RELATED_TO,China,doc_42.txt_353
SEC,RELATED_TO,Defense,doc_42.txt_353
SEC,RELATED_TO,China,doc_42.txt_353
Defense,RELATED_TO,China,doc_42.txt_353
US,RELATED_TO,SEC,doc_42.txt_354
US,RELATED_TO,Xi Jinping,doc_42.txt_354
US,RELATED_TO,Chinese,doc_42.txt_354
SEC,RELATED_TO,Xi Jinping,doc_42.txt_354
SEC,RELATED_TO,Chinese,doc_42.txt_354
Xi Jinping,RELATED_TO,Chinese,doc_42.txt_354
SEC,RELATED_TO,China,doc_42.txt_355
SEC,RELATED_TO,China,doc_42.txt_355
SEC,RELATED_TO,the Ministry of Defense,doc_42.txt_355
China,RELATED_TO,China,doc_42.txt_355
China,RELATED_TO,the Ministry of Defense,doc_42.txt_355
China,RELATED_TO,the Ministry of Defense,doc_42.txt_355
US,RELATED_TO,US,doc_42.txt_356
US,RELATED_TO,Canadian,doc_42.txt_356
US,RELATED_TO,China,doc_42.txt_356
US,RELATED_TO,China,doc_42.txt_356
US,RELATED_TO,Canadian,doc_42.txt_356
US,RELATED_TO,China,doc_42.txt_356
US,RELATED_TO,China,doc_42.txt_356
Canadian,RELATED_TO,China,doc_42.txt_356
Canadian,RELATED_TO,China,doc_42.txt_356
China,RELATED_TO,China,doc_42.txt_356
US,RELATED_TO,US Treasury Department Sanctions,doc_42.txt_357
US,RELATED_TO,EPA,doc_42.txt_357
US,RELATED_TO,Chinese,doc_42.txt_357
US Treasury Department Sanctions,RELATED_TO,EPA,doc_42.txt_357
US Treasury Department Sanctions,RELATED_TO,Chinese,doc_42.txt_357
EPA,RELATED_TO,Chinese,doc_42.txt_357
US,RELATED_TO,EPA,doc_42.txt_358
US,RELATED_TO,The US Department,doc_42.txt_358
US,RELATED_TO,Chinese,doc_42.txt_358
US,RELATED_TO,Treasury,doc_42.txt_358
EPA,RELATED_TO,The US Department,doc_42.txt_358
EPA,RELATED_TO,Chinese,doc_42.txt_358
EPA,RELATED_TO,Treasury,doc_42.txt_358
The US Department,RELATED_TO,Chinese,doc_42.txt_358
The US Department,RELATED_TO,Treasury,doc_42.txt_358
Chinese,RELATED_TO,Treasury,doc_42.txt_358
US,MANUFACTURES,Treasury,doc_42.txt_359
US,MANUFACTURES,EU,doc_42.txt_359
US,MANUFACTURES,U.S.,doc_42.txt_359
Treasury,MANUFACTURES,EU,doc_42.txt_359
Treasury,MANUFACTURES,U.S.,doc_42.txt_359
EU,MANUFACTURES,U.S.,doc_42.txt_359
Youli Technology Development Co.,RELATED_TO,Tdpmolds,doc_42.txt_360
Youli Technology Development Co.,RELATED_TO,Yason General Machinery Co.,doc_42.txt_360
Youli Technology Development Co.,RELATED_TO,Chinese,doc_42.txt_360
Tdpmolds,RELATED_TO,Yason General Machinery Co.,doc_42.txt_360
Tdpmolds,RELATED_TO,Chinese,doc_42.txt_360
Yason General Machinery Co.,RELATED_TO,Chinese,doc_42.txt_360
US,RELATED_TO,US,doc_42.txt_361
US,RELATED_TO,the Treasury’s Office of Foreign Asset Control (OFAC,doc_42.txt_361
US,RELATED_TO,the Treasury’s Office of Foreign Asset Control (OFAC,doc_42.txt_361
US,RELATED_TO,the Chinese Embassy,doc_42.txt_362
US,RELATED_TO,US,doc_42.txt_362
US,RELATED_TO,China,doc_42.txt_362
US,RELATED_TO,China,doc_42.txt_362
the Chinese Embassy,RELATED_TO,US,doc_42.txt_362
the Chinese Embassy,RELATED_TO,China,doc_42.txt_362
the Chinese Embassy,RELATED_TO,China,doc_42.txt_362
US,RELATED_TO,China,doc_42.txt_362
US,RELATED_TO,China,doc_42.txt_362
China,RELATED_TO,China,doc_42.txt_362
US,RELATED_TO,the House of Representatives Nancy Pelosi’s,doc_42.txt_363
US,RELATED_TO,US,doc_42.txt_363
US,RELATED_TO,China,doc_42.txt_363
US,RELATED_TO,China,doc_42.txt_363
the House of Representatives Nancy Pelosi’s,RELATED_TO,US,doc_42.txt_363
the House of Representatives Nancy Pelosi’s,RELATED_TO,China,doc_42.txt_363
the House of Representatives Nancy Pelosi’s,RELATED_TO,China,doc_42.txt_363
US,RELATED_TO,China,doc_42.txt_363
US,RELATED_TO,China,doc_42.txt_363
China,RELATED_TO,China,doc_42.txt_363
US,RELATED_TO,the State Council,doc_42.txt_364
US,RELATED_TO,US,doc_42.txt_364
US,RELATED_TO,SEC,doc_42.txt_364
US,RELATED_TO,Chinese,doc_42.txt_364
the State Council,RELATED_TO,US,doc_42.txt_364
the State Council,RELATED_TO,SEC,doc_42.txt_364
the State Council,RELATED_TO,Chinese,doc_42.txt_364
US,RELATED_TO,SEC,doc_42.txt_364
US,RELATED_TO,Chinese,doc_42.txt_364
SEC,RELATED_TO,Chinese,doc_42.txt_364
Tesla,RELATED_TO,Meeting,doc_42.txt_365
Tesla,RELATED_TO,Tesla,doc_42.txt_365
Tesla,RELATED_TO,Qin Gang Reconfirms Commitment,doc_42.txt_365
Meeting,RELATED_TO,Tesla,doc_42.txt_365
Meeting,RELATED_TO,Qin Gang Reconfirms Commitment,doc_42.txt_365
Tesla,RELATED_TO,Qin Gang Reconfirms Commitment,doc_42.txt_365
Beijing,RELATED_TO,the Ministry of Foreign Affairs,doc_42.txt_366
Beijing,RELATED_TO,EV,doc_42.txt_366
Beijing,RELATED_TO,MFA,doc_42.txt_366
Beijing,RELATED_TO,US,doc_42.txt_366
the Ministry of Foreign Affairs,RELATED_TO,EV,doc_42.txt_366
the Ministry of Foreign Affairs,RELATED_TO,MFA,doc_42.txt_366
the Ministry of Foreign Affairs,RELATED_TO,US,doc_42.txt_366
EV,RELATED_TO,MFA,doc_42.txt_366
EV,RELATED_TO,US,doc_42.txt_366
MFA,RELATED_TO,US,doc_42.txt_366
US,RELATED_TO,Tesla,doc_42.txt_367
US,RELATED_TO,Qin Gang,doc_42.txt_367
US,RELATED_TO,Sino-US,doc_42.txt_367
US,RELATED_TO,China,doc_42.txt_367
Tesla,RELATED_TO,Qin Gang,doc_42.txt_367
Tesla,RELATED_TO,Sino-US,doc_42.txt_367
Tesla,RELATED_TO,China,doc_42.txt_367
Qin Gang,RELATED_TO,Sino-US,doc_42.txt_367
Qin Gang,RELATED_TO,China,doc_42.txt_367
Sino-US,RELATED_TO,China,doc_42.txt_367
US,RELATED_TO,China,doc_42.txt_368
US,RELATED_TO,China,doc_42.txt_368
US,RELATED_TO,Tesla,doc_42.txt_368
US,RELATED_TO,Musk,doc_42.txt_368
China,RELATED_TO,China,doc_42.txt_368
China,RELATED_TO,Tesla,doc_42.txt_368
China,RELATED_TO,Musk,doc_42.txt_368
China,RELATED_TO,Tesla,doc_42.txt_368
China,RELATED_TO,Musk,doc_42.txt_368
Tesla,RELATED_TO,Musk,doc_42.txt_368
US,MANUFACTURES,EV,doc_42.txt_369
US,MANUFACTURES,US,doc_42.txt_369
US,MANUFACTURES,SEC,doc_42.txt_369
US,MANUFACTURES,Shanghai,doc_42.txt_369
EV,MANUFACTURES,US,doc_42.txt_369
EV,MANUFACTURES,SEC,doc_42.txt_369
EV,MANUFACTURES,Shanghai,doc_42.txt_369
US,MANUFACTURES,SEC,doc_42.txt_369
US,MANUFACTURES,Shanghai,doc_42.txt_369
SEC,MANUFACTURES,Shanghai,doc_42.txt_369
Beijing,MANUFACTURES,CATL,doc_42.txt_370
Beijing,MANUFACTURES,US,doc_42.txt_370
Beijing,MANUFACTURES,the Minister of Industry and Information Technology,doc_42.txt_370
Beijing,MANUFACTURES,Chinese Commerce Officials Meet,doc_42.txt_370
CATL,MANUFACTURES,US,doc_42.txt_370
CATL,MANUFACTURES,the Minister of Industry and Information Technology,doc_42.txt_370
CATL,MANUFACTURES,Chinese Commerce Officials Meet,doc_42.txt_370
US,MANUFACTURES,the Minister of Industry and Information Technology,doc_42.txt_370
US,MANUFACTURES,Chinese Commerce Officials Meet,doc_42.txt_370
the Minister of Industry and Information Technology,MANUFACTURES,Chinese Commerce Officials Meet,doc_42.txt_370
the APEC Trade Ministers’ Meeting,RELATED_TO,US,doc_42.txt_371
the APEC Trade Ministers’ Meeting,RELATED_TO,Washington,doc_42.txt_371
the APEC Trade Ministers’ Meeting,RELATED_TO,Commerce Gina Raimondo,doc_42.txt_371
the APEC Trade Ministers’ Meeting,RELATED_TO,the Chinese Ministry of Commerce,doc_42.txt_371
US,RELATED_TO,Washington,doc_42.txt_371
US,RELATED_TO,Commerce Gina Raimondo,doc_42.txt_371
US,RELATED_TO,the Chinese Ministry of Commerce,doc_42.txt_371
Washington,RELATED_TO,Commerce Gina Raimondo,doc_42.txt_371
Washington,RELATED_TO,the Chinese Ministry of Commerce,doc_42.txt_371
Commerce Gina Raimondo,RELATED_TO,the Chinese Ministry of Commerce,doc_42.txt_371
US,RELATED_TO,SEC,doc_42.txt_372
US,RELATED_TO,PRC,doc_42.txt_372
US,RELATED_TO,China,doc_42.txt_372
US,RELATED_TO,China,doc_42.txt_372
SEC,RELATED_TO,PRC,doc_42.txt_372
SEC,RELATED_TO,China,doc_42.txt_372
SEC,RELATED_TO,China,doc_42.txt_372
PRC,RELATED_TO,China,doc_42.txt_372
PRC,RELATED_TO,China,doc_42.txt_372
China,RELATED_TO,China,doc_42.txt_372
US,RELATED_TO,US,doc_42.txt_373
US,RELATED_TO,China,doc_42.txt_373
US,RELATED_TO,China,doc_42.txt_373
US,RELATED_TO,Chinese,doc_42.txt_373
US,RELATED_TO,China,doc_42.txt_373
US,RELATED_TO,China,doc_42.txt_373
US,RELATED_TO,Chinese,doc_42.txt_373
China,RELATED_TO,China,doc_42.txt_373
China,RELATED_TO,Chinese,doc_42.txt_373
China,RELATED_TO,Chinese,doc_42.txt_373
Vienna,RELATED_TO,US,doc_42.txt_374
Vienna,RELATED_TO,State,doc_42.txt_374
Vienna,RELATED_TO,US,doc_42.txt_374
Vienna,RELATED_TO,SEC,doc_42.txt_374
US,RELATED_TO,State,doc_42.txt_374
US,RELATED_TO,US,doc_42.txt_374
US,RELATED_TO,SEC,doc_42.txt_374
State,RELATED_TO,US,doc_42.txt_374
State,RELATED_TO,SEC,doc_42.txt_374
US,RELATED_TO,SEC,doc_42.txt_374
US,RELATED_TO,US,doc_42.txt_375
US,RELATED_TO,SEC,doc_42.txt_375
US,RELATED_TO,APEC,doc_42.txt_375
US,RELATED_TO,Wang Wentao,doc_42.txt_375
US,RELATED_TO,SEC,doc_42.txt_375
US,RELATED_TO,APEC,doc_42.txt_375
US,RELATED_TO,Wang Wentao,doc_42.txt_375
SEC,RELATED_TO,APEC,doc_42.txt_375
SEC,RELATED_TO,Wang Wentao,doc_42.txt_375
APEC,RELATED_TO,Wang Wentao,doc_42.txt_375
US,RELATED_TO,Singapore,doc_42.txt_376
US,RELATED_TO,US,doc_42.txt_376
US,RELATED_TO,TikTok,doc_42.txt_376
US,RELATED_TO,Montana,doc_42.txt_376
Singapore,RELATED_TO,US,doc_42.txt_376
Singapore,RELATED_TO,TikTok,doc_42.txt_376
Singapore,RELATED_TO,Montana,doc_42.txt_376
US,RELATED_TO,TikTok,doc_42.txt_376
US,RELATED_TO,Montana,doc_42.txt_376
TikTok,RELATED_TO,Montana,doc_42.txt_376
Google Play,MANUFACTURES,Google,doc_42.txt_377
Google Play,MANUFACTURES,US,doc_42.txt_377
Google Play,MANUFACTURES,Apple’s App Store,doc_42.txt_377
Google Play,MANUFACTURES,Senate,doc_42.txt_377
Google,MANUFACTURES,US,doc_42.txt_377
Google,MANUFACTURES,Apple’s App Store,doc_42.txt_377
Google,MANUFACTURES,Senate,doc_42.txt_377
US,MANUFACTURES,Apple’s App Store,doc_42.txt_377
US,MANUFACTURES,Senate,doc_42.txt_377
Apple’s App Store,MANUFACTURES,Senate,doc_42.txt_377
US,RELATED_TO,Montana,doc_42.txt_378
US,RELATED_TO,TikTok,doc_42.txt_378
Montana,RELATED_TO,TikTok,doc_42.txt_378
US,MANUFACTURES,the Biden Administration,doc_42.txt_379
US,MANUFACTURES,US,doc_42.txt_379
US,MANUFACTURES,DOE,doc_42.txt_379
US,MANUFACTURES,The Biden Administration,doc_42.txt_379
the Biden Administration,MANUFACTURES,US,doc_42.txt_379
the Biden Administration,MANUFACTURES,DOE,doc_42.txt_379
the Biden Administration,MANUFACTURES,The Biden Administration,doc_42.txt_379
US,MANUFACTURES,DOE,doc_42.txt_379
US,MANUFACTURES,The Biden Administration,doc_42.txt_379
DOE,MANUFACTURES,The Biden Administration,doc_42.txt_379
Vienna,RELATED_TO,US,doc_42.txt_380
Vienna,RELATED_TO,SEC,doc_42.txt_380
Vienna,RELATED_TO,Wang Yi Met,doc_42.txt_380
Vienna,RELATED_TO,Jake Sullivan,doc_42.txt_380
US,RELATED_TO,SEC,doc_42.txt_380
US,RELATED_TO,Wang Yi Met,doc_42.txt_380
US,RELATED_TO,Jake Sullivan,doc_42.txt_380
SEC,RELATED_TO,Wang Yi Met,doc_42.txt_380
SEC,RELATED_TO,Jake Sullivan,doc_42.txt_380
Wang Yi Met,RELATED_TO,Jake Sullivan,doc_42.txt_380
Austria,RELATED_TO,Vienna,doc_42.txt_381
Austria,RELATED_TO,US,doc_42.txt_381
Austria,RELATED_TO,Jake Sullivan,doc_42.txt_381
Austria,RELATED_TO,Wang Yi,doc_42.txt_381
Vienna,RELATED_TO,US,doc_42.txt_381
Vienna,RELATED_TO,Jake Sullivan,doc_42.txt_381
Vienna,RELATED_TO,Wang Yi,doc_42.txt_381
US,RELATED_TO,Jake Sullivan,doc_42.txt_381
US,RELATED_TO,Wang Yi,doc_42.txt_381
Jake Sullivan,RELATED_TO,Wang Yi,doc_42.txt_381
US,RELATED_TO,US,doc_42.txt_382
US,RELATED_TO,the White House,doc_42.txt_382
US,RELATED_TO,China,doc_42.txt_382
US,RELATED_TO,China,doc_42.txt_382
US,RELATED_TO,the White House,doc_42.txt_382
US,RELATED_TO,China,doc_42.txt_382
US,RELATED_TO,China,doc_42.txt_382
the White House,RELATED_TO,China,doc_42.txt_382
the White House,RELATED_TO,China,doc_42.txt_382
China,RELATED_TO,China,doc_42.txt_382
US,RELATED_TO,US,doc_42.txt_383
US,RELATED_TO,SEC,doc_42.txt_383
US,RELATED_TO,Wang Yi,doc_42.txt_383
US,RELATED_TO,the White House,doc_42.txt_383
US,RELATED_TO,SEC,doc_42.txt_383
US,RELATED_TO,Wang Yi,doc_42.txt_383
US,RELATED_TO,the White House,doc_42.txt_383
SEC,RELATED_TO,Wang Yi,doc_42.txt_383
SEC,RELATED_TO,the White House,doc_42.txt_383
Wang Yi,RELATED_TO,the White House,doc_42.txt_383
US,RELATED_TO,China,doc_42.txt_384
US,RELATED_TO,US,doc_42.txt_384
US,RELATED_TO,China,doc_42.txt_384
China,RELATED_TO,US,doc_42.txt_384
China,RELATED_TO,China,doc_42.txt_384
US,RELATED_TO,China,doc_42.txt_384
John Kerry,RELATED_TO,US,doc_42.txt_385
John Kerry,RELATED_TO,State,doc_42.txt_385
John Kerry,RELATED_TO,US,doc_42.txt_385
John Kerry,RELATED_TO,SEC,doc_42.txt_385
US,RELATED_TO,State,doc_42.txt_385
US,RELATED_TO,US,doc_42.txt_385
US,RELATED_TO,SEC,doc_42.txt_385
State,RELATED_TO,US,doc_42.txt_385
State,RELATED_TO,SEC,doc_42.txt_385
US,RELATED_TO,SEC,doc_42.txt_385
Beijing,RELATED_TO,US,doc_42.txt_386
Beijing,RELATED_TO,Nicholas Burns,doc_42.txt_386
Beijing,RELATED_TO,US,doc_42.txt_386
Beijing,RELATED_TO,Qin Gang,doc_42.txt_386
US,RELATED_TO,Nicholas Burns,doc_42.txt_386
US,RELATED_TO,US,doc_42.txt_386
US,RELATED_TO,Qin Gang,doc_42.txt_386
Nicholas Burns,RELATED_TO,US,doc_42.txt_386
Nicholas Burns,RELATED_TO,Qin Gang,doc_42.txt_386
US,RELATED_TO,Qin Gang,doc_42.txt_386
IRA,RELATED_TO,US,doc_42.txt_387
IRA,RELATED_TO,US,doc_42.txt_387
IRA,RELATED_TO,the Chinese Foreign Ministry,doc_42.txt_387
IRA,RELATED_TO,Qin Gang,doc_42.txt_387
US,RELATED_TO,US,doc_42.txt_387
US,RELATED_TO,the Chinese Foreign Ministry,doc_42.txt_387
US,RELATED_TO,Qin Gang,doc_42.txt_387
US,RELATED_TO,the Chinese Foreign Ministry,doc_42.txt_387
US,RELATED_TO,Qin Gang,doc_42.txt_387
the Chinese Foreign Ministry,RELATED_TO,Qin Gang,doc_42.txt_387
Burns,MANUFACTURES,US,doc_42.txt_388
Burns,MANUFACTURES,US,doc_42.txt_388
Burns,MANUFACTURES,Qin Gang,doc_42.txt_388
Burns,MANUFACTURES,China,doc_42.txt_388
US,MANUFACTURES,US,doc_42.txt_388
US,MANUFACTURES,Qin Gang,doc_42.txt_388
US,MANUFACTURES,China,doc_42.txt_388
US,MANUFACTURES,Qin Gang,doc_42.txt_388
US,MANUFACTURES,China,doc_42.txt_388
Qin Gang,MANUFACTURES,China,doc_42.txt_388
US,RELATED_TO,State,doc_42.txt_389
US,RELATED_TO,US,doc_42.txt_389
US,RELATED_TO,SEC,doc_42.txt_389
US,RELATED_TO,Chinese,doc_42.txt_389
State,RELATED_TO,US,doc_42.txt_389
State,RELATED_TO,SEC,doc_42.txt_389
State,RELATED_TO,Chinese,doc_42.txt_389
US,RELATED_TO,SEC,doc_42.txt_389
US,RELATED_TO,Chinese,doc_42.txt_389
SEC,RELATED_TO,Chinese,doc_42.txt_389
John Kerry,RELATED_TO,US,doc_42.txt_390
John Kerry,RELATED_TO,US,doc_42.txt_390
John Kerry,RELATED_TO,SEC,doc_42.txt_390
John Kerry,RELATED_TO,EPA,doc_42.txt_390
US,RELATED_TO,US,doc_42.txt_390
US,RELATED_TO,SEC,doc_42.txt_390
US,RELATED_TO,EPA,doc_42.txt_390
US,RELATED_TO,SEC,doc_42.txt_390
US,RELATED_TO,EPA,doc_42.txt_390
SEC,RELATED_TO,EPA,doc_42.txt_390
The US Department of Transport,RELATED_TO,US,doc_42.txt_391
The US Department of Transport,RELATED_TO,US,doc_42.txt_391
The US Department of Transport,RELATED_TO,EPA,doc_42.txt_391
The US Department of Transport,RELATED_TO,USDOT,doc_42.txt_391
US,RELATED_TO,US,doc_42.txt_391
US,RELATED_TO,EPA,doc_42.txt_391
US,RELATED_TO,USDOT,doc_42.txt_391
US,RELATED_TO,EPA,doc_42.txt_391
US,RELATED_TO,USDOT,doc_42.txt_391
EPA,RELATED_TO,USDOT,doc_42.txt_391
US,RELATED_TO,American Airlines,doc_42.txt_392
US,RELATED_TO,Delta Air Lines,doc_42.txt_392
US,RELATED_TO,US,doc_42.txt_392
US,RELATED_TO,United Airlines,doc_42.txt_392
American Airlines,RELATED_TO,Delta Air Lines,doc_42.txt_392
American Airlines,RELATED_TO,US,doc_42.txt_392
American Airlines,RELATED_TO,United Airlines,doc_42.txt_392
Delta Air Lines,RELATED_TO,US,doc_42.txt_392
Delta Air Lines,RELATED_TO,United Airlines,doc_42.txt_392
US,RELATED_TO,United Airlines,doc_42.txt_392
US,RELATED_TO,US,doc_42.txt_393
US,RELATED_TO,China,doc_42.txt_393
US,RELATED_TO,Cirium,doc_42.txt_393
US,RELATED_TO,94 percent,doc_42.txt_393
US,RELATED_TO,China,doc_42.txt_393
US,RELATED_TO,Cirium,doc_42.txt_393
US,RELATED_TO,94 percent,doc_42.txt_393
China,RELATED_TO,Cirium,doc_42.txt_393
China,RELATED_TO,94 percent,doc_42.txt_393
Cirium,RELATED_TO,94 percent,doc_42.txt_393
US,RELATED_TO,US,doc_42.txt_394
US,RELATED_TO,China,doc_42.txt_395
US,RELATED_TO,US,doc_42.txt_395
US,RELATED_TO,China,doc_42.txt_395
China,RELATED_TO,US,doc_42.txt_395
China,RELATED_TO,China,doc_42.txt_395
US,RELATED_TO,China,doc_42.txt_395
Joe Biden,RELATED_TO,John Kerry,doc_42.txt_396
Joe Biden,RELATED_TO,US,doc_42.txt_396
Joe Biden,RELATED_TO,US,doc_42.txt_396
Joe Biden,RELATED_TO,Reuters,doc_42.txt_396
John Kerry,RELATED_TO,US,doc_42.txt_396
John Kerry,RELATED_TO,US,doc_42.txt_396
John Kerry,RELATED_TO,Reuters,doc_42.txt_396
US,RELATED_TO,US,doc_42.txt_396
US,RELATED_TO,Reuters,doc_42.txt_396
US,RELATED_TO,Reuters,doc_42.txt_396
US,PARTNERS_WITH,State,doc_42.txt_397
US,PARTNERS_WITH,US,doc_42.txt_397
US,PARTNERS_WITH,SEC,doc_42.txt_397
US,PARTNERS_WITH,China,doc_42.txt_397
State,PARTNERS_WITH,US,doc_42.txt_397
State,PARTNERS_WITH,SEC,doc_42.txt_397
State,PARTNERS_WITH,China,doc_42.txt_397
US,PARTNERS_WITH,SEC,doc_42.txt_397
US,PARTNERS_WITH,China,doc_42.txt_397
SEC,PARTNERS_WITH,China,doc_42.txt_397
John Kerry,RELATED_TO,Egypt,doc_42.txt_398
John Kerry,RELATED_TO,Change Xie Zhenhua,doc_42.txt_398
John Kerry,RELATED_TO,COP27,doc_42.txt_398
John Kerry,RELATED_TO,Reuters,doc_42.txt_398
Egypt,RELATED_TO,Change Xie Zhenhua,doc_42.txt_398
Egypt,RELATED_TO,COP27,doc_42.txt_398
Egypt,RELATED_TO,Reuters,doc_42.txt_398
Change Xie Zhenhua,RELATED_TO,COP27,doc_42.txt_398
Change Xie Zhenhua,RELATED_TO,Reuters,doc_42.txt_398
COP27,RELATED_TO,Reuters,doc_42.txt_398
US,RELATED_TO,AmCham White Paper,doc_42.txt_399
US,RELATED_TO,State,doc_42.txt_399
US,RELATED_TO,US,doc_42.txt_399
US,RELATED_TO,SEC,doc_42.txt_399
AmCham White Paper,RELATED_TO,State,doc_42.txt_399
AmCham White Paper,RELATED_TO,US,doc_42.txt_399
AmCham White Paper,RELATED_TO,SEC,doc_42.txt_399
State,RELATED_TO,US,doc_42.txt_399
State,RELATED_TO,SEC,doc_42.txt_399
US,RELATED_TO,SEC,doc_42.txt_399
US,RELATED_TO,US,doc_42.txt_400
US,RELATED_TO,China,doc_42.txt_400
US,RELATED_TO,White Paper,doc_42.txt_400
US,RELATED_TO,China,doc_42.txt_400
US,RELATED_TO,China,doc_42.txt_400
US,RELATED_TO,White Paper,doc_42.txt_400
US,RELATED_TO,China,doc_42.txt_400
China,RELATED_TO,White Paper,doc_42.txt_400
China,RELATED_TO,China,doc_42.txt_400
White Paper,RELATED_TO,China,doc_42.txt_400
US,RELATED_TO,China,doc_42.txt_401
US,RELATED_TO,China,doc_42.txt_401
US,RELATED_TO,37 percent,doc_42.txt_401
US,RELATED_TO,AmCham,doc_42.txt_401
China,RELATED_TO,China,doc_42.txt_401
China,RELATED_TO,37 percent,doc_42.txt_401
China,RELATED_TO,AmCham,doc_42.txt_401
China,RELATED_TO,37 percent,doc_42.txt_401
China,RELATED_TO,AmCham,doc_42.txt_401
37 percent,RELATED_TO,AmCham,doc_42.txt_401
US,RELATED_TO,China,doc_42.txt_402
US,RELATED_TO,China,doc_42.txt_402
US,RELATED_TO,43 percent,doc_42.txt_402
US,RELATED_TO,31 percent,doc_42.txt_402
China,RELATED_TO,China,doc_42.txt_402
China,RELATED_TO,43 percent,doc_42.txt_402
China,RELATED_TO,31 percent,doc_42.txt_402
China,RELATED_TO,43 percent,doc_42.txt_402
China,RELATED_TO,31 percent,doc_42.txt_402
43 percent,RELATED_TO,31 percent,doc_42.txt_402
US,RELATED_TO,US Treasury,doc_42.txt_403
US,RELATED_TO,US,doc_42.txt_403
US,RELATED_TO,SEC,doc_42.txt_403
US,RELATED_TO,Janet Yellen,doc_42.txt_403
US Treasury,RELATED_TO,US,doc_42.txt_403
US Treasury,RELATED_TO,SEC,doc_42.txt_403
US Treasury,RELATED_TO,Janet Yellen,doc_42.txt_403
US,RELATED_TO,SEC,doc_42.txt_403
US,RELATED_TO,Janet Yellen,doc_42.txt_403
SEC,RELATED_TO,Janet Yellen,doc_42.txt_403
US,RELATED_TO,US Treasury,doc_42.txt_404
US,RELATED_TO,US,doc_42.txt_404
US,RELATED_TO,SEC,doc_42.txt_404
US,RELATED_TO,Janet Yellen,doc_42.txt_404
US Treasury,RELATED_TO,US,doc_42.txt_404
US Treasury,RELATED_TO,SEC,doc_42.txt_404
US Treasury,RELATED_TO,Janet Yellen,doc_42.txt_404
US,RELATED_TO,SEC,doc_42.txt_404
US,RELATED_TO,Janet Yellen,doc_42.txt_404
SEC,RELATED_TO,Janet Yellen,doc_42.txt_404
US,RELATED_TO,US,doc_42.txt_405
US,RELATED_TO,DOE,doc_42.txt_405
US,RELATED_TO,EPA,doc_42.txt_405
US,RELATED_TO,China,doc_42.txt_405
US,RELATED_TO,DOE,doc_42.txt_405
US,RELATED_TO,EPA,doc_42.txt_405
US,RELATED_TO,China,doc_42.txt_405
DOE,RELATED_TO,EPA,doc_42.txt_405
DOE,RELATED_TO,China,doc_42.txt_405
EPA,RELATED_TO,China,doc_42.txt_405
US,RELATED_TO,SEC,doc_42.txt_406
US,RELATED_TO,American,doc_42.txt_406
US,RELATED_TO,China,doc_42.txt_406
US,RELATED_TO,China,doc_42.txt_406
SEC,RELATED_TO,American,doc_42.txt_406
SEC,RELATED_TO,China,doc_42.txt_406
SEC,RELATED_TO,China,doc_42.txt_406
American,RELATED_TO,China,doc_42.txt_406
American,RELATED_TO,China,doc_42.txt_406
China,RELATED_TO,China,doc_42.txt_406
US,PARTNERS_WITH,China,doc_42.txt_407
US,PARTNERS_WITH,American,doc_42.txt_407
US,PARTNERS_WITH,China,doc_42.txt_407
China,PARTNERS_WITH,American,doc_42.txt_407
China,PARTNERS_WITH,China,doc_42.txt_407
American,PARTNERS_WITH,China,doc_42.txt_407
US,RELATED_TO,US,doc_42.txt_408
US,RELATED_TO,SEC,doc_42.txt_408
US,RELATED_TO,EPA,doc_42.txt_408
US,RELATED_TO,BIS,doc_42.txt_408
US,RELATED_TO,SEC,doc_42.txt_408
US,RELATED_TO,EPA,doc_42.txt_408
US,RELATED_TO,BIS,doc_42.txt_408
SEC,RELATED_TO,EPA,doc_42.txt_408
SEC,RELATED_TO,BIS,doc_42.txt_408
EPA,RELATED_TO,BIS,doc_42.txt_408
3HC Semiconductors,RELATED_TO,ETC Electronics,doc_42.txt_409
3HC Semiconductors,RELATED_TO,US,doc_42.txt_409
3HC Semiconductors,RELATED_TO,TikTok,doc_42.txt_409
3HC Semiconductors,RELATED_TO,Montana,doc_42.txt_409
ETC Electronics,RELATED_TO,US,doc_42.txt_409
ETC Electronics,RELATED_TO,TikTok,doc_42.txt_409
ETC Electronics,RELATED_TO,Montana,doc_42.txt_409
US,RELATED_TO,TikTok,doc_42.txt_409
US,RELATED_TO,Montana,doc_42.txt_409
TikTok,RELATED_TO,Montana,doc_42.txt_409
China’s ByteDance,RELATED_TO,Greg Gianforte,doc_42.txt_410
China’s ByteDance,RELATED_TO,US,doc_42.txt_410
China’s ByteDance,RELATED_TO,TikTok,doc_42.txt_410
China’s ByteDance,RELATED_TO,Montana,doc_42.txt_410
Greg Gianforte,RELATED_TO,US,doc_42.txt_410
Greg Gianforte,RELATED_TO,TikTok,doc_42.txt_410
Greg Gianforte,RELATED_TO,Montana,doc_42.txt_410
US,RELATED_TO,TikTok,doc_42.txt_410
US,RELATED_TO,Montana,doc_42.txt_410
TikTok,RELATED_TO,Montana,doc_42.txt_410
Google,RELATED_TO,US,doc_42.txt_411
Google,RELATED_TO,US,doc_42.txt_411
Google,RELATED_TO,TikTok,doc_42.txt_411
Google,RELATED_TO,Montana,doc_42.txt_411
US,RELATED_TO,US,doc_42.txt_411
US,RELATED_TO,TikTok,doc_42.txt_411
US,RELATED_TO,Montana,doc_42.txt_411
US,RELATED_TO,TikTok,doc_42.txt_411
US,RELATED_TO,Montana,doc_42.txt_411
TikTok,RELATED_TO,Montana,doc_42.txt_411
US,MANUFACTURES,United States,doc_42.txt_412
US,MANUFACTURES,the Committee on Foreign Investment,doc_42.txt_412
US,MANUFACTURES,US,doc_42.txt_412
US,MANUFACTURES,TikTok,doc_42.txt_412
United States,MANUFACTURES,the Committee on Foreign Investment,doc_42.txt_412
United States,MANUFACTURES,US,doc_42.txt_412
United States,MANUFACTURES,TikTok,doc_42.txt_412
the Committee on Foreign Investment,MANUFACTURES,US,doc_42.txt_412
the Committee on Foreign Investment,MANUFACTURES,TikTok,doc_42.txt_412
US,MANUFACTURES,TikTok,doc_42.txt_412
US,RELATED_TO,China,doc_42.txt_413
US,RELATED_TO,US,doc_42.txt_413
US,RELATED_TO,Hong Kong,doc_42.txt_413
China,RELATED_TO,US,doc_42.txt_413
China,RELATED_TO,Hong Kong,doc_42.txt_413
US,RELATED_TO,Hong Kong,doc_42.txt_413
US,RELATED_TO,US,doc_42.txt_414
US,RELATED_TO,Reuters,doc_42.txt_414
US,RELATED_TO,EU,doc_42.txt_414
US,RELATED_TO,Chinese,doc_42.txt_414
US,RELATED_TO,Reuters,doc_42.txt_414
US,RELATED_TO,EU,doc_42.txt_414
US,RELATED_TO,Chinese,doc_42.txt_414
Reuters,RELATED_TO,EU,doc_42.txt_414
Reuters,RELATED_TO,Chinese,doc_42.txt_414
EU,RELATED_TO,Chinese,doc_42.txt_414
US,RELATED_TO,US,doc_42.txt_415
US,RELATED_TO,SEC,doc_42.txt_415
US,RELATED_TO,the Securities Exchange Commission,doc_42.txt_415
US,RELATED_TO,China,doc_42.txt_415
US,RELATED_TO,SEC,doc_42.txt_415
US,RELATED_TO,the Securities Exchange Commission,doc_42.txt_415
US,RELATED_TO,China,doc_42.txt_415
SEC,RELATED_TO,the Securities Exchange Commission,doc_42.txt_415
SEC,RELATED_TO,China,doc_42.txt_415
the Securities Exchange Commission,RELATED_TO,China,doc_42.txt_415
US,RELATED_TO,Hong Kong,doc_42.txt_416
US Commerce Department,RELATED_TO,US,doc_42.txt_417
US Commerce Department,RELATED_TO,PricewaterhouseCoopers,doc_42.txt_417
US Commerce Department,RELATED_TO,EY,doc_42.txt_417
US Commerce Department,RELATED_TO,EPA,doc_42.txt_417
US,RELATED_TO,PricewaterhouseCoopers,doc_42.txt_417
US,RELATED_TO,EY,doc_42.txt_417
US,RELATED_TO,EPA,doc_42.txt_417
PricewaterhouseCoopers,RELATED_TO,EY,doc_42.txt_417
PricewaterhouseCoopers,RELATED_TO,EPA,doc_42.txt_417
EY,RELATED_TO,EPA,doc_42.txt_417
US,RELATED_TO,SEC,doc_42.txt_418
US,RELATED_TO,EPA,doc_42.txt_418
US,RELATED_TO,BIS,doc_42.txt_418
US,RELATED_TO,PRC,doc_42.txt_418
SEC,RELATED_TO,EPA,doc_42.txt_418
SEC,RELATED_TO,BIS,doc_42.txt_418
SEC,RELATED_TO,PRC,doc_42.txt_418
EPA,RELATED_TO,BIS,doc_42.txt_418
EPA,RELATED_TO,PRC,doc_42.txt_418
BIS,RELATED_TO,PRC,doc_42.txt_418
Inspur Group,RELATED_TO,Inspur,doc_42.txt_419
Inspur Group,RELATED_TO,US,doc_42.txt_419
Inspur Group,RELATED_TO,Intel,doc_42.txt_419
Inspur Group,RELATED_TO,BGI Research,doc_42.txt_419
Inspur,RELATED_TO,US,doc_42.txt_419
Inspur,RELATED_TO,Intel,doc_42.txt_419
Inspur,RELATED_TO,BGI Research,doc_42.txt_419
US,RELATED_TO,Intel,doc_42.txt_419
US,RELATED_TO,BGI Research,doc_42.txt_419
Intel,RELATED_TO,BGI Research,doc_42.txt_419
DOE,RELATED_TO,BIS,doc_42.txt_420
DOE,RELATED_TO,BGI,doc_42.txt_420
DOE,RELATED_TO,Uighurs,doc_42.txt_420
BIS,RELATED_TO,BGI,doc_42.txt_420
BIS,RELATED_TO,Uighurs,doc_42.txt_420
BGI,RELATED_TO,Uighurs,doc_42.txt_420
US,RELATED_TO,State,doc_42.txt_421
US,RELATED_TO,US,doc_42.txt_421
US,RELATED_TO,SEC,doc_42.txt_421
US,RELATED_TO,Spokesperson Wang Yi Holds,doc_42.txt_421
State,RELATED_TO,US,doc_42.txt_421
State,RELATED_TO,SEC,doc_42.txt_421
State,RELATED_TO,Spokesperson Wang Yi Holds,doc_42.txt_421
US,RELATED_TO,SEC,doc_42.txt_421
US,RELATED_TO,Spokesperson Wang Yi Holds,doc_42.txt_421
SEC,RELATED_TO,Spokesperson Wang Yi Holds,doc_42.txt_421
US,RELATED_TO,State,doc_42.txt_422
US,RELATED_TO,US,doc_42.txt_422
US,RELATED_TO,SEC,doc_42.txt_422
US,RELATED_TO,Wang Yi,doc_42.txt_422
State,RELATED_TO,US,doc_42.txt_422
State,RELATED_TO,SEC,doc_42.txt_422
State,RELATED_TO,Wang Yi,doc_42.txt_422
US,RELATED_TO,SEC,doc_42.txt_422
US,RELATED_TO,Wang Yi,doc_42.txt_422
SEC,RELATED_TO,Wang Yi,doc_42.txt_422
US,RELATED_TO,the White House,doc_42.txt_423
US,RELATED_TO,U.S.,doc_42.txt_423
US,RELATED_TO,Blinken,doc_42.txt_423
the White House,RELATED_TO,U.S.,doc_42.txt_423
the White House,RELATED_TO,Blinken,doc_42.txt_423
U.S.,RELATED_TO,Blinken,doc_42.txt_423
the International Civil Aviation Covenant,RELATED_TO,US,doc_42.txt_424
the International Civil Aviation Covenant,RELATED_TO,US,doc_42.txt_424
the International Civil Aviation Covenant,RELATED_TO,China,doc_42.txt_424
the International Civil Aviation Covenant,RELATED_TO,China,doc_42.txt_424
US,RELATED_TO,US,doc_42.txt_424
US,RELATED_TO,China,doc_42.txt_424
US,RELATED_TO,China,doc_42.txt_424
US,RELATED_TO,China,doc_42.txt_424
US,RELATED_TO,China,doc_42.txt_424
China,RELATED_TO,China,doc_42.txt_424
US,PARTNERS_WITH,Blinken,doc_42.txt_425
US,PARTNERS_WITH,China,doc_42.txt_425
US,PARTNERS_WITH,China,doc_42.txt_425
US,PARTNERS_WITH,Chinese,doc_42.txt_425
Blinken,PARTNERS_WITH,China,doc_42.txt_425
Blinken,PARTNERS_WITH,China,doc_42.txt_425
Blinken,PARTNERS_WITH,Chinese,doc_42.txt_425
China,PARTNERS_WITH,China,doc_42.txt_425
China,PARTNERS_WITH,Chinese,doc_42.txt_425
China,PARTNERS_WITH,Chinese,doc_42.txt_425
US,RELATED_TO,China,doc_42.txt_426
US,RELATED_TO,US,doc_42.txt_426
US,RELATED_TO,China,doc_42.txt_426
China,RELATED_TO,US,doc_42.txt_426
China,RELATED_TO,China,doc_42.txt_426
US,RELATED_TO,China,doc_42.txt_426
US,RELATED_TO,US,doc_42.txt_427
US,RELATED_TO,SEC,doc_42.txt_427
US,RELATED_TO,Lockheed Martin Corporation,doc_42.txt_427
US,RELATED_TO,List of Unreliable Entities,doc_42.txt_427
US,RELATED_TO,SEC,doc_42.txt_427
US,RELATED_TO,Lockheed Martin Corporation,doc_42.txt_427
US,RELATED_TO,List of Unreliable Entities,doc_42.txt_427
SEC,RELATED_TO,Lockheed Martin Corporation,doc_42.txt_427
SEC,RELATED_TO,List of Unreliable Entities,doc_42.txt_427
Lockheed Martin Corporation,RELATED_TO,List of Unreliable Entities,doc_42.txt_427
US,RELATED_TO,US,doc_42.txt_428
US,RELATED_TO,Raytheon Missiles & Defense,doc_42.txt_428
US,RELATED_TO,China,doc_42.txt_428
US,RELATED_TO,China,doc_42.txt_428
US,RELATED_TO,Raytheon Missiles & Defense,doc_42.txt_428
US,RELATED_TO,China,doc_42.txt_428
US,RELATED_TO,China,doc_42.txt_428
Raytheon Missiles & Defense,RELATED_TO,China,doc_42.txt_428
Raytheon Missiles & Defense,RELATED_TO,China,doc_42.txt_428
China,RELATED_TO,China,doc_42.txt_428
US,RELATED_TO,the State Council,doc_42.txt_429
US,RELATED_TO,US,doc_42.txt_429
US,RELATED_TO,SEC,doc_42.txt_429
US,RELATED_TO,China,doc_42.txt_429
the State Council,RELATED_TO,US,doc_42.txt_429
the State Council,RELATED_TO,SEC,doc_42.txt_429
the State Council,RELATED_TO,China,doc_42.txt_429
US,RELATED_TO,SEC,doc_42.txt_429
US,RELATED_TO,China,doc_42.txt_429
SEC,RELATED_TO,China,doc_42.txt_429
US,RELATED_TO,State,doc_42.txt_430
US,RELATED_TO,US,doc_42.txt_430
US,RELATED_TO,SEC,doc_42.txt_430
US,RELATED_TO,China,doc_42.txt_430
State,RELATED_TO,US,doc_42.txt_430
State,RELATED_TO,SEC,doc_42.txt_430
State,RELATED_TO,China,doc_42.txt_430
US,RELATED_TO,SEC,doc_42.txt_430
US,RELATED_TO,China,doc_42.txt_430
SEC,RELATED_TO,China,doc_42.txt_430
US,RELATED_TO,State,doc_42.txt_431
US,RELATED_TO,US,doc_42.txt_431
US,RELATED_TO,SEC,doc_42.txt_431
US,RELATED_TO,the Chinese Foreign Ministry,doc_42.txt_431
State,RELATED_TO,US,doc_42.txt_431
State,RELATED_TO,SEC,doc_42.txt_431
State,RELATED_TO,the Chinese Foreign Ministry,doc_42.txt_431
US,RELATED_TO,SEC,doc_42.txt_431
US,RELATED_TO,the Chinese Foreign Ministry,doc_42.txt_431
SEC,RELATED_TO,the Chinese Foreign Ministry,doc_42.txt_431
US,RELATED_TO,Chinese,doc_42.txt_432
US,RELATED_TO,China,doc_42.txt_433
US,RELATED_TO,US,doc_42.txt_433
US,RELATED_TO,China,doc_42.txt_433
China,RELATED_TO,US,doc_42.txt_433
China,RELATED_TO,China,doc_42.txt_433
US,RELATED_TO,China,doc_42.txt_433
US,RELATED_TO,US House of Representatives Votes,doc_42.txt_434
US,RELATED_TO,US,doc_42.txt_434
US,RELATED_TO,Biden,doc_42.txt_434
US,RELATED_TO,Blinken,doc_42.txt_434
US House of Representatives Votes,RELATED_TO,US,doc_42.txt_434
US House of Representatives Votes,RELATED_TO,Biden,doc_42.txt_434
US House of Representatives Votes,RELATED_TO,Blinken,doc_42.txt_434
US,RELATED_TO,Biden,doc_42.txt_434
US,RELATED_TO,Blinken,doc_42.txt_434
Biden,RELATED_TO,Blinken,doc_42.txt_434
US,RELATED_TO,China,doc_42.txt_435
US,RELATED_TO,The US House of Representatives,doc_42.txt_435
US,RELATED_TO,China,doc_42.txt_435
China,RELATED_TO,The US House of Representatives,doc_42.txt_435
China,RELATED_TO,China,doc_42.txt_435
The US House of Representatives,RELATED_TO,China,doc_42.txt_435
Congress,RELATED_TO,US,doc_42.txt_436
Congress,RELATED_TO,United States,doc_42.txt_436
Congress,RELATED_TO,US,doc_42.txt_436
Congress,RELATED_TO,SEC,doc_42.txt_436
US,RELATED_TO,United States,doc_42.txt_436
US,RELATED_TO,US,doc_42.txt_436
US,RELATED_TO,SEC,doc_42.txt_436
United States,RELATED_TO,US,doc_42.txt_436
United States,RELATED_TO,SEC,doc_42.txt_436
US,RELATED_TO,SEC,doc_42.txt_436
Democrats,RELATED_TO,Republicans,doc_42.txt_437
US,RELATED_TO,US,doc_42.txt_438
US,RELATED_TO,China,doc_42.txt_438
US,RELATED_TO,China,doc_42.txt_438
US,RELATED_TO,Spokesperson Wang Wenbin,doc_42.txt_438
US,RELATED_TO,China,doc_42.txt_438
US,RELATED_TO,China,doc_42.txt_438
US,RELATED_TO,Spokesperson Wang Wenbin,doc_42.txt_438
China,RELATED_TO,China,doc_42.txt_438
China,RELATED_TO,Spokesperson Wang Wenbin,doc_42.txt_438
China,RELATED_TO,Spokesperson Wang Wenbin,doc_42.txt_438
US,RELATED_TO,US,doc_42.txt_439
US,RELATED_TO,China,doc_42.txt_439
US,RELATED_TO,China,doc_42.txt_439
US,RELATED_TO,Chinese,doc_42.txt_439
US,RELATED_TO,China,doc_42.txt_439
US,RELATED_TO,China,doc_42.txt_439
US,RELATED_TO,Chinese,doc_42.txt_439
China,RELATED_TO,China,doc_42.txt_439
China,RELATED_TO,Chinese,doc_42.txt_439
China,RELATED_TO,Chinese,doc_42.txt_439
KPMG Huazhen LLP,LOCATED_IN,US,doc_42.txt_440
KPMG Huazhen LLP,LOCATED_IN,US,doc_42.txt_440
KPMG Huazhen LLP,LOCATED_IN,PricewaterhouseCoopers,doc_42.txt_440
KPMG Huazhen LLP,LOCATED_IN,SEC,doc_42.txt_440
US,LOCATED_IN,US,doc_42.txt_440
US,LOCATED_IN,PricewaterhouseCoopers,doc_42.txt_440
US,LOCATED_IN,SEC,doc_42.txt_440
US,LOCATED_IN,PricewaterhouseCoopers,doc_42.txt_440
US,LOCATED_IN,SEC,doc_42.txt_440
PricewaterhouseCoopers,LOCATED_IN,SEC,doc_42.txt_440
US,RELATED_TO,US,doc_42.txt_441
US,RELATED_TO,SEC,doc_42.txt_441
US,RELATED_TO,DOE,doc_42.txt_441
US,RELATED_TO,the Securities Exchange Commission,doc_42.txt_441
US,RELATED_TO,SEC,doc_42.txt_441
US,RELATED_TO,DOE,doc_42.txt_441
US,RELATED_TO,the Securities Exchange Commission,doc_42.txt_441
SEC,RELATED_TO,DOE,doc_42.txt_441
SEC,RELATED_TO,the Securities Exchange Commission,doc_42.txt_441
DOE,RELATED_TO,the Securities Exchange Commission,doc_42.txt_441
US,RELATED_TO,United States,doc_42.txt_443
US,RELATED_TO,US,doc_42.txt_443
US,RELATED_TO,The United States Trade Commission,doc_42.txt_443
US,RELATED_TO,China,doc_42.txt_443
United States,RELATED_TO,US,doc_42.txt_443
United States,RELATED_TO,The United States Trade Commission,doc_42.txt_443
United States,RELATED_TO,China,doc_42.txt_443
US,RELATED_TO,The United States Trade Commission,doc_42.txt_443
US,RELATED_TO,China,doc_42.txt_443
The United States Trade Commission,RELATED_TO,China,doc_42.txt_443
The Customs Tariff Commission,RELATED_TO,US,doc_42.txt_444
The Customs Tariff Commission,RELATED_TO,US$360 billion,doc_42.txt_444
The Customs Tariff Commission,RELATED_TO,US,doc_42.txt_444
The Customs Tariff Commission,RELATED_TO,SEC,doc_42.txt_444
US,RELATED_TO,US$360 billion,doc_42.txt_444
US,RELATED_TO,US,doc_42.txt_444
US,RELATED_TO,SEC,doc_42.txt_444
US$360 billion,RELATED_TO,US,doc_42.txt_444
US$360 billion,RELATED_TO,SEC,doc_42.txt_444
US,RELATED_TO,SEC,doc_42.txt_444
Biden,RELATED_TO,Xi Hold,doc_42.txt_445
Joe Biden,RELATED_TO,US,doc_42.txt_446
Joe Biden,RELATED_TO,the G20 Summit,doc_42.txt_446
Joe Biden,RELATED_TO,MOFA,doc_42.txt_446
Joe Biden,RELATED_TO,Bali,doc_42.txt_446
US,RELATED_TO,the G20 Summit,doc_42.txt_446
US,RELATED_TO,MOFA,doc_42.txt_446
US,RELATED_TO,Bali,doc_42.txt_446
the G20 Summit,RELATED_TO,MOFA,doc_42.txt_446
the G20 Summit,RELATED_TO,Bali,doc_42.txt_446
MOFA,RELATED_TO,Bali,doc_42.txt_446
US,RELATED_TO,SEC,doc_42.txt_447
US,RELATED_TO,the White House,doc_42.txt_447
SEC,RELATED_TO,the White House,doc_42.txt_447
US,RELATED_TO,the White House,doc_42.txt_448
United States,RELATED_TO,Biden,doc_42.txt_449
United States,RELATED_TO,the United States,doc_42.txt_449
United States,RELATED_TO,China,doc_42.txt_449
United States,RELATED_TO,China,doc_42.txt_449
Biden,RELATED_TO,the United States,doc_42.txt_449
Biden,RELATED_TO,China,doc_42.txt_449
Biden,RELATED_TO,China,doc_42.txt_449
the United States,RELATED_TO,China,doc_42.txt_449
the United States,RELATED_TO,China,doc_42.txt_449
China,RELATED_TO,China,doc_42.txt_449
US,RELATED_TO,MOFA,doc_42.txt_450
US,RELATED_TO,US,doc_42.txt_450
US,RELATED_TO,SEC,doc_42.txt_450
US,RELATED_TO,Biden,doc_42.txt_450
MOFA,RELATED_TO,US,doc_42.txt_450
MOFA,RELATED_TO,SEC,doc_42.txt_450
MOFA,RELATED_TO,Biden,doc_42.txt_450
US,RELATED_TO,SEC,doc_42.txt_450
US,RELATED_TO,Biden,doc_42.txt_450
SEC,RELATED_TO,Biden,doc_42.txt_450
US,RELATED_TO,MOFA,doc_42.txt_451
US,RELATED_TO,United States,doc_42.txt_451
US,RELATED_TO,US,doc_42.txt_451
US,RELATED_TO,The White House,doc_42.txt_451
MOFA,RELATED_TO,United States,doc_42.txt_451
MOFA,RELATED_TO,US,doc_42.txt_451
MOFA,RELATED_TO,The White House,doc_42.txt_451
United States,RELATED_TO,US,doc_42.txt_451
United States,RELATED_TO,The White House,doc_42.txt_451
US,RELATED_TO,The White House,doc_42.txt_451
US,RELATED_TO,MOFA,doc_42.txt_452
US,RELATED_TO,United States,doc_42.txt_452
US,RELATED_TO,US,doc_42.txt_452
US,RELATED_TO,Biden,doc_42.txt_452
MOFA,RELATED_TO,United States,doc_42.txt_452
MOFA,RELATED_TO,US,doc_42.txt_452
MOFA,RELATED_TO,Biden,doc_42.txt_452
United States,RELATED_TO,US,doc_42.txt_452
United States,RELATED_TO,Biden,doc_42.txt_452
US,RELATED_TO,Biden,doc_42.txt_452
United States,RELATED_TO,US,doc_42.txt_453
United States,RELATED_TO,Biden,doc_42.txt_453
United States,RELATED_TO,PRC,doc_42.txt_453
United States,RELATED_TO,the United States,doc_42.txt_453
US,RELATED_TO,Biden,doc_42.txt_453
US,RELATED_TO,PRC,doc_42.txt_453
US,RELATED_TO,the United States,doc_42.txt_453
Biden,RELATED_TO,PRC,doc_42.txt_453
Biden,RELATED_TO,the United States,doc_42.txt_453
PRC,RELATED_TO,the United States,doc_42.txt_453
State,SURPASSED,US,doc_42.txt_454
State,SURPASSED,SEC,doc_42.txt_454
State,SURPASSED,EPA,doc_42.txt_454
State,SURPASSED,Biden,doc_42.txt_454
US,SURPASSED,SEC,doc_42.txt_454
US,SURPASSED,EPA,doc_42.txt_454
US,SURPASSED,Biden,doc_42.txt_454
SEC,SURPASSED,EPA,doc_42.txt_454
SEC,SURPASSED,Biden,doc_42.txt_454
EPA,SURPASSED,Biden,doc_42.txt_454
Joe Biden,SURPASSED,US,doc_42.txt_455
Joe Biden,SURPASSED,the G20 Summit,doc_42.txt_455
Joe Biden,SURPASSED,Bali,doc_42.txt_455
Joe Biden,SURPASSED,US,doc_42.txt_455
US,SURPASSED,the G20 Summit,doc_42.txt_455
US,SURPASSED,Bali,doc_42.txt_455
US,SURPASSED,US,doc_42.txt_455
the G20 Summit,SURPASSED,Bali,doc_42.txt_455
the G20 Summit,SURPASSED,US,doc_42.txt_455
Bali,SURPASSED,US,doc_42.txt_455
US,RELATED_TO,China,doc_42.txt_456
US,RELATED_TO,China,doc_42.txt_456
US,RELATED_TO,Biden,doc_42.txt_456
China,RELATED_TO,China,doc_42.txt_456
China,RELATED_TO,Biden,doc_42.txt_456
China,RELATED_TO,Biden,doc_42.txt_456
Thailand,RELATED_TO,US,doc_42.txt_457
Thailand,RELATED_TO,EPA,doc_42.txt_457
Thailand,RELATED_TO,Xi Jinping,doc_42.txt_457
Thailand,RELATED_TO,Bangkok,doc_42.txt_457
US,RELATED_TO,EPA,doc_42.txt_457
US,RELATED_TO,Xi Jinping,doc_42.txt_457
US,RELATED_TO,Bangkok,doc_42.txt_457
EPA,RELATED_TO,Xi Jinping,doc_42.txt_457
EPA,RELATED_TO,Bangkok,doc_42.txt_457
Xi Jinping,RELATED_TO,Bangkok,doc_42.txt_457
the Bureau of Industry and Security,RELATED_TO,US,doc_42.txt_458
the Bureau of Industry and Security,RELATED_TO,US,doc_42.txt_458
the Bureau of Industry and Security,RELATED_TO,SEC,doc_42.txt_458
the Bureau of Industry and Security,RELATED_TO,EPA,doc_42.txt_458
US,RELATED_TO,US,doc_42.txt_458
US,RELATED_TO,SEC,doc_42.txt_458
US,RELATED_TO,EPA,doc_42.txt_458
US,RELATED_TO,SEC,doc_42.txt_458
US,RELATED_TO,EPA,doc_42.txt_458
SEC,RELATED_TO,EPA,doc_42.txt_458
US,MANUFACTURES,SEC,doc_42.txt_459
US,MANUFACTURES,PRC,doc_42.txt_459
US,MANUFACTURES,the People’s Republic of China’s,doc_42.txt_459
US,MANUFACTURES,China,doc_42.txt_459
SEC,MANUFACTURES,PRC,doc_42.txt_459
SEC,MANUFACTURES,the People’s Republic of China’s,doc_42.txt_459
SEC,MANUFACTURES,China,doc_42.txt_459
PRC,MANUFACTURES,the People’s Republic of China’s,doc_42.txt_459
PRC,MANUFACTURES,China,doc_42.txt_459
the People’s Republic of China’s,MANUFACTURES,China,doc_42.txt_459
US,MANUFACTURES,US,doc_42.txt_460
US,MANUFACTURES,PRC,doc_42.txt_460
US,MANUFACTURES,China,doc_42.txt_460
US,MANUFACTURES,China,doc_42.txt_460
US,MANUFACTURES,PRC,doc_42.txt_460
US,MANUFACTURES,China,doc_42.txt_460
US,MANUFACTURES,China,doc_42.txt_460
PRC,MANUFACTURES,China,doc_42.txt_460
PRC,MANUFACTURES,China,doc_42.txt_460
China,MANUFACTURES,China,doc_42.txt_460
US,RELATED_TO,United States,doc_42.txt_461
US,RELATED_TO,US,doc_42.txt_461
US,RELATED_TO,China,doc_42.txt_461
US,RELATED_TO,China,doc_42.txt_461
United States,RELATED_TO,US,doc_42.txt_461
United States,RELATED_TO,China,doc_42.txt_461
United States,RELATED_TO,China,doc_42.txt_461
US,RELATED_TO,China,doc_42.txt_461
US,RELATED_TO,China,doc_42.txt_461
China,RELATED_TO,China,doc_42.txt_461
TSMC,MANUFACTURES,US,doc_42.txt_462
TSMC,MANUFACTURES,US,doc_42.txt_462
TSMC,MANUFACTURES,UN General Assembly,doc_42.txt_462
TSMC,MANUFACTURES,China,doc_42.txt_462
US,MANUFACTURES,US,doc_42.txt_462
US,MANUFACTURES,UN General Assembly,doc_42.txt_462
US,MANUFACTURES,China,doc_42.txt_462
US,MANUFACTURES,UN General Assembly,doc_42.txt_462
US,MANUFACTURES,China,doc_42.txt_462
UN General Assembly,MANUFACTURES,China,doc_42.txt_462
US,RELATED_TO,State,doc_42.txt_463
US,RELATED_TO,US,doc_42.txt_463
US,RELATED_TO,SEC,doc_42.txt_463
US,RELATED_TO,Wang Yi,doc_42.txt_463
State,RELATED_TO,US,doc_42.txt_463
State,RELATED_TO,SEC,doc_42.txt_463
State,RELATED_TO,Wang Yi,doc_42.txt_463
US,RELATED_TO,SEC,doc_42.txt_463
US,RELATED_TO,Wang Yi,doc_42.txt_463
SEC,RELATED_TO,Wang Yi,doc_42.txt_463
US,RELATED_TO,Wang Yi,doc_42.txt_464
US,RELATED_TO,Blinken,doc_42.txt_464
US,RELATED_TO,the White House,doc_42.txt_464
US,RELATED_TO,the Chinese Ministry of Foreign Affairs,doc_42.txt_464
Wang Yi,RELATED_TO,Blinken,doc_42.txt_464
Wang Yi,RELATED_TO,the White House,doc_42.txt_464
Wang Yi,RELATED_TO,the Chinese Ministry of Foreign Affairs,doc_42.txt_464
Blinken,RELATED_TO,the White House,doc_42.txt_464
Blinken,RELATED_TO,the Chinese Ministry of Foreign Affairs,doc_42.txt_464
the White House,RELATED_TO,the Chinese Ministry of Foreign Affairs,doc_42.txt_464
US,RELATED_TO,US,doc_42.txt_465
US,RELATED_TO,Wang Yi,doc_42.txt_465
US,RELATED_TO,China,doc_42.txt_465
US,RELATED_TO,China,doc_42.txt_465
US,RELATED_TO,Wang Yi,doc_42.txt_465
US,RELATED_TO,China,doc_42.txt_465
US,RELATED_TO,China,doc_42.txt_465
Wang Yi,RELATED_TO,China,doc_42.txt_465
Wang Yi,RELATED_TO,China,doc_42.txt_465
China,RELATED_TO,China,doc_42.txt_465
US,RELATED_TO,SEC,doc_42.txt_466
US,RELATED_TO,Moscow,doc_42.txt_466
US,RELATED_TO,PRC,doc_42.txt_466
US,RELATED_TO,China,doc_42.txt_466
SEC,RELATED_TO,Moscow,doc_42.txt_466
SEC,RELATED_TO,PRC,doc_42.txt_466
SEC,RELATED_TO,China,doc_42.txt_466
Moscow,RELATED_TO,PRC,doc_42.txt_466
Moscow,RELATED_TO,China,doc_42.txt_466
PRC,RELATED_TO,China,doc_42.txt_466
US,RELATED_TO,US,doc_42.txt_467
US,RELATED_TO,SEC,doc_42.txt_467
US,RELATED_TO,China,doc_42.txt_467
US,RELATED_TO,China,doc_42.txt_467
US,RELATED_TO,SEC,doc_42.txt_467
US,RELATED_TO,China,doc_42.txt_467
US,RELATED_TO,China,doc_42.txt_467
SEC,RELATED_TO,China,doc_42.txt_467
SEC,RELATED_TO,China,doc_42.txt_467
China,RELATED_TO,China,doc_42.txt_467
the China Securities Regulatory Commission,RELATED_TO,CSRC,doc_42.txt_468
the China Securities Regulatory Commission,RELATED_TO,Ministry of Finance,doc_42.txt_468
the China Securities Regulatory Commission,RELATED_TO,US,doc_42.txt_468
the China Securities Regulatory Commission,RELATED_TO,SEC,doc_42.txt_468
CSRC,RELATED_TO,Ministry of Finance,doc_42.txt_468
CSRC,RELATED_TO,US,doc_42.txt_468
CSRC,RELATED_TO,SEC,doc_42.txt_468
Ministry of Finance,RELATED_TO,US,doc_42.txt_468
Ministry of Finance,RELATED_TO,SEC,doc_42.txt_468
US,RELATED_TO,SEC,doc_42.txt_468
US,RELATED_TO,US,doc_42.txt_469
US,RELATED_TO,SEC,doc_42.txt_469
US,RELATED_TO,China,doc_42.txt_469
US,RELATED_TO,China,doc_42.txt_469
US,RELATED_TO,SEC,doc_42.txt_469
US,RELATED_TO,China,doc_42.txt_469
US,RELATED_TO,China,doc_42.txt_469
SEC,RELATED_TO,China,doc_42.txt_469
SEC,RELATED_TO,China,doc_42.txt_469
China,RELATED_TO,China,doc_42.txt_469
US,INVESTED_IN,6 percent,doc_42.txt_472
US,INVESTED_IN,Chinese,doc_42.txt_472
6 percent,INVESTED_IN,Chinese,doc_42.txt_472
US,RELATED_TO,CSRC,doc_42.txt_473
US,RELATED_TO,US,doc_42.txt_473
US,RELATED_TO,Q&A,doc_42.txt_473
US,RELATED_TO,Chinese,doc_42.txt_473
CSRC,RELATED_TO,US,doc_42.txt_473
CSRC,RELATED_TO,Q&A,doc_42.txt_473
CSRC,RELATED_TO,Chinese,doc_42.txt_473
US,RELATED_TO,Q&A,doc_42.txt_473
US,RELATED_TO,Chinese,doc_42.txt_473
Q&A,RELATED_TO,Chinese,doc_42.txt_473
US,RELATED_TO,the US Commerce Department,doc_42.txt_476
US,RELATED_TO,US,doc_42.txt_476
US,RELATED_TO,SEC,doc_42.txt_476
US,RELATED_TO,EPA,doc_42.txt_476
the US Commerce Department,RELATED_TO,US,doc_42.txt_476
the US Commerce Department,RELATED_TO,SEC,doc_42.txt_476
the US Commerce Department,RELATED_TO,EPA,doc_42.txt_476
US,RELATED_TO,SEC,doc_42.txt_476
US,RELATED_TO,EPA,doc_42.txt_476
SEC,RELATED_TO,EPA,doc_42.txt_476
US,RELATED_TO,the Biden Administration,doc_42.txt_477
US,RELATED_TO,US,doc_42.txt_477
US,RELATED_TO,EPA,doc_42.txt_477
US,RELATED_TO,China,doc_42.txt_477
the Biden Administration,RELATED_TO,US,doc_42.txt_477
the Biden Administration,RELATED_TO,EPA,doc_42.txt_477
the Biden Administration,RELATED_TO,China,doc_42.txt_477
US,RELATED_TO,EPA,doc_42.txt_477
US,RELATED_TO,China,doc_42.txt_477
EPA,RELATED_TO,China,doc_42.txt_477
US,RELATED_TO,US,doc_42.txt_478
US,RELATED_TO,China,doc_42.txt_478
US,RELATED_TO,the Foreign Ministry,doc_42.txt_478
US,RELATED_TO,The China-U.S,doc_42.txt_478
US,RELATED_TO,China,doc_42.txt_478
US,RELATED_TO,the Foreign Ministry,doc_42.txt_478
US,RELATED_TO,The China-U.S,doc_42.txt_478
China,RELATED_TO,the Foreign Ministry,doc_42.txt_478
China,RELATED_TO,The China-U.S,doc_42.txt_478
the Foreign Ministry,RELATED_TO,The China-U.S,doc_42.txt_478
Theater Commanders Talk,RELATED_TO,MMCA,doc_42.txt_479
Theater Commanders Talk,RELATED_TO,US,doc_42.txt_479
Theater Commanders Talk,RELATED_TO,US,doc_42.txt_479
Theater Commanders Talk,RELATED_TO,EPA,doc_42.txt_479
MMCA,RELATED_TO,US,doc_42.txt_479
MMCA,RELATED_TO,US,doc_42.txt_479
MMCA,RELATED_TO,EPA,doc_42.txt_479
US,RELATED_TO,US,doc_42.txt_479
US,RELATED_TO,EPA,doc_42.txt_479
US,RELATED_TO,EPA,doc_42.txt_479
the US House of Representatives Nancy Pelosi’s,RELATED_TO,US,doc_42.txt_480
the US House of Representatives Nancy Pelosi’s,RELATED_TO,China,doc_42.txt_480
the US House of Representatives Nancy Pelosi’s,RELATED_TO,China,doc_42.txt_480
the US House of Representatives Nancy Pelosi’s,RELATED_TO,the Foreign Ministry,doc_42.txt_480
US,RELATED_TO,China,doc_42.txt_480
US,RELATED_TO,China,doc_42.txt_480
US,RELATED_TO,the Foreign Ministry,doc_42.txt_480
China,RELATED_TO,China,doc_42.txt_480
China,RELATED_TO,the Foreign Ministry,doc_42.txt_480
China,RELATED_TO,the Foreign Ministry,doc_42.txt_480
US,RELATED_TO,Taiwan,doc_42.txt_481
US,RELATED_TO,the US House of Representatives Nancy Pelosi,doc_42.txt_482
US,RELATED_TO,US,doc_42.txt_482
US,RELATED_TO,Songshan Airport,doc_42.txt_482
US,RELATED_TO,Tsai Ing-wen,doc_42.txt_482
the US House of Representatives Nancy Pelosi,RELATED_TO,US,doc_42.txt_482
the US House of Representatives Nancy Pelosi,RELATED_TO,Songshan Airport,doc_42.txt_482
the US House of Representatives Nancy Pelosi,RELATED_TO,Tsai Ing-wen,doc_42.txt_482
US,RELATED_TO,Songshan Airport,doc_42.txt_482
US,RELATED_TO,Tsai Ing-wen,doc_42.txt_482
Songshan Airport,RELATED_TO,Tsai Ing-wen,doc_42.txt_482
US,RELATED_TO,the Eastern Theater Command,doc_42.txt_483
US,RELATED_TO,the Taiwan Relations Act,doc_42.txt_483
US,RELATED_TO,US,doc_42.txt_483
US,RELATED_TO,America,doc_42.txt_483
the Eastern Theater Command,RELATED_TO,the Taiwan Relations Act,doc_42.txt_483
the Eastern Theater Command,RELATED_TO,US,doc_42.txt_483
the Eastern Theater Command,RELATED_TO,America,doc_42.txt_483
the Taiwan Relations Act,RELATED_TO,US,doc_42.txt_483
the Taiwan Relations Act,RELATED_TO,America,doc_42.txt_483
US,RELATED_TO,America,doc_42.txt_483
PLA,RELATED_TO,the Chinese People’s Liberation Army,doc_42.txt_484
PLA,RELATED_TO,Taiwan,doc_42.txt_484
PLA,RELATED_TO,Theater Command,doc_42.txt_484
the Chinese People’s Liberation Army,RELATED_TO,Taiwan,doc_42.txt_484
the Chinese People’s Liberation Army,RELATED_TO,Theater Command,doc_42.txt_484
Taiwan,RELATED_TO,Theater Command,doc_42.txt_484
the United States,RELATED_TO,Taiwan,doc_42.txt_485
the United States,RELATED_TO,United States,doc_42.txt_485
Taiwan,RELATED_TO,United States,doc_42.txt_485
Biden,RELATED_TO,Xi,doc_42.txt_486
US,RELATED_TO,Biden,doc_42.txt_487
US,RELATED_TO,Xi,doc_42.txt_487
US,RELATED_TO,Taiwan,doc_42.txt_487
US,RELATED_TO,Ukraine,doc_42.txt_487
Biden,RELATED_TO,Xi,doc_42.txt_487
Biden,RELATED_TO,Taiwan,doc_42.txt_487
Biden,RELATED_TO,Ukraine,doc_42.txt_487
Xi,RELATED_TO,Taiwan,doc_42.txt_487
Xi,RELATED_TO,Ukraine,doc_42.txt_487
Taiwan,RELATED_TO,Ukraine,doc_42.txt_487
US,RELATED_TO,United States,doc_42.txt_488
US,RELATED_TO,the Biden Administration’s,doc_42.txt_488
US,RELATED_TO,US,doc_42.txt_488
US,RELATED_TO,SEC,doc_42.txt_488
United States,RELATED_TO,the Biden Administration’s,doc_42.txt_488
United States,RELATED_TO,US,doc_42.txt_488
United States,RELATED_TO,SEC,doc_42.txt_488
the Biden Administration’s,RELATED_TO,US,doc_42.txt_488
the Biden Administration’s,RELATED_TO,SEC,doc_42.txt_488
US,RELATED_TO,SEC,doc_42.txt_488
US,RELATED_TO,United States,doc_42.txt_489
US,RELATED_TO,US,doc_42.txt_489
US,RELATED_TO,PRC,doc_42.txt_489
US,RELATED_TO,the United States,doc_42.txt_489
United States,RELATED_TO,US,doc_42.txt_489
United States,RELATED_TO,PRC,doc_42.txt_489
United States,RELATED_TO,the United States,doc_42.txt_489
US,RELATED_TO,PRC,doc_42.txt_489
US,RELATED_TO,the United States,doc_42.txt_489
PRC,RELATED_TO,the United States,doc_42.txt_489
United States,SURPASSED,the US House of Representatives Nancy Pelosi,doc_42.txt_490
United States,SURPASSED,US,doc_42.txt_490
United States,SURPASSED,Biden,doc_42.txt_490
United States,SURPASSED,The White House,doc_42.txt_490
the US House of Representatives Nancy Pelosi,SURPASSED,US,doc_42.txt_490
the US House of Representatives Nancy Pelosi,SURPASSED,Biden,doc_42.txt_490
the US House of Representatives Nancy Pelosi,SURPASSED,The White House,doc_42.txt_490
US,SURPASSED,Biden,doc_42.txt_490
US,SURPASSED,The White House,doc_42.txt_490
Biden,SURPASSED,The White House,doc_42.txt_490
Biden,RELATED_TO,Xi,doc_42.txt_491
US,RELATED_TO,United States,doc_42.txt_492
US,RELATED_TO,US,doc_42.txt_492
US,RELATED_TO,SEC,doc_42.txt_492
US,RELATED_TO,Biden,doc_42.txt_492
United States,RELATED_TO,US,doc_42.txt_492
United States,RELATED_TO,SEC,doc_42.txt_492
United States,RELATED_TO,Biden,doc_42.txt_492
US,RELATED_TO,SEC,doc_42.txt_492
US,RELATED_TO,Biden,doc_42.txt_492
SEC,RELATED_TO,Biden,doc_42.txt_492
US,RELATED_TO,US,doc_42.txt_493
US,RELATED_TO,Biden,doc_42.txt_493
US,RELATED_TO,China,doc_42.txt_493
US,RELATED_TO,China,doc_42.txt_493
US,RELATED_TO,Biden,doc_42.txt_493
US,RELATED_TO,China,doc_42.txt_493
US,RELATED_TO,China,doc_42.txt_493
Biden,RELATED_TO,China,doc_42.txt_493
Biden,RELATED_TO,China,doc_42.txt_493
China,RELATED_TO,China,doc_42.txt_493
US,RELATED_TO,the US House of Representatives Nancy Pelosi,doc_42.txt_494
US,RELATED_TO,US,doc_42.txt_494
US,RELATED_TO,China,doc_42.txt_494
US,RELATED_TO,China,doc_42.txt_494
the US House of Representatives Nancy Pelosi,RELATED_TO,US,doc_42.txt_494
the US House of Representatives Nancy Pelosi,RELATED_TO,China,doc_42.txt_494
the US House of Representatives Nancy Pelosi,RELATED_TO,China,doc_42.txt_494
US,RELATED_TO,China,doc_42.txt_494
US,RELATED_TO,China,doc_42.txt_494
China,RELATED_TO,China,doc_42.txt_494
US,RELATED_TO,US,doc_42.txt_495
US,RELATED_TO,US,doc_42.txt_496
US,RELATED_TO,the US Customs and Border Protection,doc_42.txt_496
US,RELATED_TO,Uyghur Forced Labor Prevention Act,doc_42.txt_496
US,RELATED_TO,UFLPA,doc_42.txt_496
US,RELATED_TO,the US Customs and Border Protection,doc_42.txt_496
US,RELATED_TO,Uyghur Forced Labor Prevention Act,doc_42.txt_496
US,RELATED_TO,UFLPA,doc_42.txt_496
the US Customs and Border Protection,RELATED_TO,Uyghur Forced Labor Prevention Act,doc_42.txt_496
the US Customs and Border Protection,RELATED_TO,UFLPA,doc_42.txt_496
Uyghur Forced Labor Prevention Act,RELATED_TO,UFLPA,doc_42.txt_496
SEC,RELATED_TO,UFLPA,doc_42.txt_497
US,RELATED_TO,US,doc_42.txt_498
US,RELATED_TO,China,doc_42.txt_498
US,RELATED_TO,China,doc_42.txt_498
US,RELATED_TO,Foreign Ministry,doc_42.txt_498
US,RELATED_TO,China,doc_42.txt_498
US,RELATED_TO,China,doc_42.txt_498
US,RELATED_TO,Foreign Ministry,doc_42.txt_498
China,RELATED_TO,China,doc_42.txt_498
China,RELATED_TO,Foreign Ministry,doc_42.txt_498
China,RELATED_TO,Foreign Ministry,doc_42.txt_498
US,RELATED_TO,Luxembourg,doc_42.txt_499
US,RELATED_TO,US,doc_42.txt_499
US,RELATED_TO,SEC,doc_42.txt_499
US,RELATED_TO,Chinese,doc_42.txt_499
Luxembourg,RELATED_TO,US,doc_42.txt_499
Luxembourg,RELATED_TO,SEC,doc_42.txt_499
Luxembourg,RELATED_TO,Chinese,doc_42.txt_499
US,RELATED_TO,SEC,doc_42.txt_499
US,RELATED_TO,Chinese,doc_42.txt_499
SEC,RELATED_TO,Chinese,doc_42.txt_499
Luxembourg,RELATED_TO,US,doc_42.txt_500
Luxembourg,RELATED_TO,SEC,doc_42.txt_500
Luxembourg,RELATED_TO,Jake Sullivan,doc_42.txt_500
Luxembourg,RELATED_TO,Yang Jiechi,doc_42.txt_500
US,RELATED_TO,SEC,doc_42.txt_500
US,RELATED_TO,Jake Sullivan,doc_42.txt_500
US,RELATED_TO,Yang Jiechi,doc_42.txt_500
SEC,RELATED_TO,Jake Sullivan,doc_42.txt_500
SEC,RELATED_TO,Yang Jiechi,doc_42.txt_500
Jake Sullivan,RELATED_TO,Yang Jiechi,doc_42.txt_500
Joe Biden,RELATED_TO,FMPRC,doc_42.txt_501
Joe Biden,RELATED_TO,US,doc_42.txt_501
Joe Biden,RELATED_TO,Yang,doc_42.txt_501
Joe Biden,RELATED_TO,US,doc_42.txt_501
FMPRC,RELATED_TO,US,doc_42.txt_501
FMPRC,RELATED_TO,Yang,doc_42.txt_501
FMPRC,RELATED_TO,US,doc_42.txt_501
US,RELATED_TO,Yang,doc_42.txt_501
US,RELATED_TO,US,doc_42.txt_501
Yang,RELATED_TO,US,doc_42.txt_501
US,RELATED_TO,State,doc_42.txt_502
US,RELATED_TO,US,doc_42.txt_502
US,RELATED_TO,SEC,doc_42.txt_502
US,RELATED_TO,the White House,doc_42.txt_502
State,RELATED_TO,US,doc_42.txt_502
State,RELATED_TO,SEC,doc_42.txt_502
State,RELATED_TO,the White House,doc_42.txt_502
US,RELATED_TO,SEC,doc_42.txt_502
US,RELATED_TO,the White House,doc_42.txt_502
SEC,RELATED_TO,the White House,doc_42.txt_502
US,RELATED_TO,US,doc_42.txt_504
US,RELATED_TO,Chinese,doc_42.txt_504
US,RELATED_TO,Chinese,doc_42.txt_504
Xie Zhenhua,RELATED_TO,John Kerry,doc_42.txt_505
Xie Zhenhua,RELATED_TO,US,doc_42.txt_505
Xie Zhenhua,RELATED_TO,US,doc_42.txt_505
Xie Zhenhua,RELATED_TO,Davos,doc_42.txt_505
John Kerry,RELATED_TO,US,doc_42.txt_505
John Kerry,RELATED_TO,US,doc_42.txt_505
John Kerry,RELATED_TO,Davos,doc_42.txt_505
US,RELATED_TO,US,doc_42.txt_505
US,RELATED_TO,Davos,doc_42.txt_505
US,RELATED_TO,Davos,doc_42.txt_505
Xie Zhenhua,RELATED_TO,John Kerry,doc_42.txt_506
Xie Zhenhua,RELATED_TO,US,doc_42.txt_506
Xie Zhenhua,RELATED_TO,China,doc_42.txt_506
Xie Zhenhua,RELATED_TO,China,doc_42.txt_506
John Kerry,RELATED_TO,US,doc_42.txt_506
John Kerry,RELATED_TO,China,doc_42.txt_506
John Kerry,RELATED_TO,China,doc_42.txt_506
US,RELATED_TO,China,doc_42.txt_506
US,RELATED_TO,China,doc_42.txt_506
China,RELATED_TO,China,doc_42.txt_506
US,RELATED_TO,China,doc_42.txt_507
US,RELATED_TO,China,doc_42.txt_507
China,RELATED_TO,China,doc_42.txt_507
US,RELATED_TO,US,doc_42.txt_508
US,RELATED_TO,Taiwan,doc_42.txt_508
US,RELATED_TO,Biden,doc_42.txt_508
US,RELATED_TO,Taiwan,doc_42.txt_508
US,RELATED_TO,Biden,doc_42.txt_508
Taiwan,RELATED_TO,Biden,doc_42.txt_508
Joe Biden,RELATED_TO,US,doc_42.txt_509
Joe Biden,RELATED_TO,US,doc_42.txt_509
Joe Biden,RELATED_TO,Taiwan,doc_42.txt_509
Joe Biden,RELATED_TO,Tokyo,doc_42.txt_509
US,RELATED_TO,US,doc_42.txt_509
US,RELATED_TO,Taiwan,doc_42.txt_509
US,RELATED_TO,Tokyo,doc_42.txt_509
US,RELATED_TO,Taiwan,doc_42.txt_509
US,RELATED_TO,Tokyo,doc_42.txt_509
Taiwan,RELATED_TO,Tokyo,doc_42.txt_509
US,RELATED_TO,US,doc_42.txt_510
US,RELATED_TO,China,doc_42.txt_510
US,RELATED_TO,China,doc_42.txt_510
US,RELATED_TO,Foreign Ministry,doc_42.txt_510
US,RELATED_TO,China,doc_42.txt_510
US,RELATED_TO,China,doc_42.txt_510
US,RELATED_TO,Foreign Ministry,doc_42.txt_510
China,RELATED_TO,China,doc_42.txt_510
China,RELATED_TO,Foreign Ministry,doc_42.txt_510
China,RELATED_TO,Foreign Ministry,doc_42.txt_510
Australia,RELATED_TO,US,doc_42.txt_511
Australia,RELATED_TO,US,doc_42.txt_511
Australia,RELATED_TO,Biden,doc_42.txt_511
Australia,RELATED_TO,the “Quad Leaders’ Summit,doc_42.txt_511
US,RELATED_TO,US,doc_42.txt_511
US,RELATED_TO,Biden,doc_42.txt_511
US,RELATED_TO,the “Quad Leaders’ Summit,doc_42.txt_511
US,RELATED_TO,Biden,doc_42.txt_511
US,RELATED_TO,the “Quad Leaders’ Summit,doc_42.txt_511
Biden,RELATED_TO,the “Quad Leaders’ Summit,doc_42.txt_511
US,RELATED_TO,US,doc_42.txt_512
US,RELATED_TO,SEC,doc_42.txt_512
US,RELATED_TO,Rome,doc_42.txt_512
US,RELATED_TO,Chinese,doc_42.txt_512
US,RELATED_TO,SEC,doc_42.txt_512
US,RELATED_TO,Rome,doc_42.txt_512
US,RELATED_TO,Chinese,doc_42.txt_512
SEC,RELATED_TO,Rome,doc_42.txt_512
SEC,RELATED_TO,Chinese,doc_42.txt_512
Rome,RELATED_TO,Chinese,doc_42.txt_512
US,RELATED_TO,Yang,doc_42.txt_513
US,RELATED_TO,United States,doc_42.txt_513
US,RELATED_TO,US,doc_42.txt_513
US,RELATED_TO,SEC,doc_42.txt_513
Yang,RELATED_TO,United States,doc_42.txt_513
Yang,RELATED_TO,US,doc_42.txt_513
Yang,RELATED_TO,SEC,doc_42.txt_513
United States,RELATED_TO,US,doc_42.txt_513
United States,RELATED_TO,SEC,doc_42.txt_513
US,RELATED_TO,SEC,doc_42.txt_513
US,RELATED_TO,US,doc_42.txt_514
US,RELATED_TO,SEC,doc_42.txt_514
US,RELATED_TO,the White House,doc_42.txt_514
US,RELATED_TO,China,doc_42.txt_514
US,RELATED_TO,SEC,doc_42.txt_514
US,RELATED_TO,the White House,doc_42.txt_514
US,RELATED_TO,China,doc_42.txt_514
SEC,RELATED_TO,the White House,doc_42.txt_514
SEC,RELATED_TO,China,doc_42.txt_514
the White House,RELATED_TO,China,doc_42.txt_514
US,RELATED_TO,US,doc_42.txt_515
US,RELATED_TO,Taiwan,doc_42.txt_515
US,RELATED_TO,Taiwan,doc_42.txt_515
US,RELATED_TO,the State Department’s,doc_42.txt_516
US,RELATED_TO,US,doc_42.txt_516
US,RELATED_TO,DOE,doc_42.txt_516
US,RELATED_TO,EPA,doc_42.txt_516
the State Department’s,RELATED_TO,US,doc_42.txt_516
the State Department’s,RELATED_TO,DOE,doc_42.txt_516
the State Department’s,RELATED_TO,EPA,doc_42.txt_516
US,RELATED_TO,DOE,doc_42.txt_516
US,RELATED_TO,EPA,doc_42.txt_516
DOE,RELATED_TO,EPA,doc_42.txt_516
US,RELATED_TO,United States,doc_42.txt_517
US,RELATED_TO,the Taiwan Relations Act,doc_42.txt_517
US,RELATED_TO,US,doc_42.txt_517
US,RELATED_TO,China,doc_42.txt_517
United States,RELATED_TO,the Taiwan Relations Act,doc_42.txt_517
United States,RELATED_TO,US,doc_42.txt_517
United States,RELATED_TO,China,doc_42.txt_517
the Taiwan Relations Act,RELATED_TO,US,doc_42.txt_517
the Taiwan Relations Act,RELATED_TO,China,doc_42.txt_517
US,RELATED_TO,China,doc_42.txt_517
the US Department of State Spokesperson,RELATED_TO,EPA,doc_42.txt_518
the US Department of State Spokesperson,RELATED_TO,Taiwan,doc_42.txt_518
the US Department of State Spokesperson,RELATED_TO,US,doc_42.txt_518
EPA,RELATED_TO,Taiwan,doc_42.txt_518
EPA,RELATED_TO,US,doc_42.txt_518
Taiwan,RELATED_TO,US,doc_42.txt_518
Joe Biden,RELATED_TO,US,doc_42.txt_519
Joe Biden,RELATED_TO,US,doc_42.txt_519
Joe Biden,RELATED_TO,Chinese,doc_42.txt_519
US,RELATED_TO,US,doc_42.txt_519
US,RELATED_TO,Chinese,doc_42.txt_519
US,RELATED_TO,Chinese,doc_42.txt_519
Joe Biden,RELATED_TO,US,doc_42.txt_520
Joe Biden,RELATED_TO,US,doc_42.txt_520
Joe Biden,RELATED_TO,Chinese,doc_42.txt_520
Joe Biden,RELATED_TO,the US Trade,doc_42.txt_520
US,RELATED_TO,US,doc_42.txt_520
US,RELATED_TO,Chinese,doc_42.txt_520
US,RELATED_TO,the US Trade,doc_42.txt_520
US,RELATED_TO,Chinese,doc_42.txt_520
US,RELATED_TO,the US Trade,doc_42.txt_520
Chinese,RELATED_TO,the US Trade,doc_42.txt_520
US,RELATED_TO,US,doc_42.txt_521
US,RELATED_TO,Zhao Lijian,doc_42.txt_521
US,RELATED_TO,Zhao Lijian,doc_42.txt_521
US,RELATED_TO,USTR,doc_42.txt_522
US,RELATED_TO,Chinese,doc_42.txt_522
USTR,RELATED_TO,Chinese,doc_42.txt_522
US,RELATED_TO,US,doc_42.txt_523
US,RELATED_TO,the Office of the US Trade Representative,doc_42.txt_523
US,RELATED_TO,USTR,doc_42.txt_523
US,RELATED_TO,Chinese,doc_42.txt_523
US,RELATED_TO,the Office of the US Trade Representative,doc_42.txt_523
US,RELATED_TO,USTR,doc_42.txt_523
US,RELATED_TO,Chinese,doc_42.txt_523
the Office of the US Trade Representative,RELATED_TO,USTR,doc_42.txt_523
the Office of the US Trade Representative,RELATED_TO,Chinese,doc_42.txt_523
USTR,RELATED_TO,Chinese,doc_42.txt_523
US,RELATED_TO,USTR,doc_42.txt_524
US,RELATED_TO,Chinese,doc_42.txt_524
USTR,RELATED_TO,Chinese,doc_42.txt_524
Chinese,RELATED_TO,Pentagon,doc_42.txt_526
Chinese,RELATED_TO,Biden,doc_42.txt_526
Chinese,RELATED_TO,U.S.,doc_42.txt_526
Pentagon,RELATED_TO,Biden,doc_42.txt_526
Pentagon,RELATED_TO,U.S.,doc_42.txt_526
Biden,RELATED_TO,U.S.,doc_42.txt_526
the Biden Administration,RELATED_TO,US,doc_42.txt_527
the Biden Administration,RELATED_TO,SEC,doc_42.txt_527
the Biden Administration,RELATED_TO,Lloyd J. Austin III,doc_42.txt_527
the Biden Administration,RELATED_TO,Wei Fenghe,doc_42.txt_527
US,RELATED_TO,SEC,doc_42.txt_527
US,RELATED_TO,Lloyd J. Austin III,doc_42.txt_527
US,RELATED_TO,Wei Fenghe,doc_42.txt_527
SEC,RELATED_TO,Lloyd J. Austin III,doc_42.txt_527
SEC,RELATED_TO,Wei Fenghe,doc_42.txt_527
Lloyd J. Austin III,RELATED_TO,Wei Fenghe,doc_42.txt_527
United States,RELATED_TO,US,doc_42.txt_528
United States,RELATED_TO,SEC,doc_42.txt_528
United States,RELATED_TO,Xi Jinping,doc_42.txt_528
United States,RELATED_TO,Biden,doc_42.txt_528
US,RELATED_TO,SEC,doc_42.txt_528
US,RELATED_TO,Xi Jinping,doc_42.txt_528
US,RELATED_TO,Biden,doc_42.txt_528
SEC,RELATED_TO,Xi Jinping,doc_42.txt_528
SEC,RELATED_TO,Biden,doc_42.txt_528
Xi Jinping,RELATED_TO,Biden,doc_42.txt_528
SEC,RELATED_TO,China,doc_42.txt_529
SEC,RELATED_TO,China,doc_42.txt_529
SEC,RELATED_TO,U.S.,doc_42.txt_529
SEC,RELATED_TO,Chinese,doc_42.txt_529
China,RELATED_TO,China,doc_42.txt_529
China,RELATED_TO,U.S.,doc_42.txt_529
China,RELATED_TO,Chinese,doc_42.txt_529
China,RELATED_TO,U.S.,doc_42.txt_529
China,RELATED_TO,Chinese,doc_42.txt_529
U.S.,RELATED_TO,Chinese,doc_42.txt_529
US,RELATED_TO,Weibo,doc_42.txt_530
US,RELATED_TO,SEC,doc_42.txt_530
US,RELATED_TO,Sina Weibo,doc_42.txt_530
US,RELATED_TO,US,doc_42.txt_530
Weibo,RELATED_TO,SEC,doc_42.txt_530
Weibo,RELATED_TO,Sina Weibo,doc_42.txt_530
Weibo,RELATED_TO,US,doc_42.txt_530
SEC,RELATED_TO,Sina Weibo,doc_42.txt_530
SEC,RELATED_TO,US,doc_42.txt_530
Sina Weibo,RELATED_TO,US,doc_42.txt_530
US,RELATED_TO,USTR,doc_42.txt_531
US,RELATED_TO,Chinese,doc_42.txt_531
USTR,RELATED_TO,Chinese,doc_42.txt_531
United States,RELATED_TO,US,doc_42.txt_532
United States,RELATED_TO,US,doc_42.txt_532
United States,RELATED_TO,USTR,doc_42.txt_532
United States,RELATED_TO,Chinese,doc_42.txt_532
US,RELATED_TO,US,doc_42.txt_532
US,RELATED_TO,USTR,doc_42.txt_532
US,RELATED_TO,Chinese,doc_42.txt_532
US,RELATED_TO,USTR,doc_42.txt_532
US,RELATED_TO,Chinese,doc_42.txt_532
USTR,RELATED_TO,Chinese,doc_42.txt_532
US,MANUFACTURES,US,doc_42.txt_533
US,MANUFACTURES,USTR,doc_42.txt_533
US,MANUFACTURES,USTR,doc_42.txt_533
US,MANUFACTURES,Biden,doc_42.txt_534
US,MANUFACTURES,China,doc_42.txt_534
US,MANUFACTURES,China,doc_42.txt_534
US,MANUFACTURES,Xi,doc_42.txt_534
Biden,MANUFACTURES,China,doc_42.txt_534
Biden,MANUFACTURES,China,doc_42.txt_534
Biden,MANUFACTURES,Xi,doc_42.txt_534
China,MANUFACTURES,China,doc_42.txt_534
China,MANUFACTURES,Xi,doc_42.txt_534
China,MANUFACTURES,Xi,doc_42.txt_534
Russia,RELATED_TO,US,doc_42.txt_535
Russia,RELATED_TO,Biden,doc_42.txt_535
Russia,RELATED_TO,Xi,doc_42.txt_535
US,RELATED_TO,Biden,doc_42.txt_535
US,RELATED_TO,Xi,doc_42.txt_535
Biden,RELATED_TO,Xi,doc_42.txt_535
US,RELATED_TO,US,doc_42.txt_536
US,RELATED_TO,Chinese,doc_42.txt_536
US,RELATED_TO,Taiwan,doc_42.txt_536
US,RELATED_TO,Ukraine,doc_42.txt_536
US,RELATED_TO,Chinese,doc_42.txt_536
US,RELATED_TO,Taiwan,doc_42.txt_536
US,RELATED_TO,Ukraine,doc_42.txt_536
Chinese,RELATED_TO,Taiwan,doc_42.txt_536
Chinese,RELATED_TO,Ukraine,doc_42.txt_536
Taiwan,RELATED_TO,Ukraine,doc_42.txt_536
White House,RELATED_TO,Ukrainian,doc_42.txt_537
White House,RELATED_TO,US,doc_42.txt_537
White House,RELATED_TO,SEC,doc_42.txt_537
White House,RELATED_TO,Biden,doc_42.txt_537
Ukrainian,RELATED_TO,US,doc_42.txt_537
Ukrainian,RELATED_TO,SEC,doc_42.txt_537
Ukrainian,RELATED_TO,Biden,doc_42.txt_537
US,RELATED_TO,SEC,doc_42.txt_537
US,RELATED_TO,Biden,doc_42.txt_537
SEC,RELATED_TO,Biden,doc_42.txt_537
the Ministry of Foreign Affairs of China,RELATED_TO,China,doc_42.txt_538
the Ministry of Foreign Affairs of China,RELATED_TO,China,doc_42.txt_538
the Ministry of Foreign Affairs of China,RELATED_TO,Ukraine,doc_42.txt_538
China,RELATED_TO,China,doc_42.txt_538
China,RELATED_TO,Ukraine,doc_42.txt_538
China,RELATED_TO,Ukraine,doc_42.txt_538
US,MANUFACTURES,Biden,doc_42.txt_539
United States,RELATED_TO,US,doc_42.txt_540
United States,RELATED_TO,the United States,doc_42.txt_540
United States,RELATED_TO,the White House,doc_42.txt_540
United States,RELATED_TO,U.S.,doc_42.txt_540
US,RELATED_TO,the United States,doc_42.txt_540
US,RELATED_TO,the White House,doc_42.txt_540
US,RELATED_TO,U.S.,doc_42.txt_540
the United States,RELATED_TO,the White House,doc_42.txt_540
the United States,RELATED_TO,U.S.,doc_42.txt_540
the White House,RELATED_TO,U.S.,doc_42.txt_540
US,RELATED_TO,US,doc_42.txt_541
US,RELATED_TO,DOE,doc_42.txt_541
US,RELATED_TO,Biden,doc_42.txt_541
US,RELATED_TO,China,doc_42.txt_541
US,RELATED_TO,DOE,doc_42.txt_541
US,RELATED_TO,Biden,doc_42.txt_541
US,RELATED_TO,China,doc_42.txt_541
DOE,RELATED_TO,Biden,doc_42.txt_541
DOE,RELATED_TO,China,doc_42.txt_541
Biden,RELATED_TO,China,doc_42.txt_541
US,RELATED_TO,US,doc_42.txt_542
US,RELATED_TO,SEC,doc_42.txt_542
US,RELATED_TO,the Holding Foreign Companies Accountable Act,doc_42.txt_542
US,RELATED_TO,Chinese,doc_42.txt_542
US,RELATED_TO,SEC,doc_42.txt_542
US,RELATED_TO,the Holding Foreign Companies Accountable Act,doc_42.txt_542
US,RELATED_TO,Chinese,doc_42.txt_542
SEC,RELATED_TO,the Holding Foreign Companies Accountable Act,doc_42.txt_542
SEC,RELATED_TO,Chinese,doc_42.txt_542
the Holding Foreign Companies Accountable Act,RELATED_TO,Chinese,doc_42.txt_542
the China Securities Regulatory Commission,RELATED_TO,CSRC,doc_42.txt_543
the China Securities Regulatory Commission,RELATED_TO,US,doc_42.txt_543
the China Securities Regulatory Commission,RELATED_TO,SEC,doc_42.txt_543
the China Securities Regulatory Commission,RELATED_TO,China,doc_42.txt_543
CSRC,RELATED_TO,US,doc_42.txt_543
CSRC,RELATED_TO,SEC,doc_42.txt_543
CSRC,RELATED_TO,China,doc_42.txt_543
US,RELATED_TO,SEC,doc_42.txt_543
US,RELATED_TO,China,doc_42.txt_543
SEC,RELATED_TO,China,doc_42.txt_543
US,RELATED_TO,the Financial Stability and Development Committee,doc_42.txt_544
US,RELATED_TO,US,doc_42.txt_544
US,RELATED_TO,Chinese,doc_42.txt_544
US,RELATED_TO,Liu He,doc_42.txt_544
the Financial Stability and Development Committee,RELATED_TO,US,doc_42.txt_544
the Financial Stability and Development Committee,RELATED_TO,Chinese,doc_42.txt_544
the Financial Stability and Development Committee,RELATED_TO,Liu He,doc_42.txt_544
US,RELATED_TO,Chinese,doc_42.txt_544
US,RELATED_TO,Liu He,doc_42.txt_544
Chinese,RELATED_TO,Liu He,doc_42.txt_544
United States,RELATED_TO,the Biden Administration’s,doc_42.txt_545
United States,RELATED_TO,US,doc_42.txt_545
United States,RELATED_TO,Agenda,doc_42.txt_545
United States,RELATED_TO,China,doc_42.txt_545
the Biden Administration’s,RELATED_TO,US,doc_42.txt_545
the Biden Administration’s,RELATED_TO,Agenda,doc_42.txt_545
the Biden Administration’s,RELATED_TO,China,doc_42.txt_545
US,RELATED_TO,Agenda,doc_42.txt_545
US,RELATED_TO,China,doc_42.txt_545
Agenda,RELATED_TO,China,doc_42.txt_545
US,RELATED_TO,China,doc_42.txt_546
US,RELATED_TO,China,doc_42.txt_546
US,RELATED_TO,U.S.,doc_42.txt_546
China,RELATED_TO,China,doc_42.txt_546
China,RELATED_TO,U.S.,doc_42.txt_546
China,RELATED_TO,U.S.,doc_42.txt_546
US,RELATED_TO,China,doc_42.txt_547
US,RELATED_TO,China,doc_42.txt_547
US,RELATED_TO,U.S.,doc_42.txt_547
China,RELATED_TO,China,doc_42.txt_547
China,RELATED_TO,U.S.,doc_42.txt_547
China,RELATED_TO,U.S.,doc_42.txt_547
US,RELATED_TO,Munich Security Conference,doc_42.txt_548
US,RELATED_TO,SEC,doc_42.txt_548
US,RELATED_TO,Wang Yi,doc_42.txt_548
US,RELATED_TO,China,doc_42.txt_548
Munich Security Conference,RELATED_TO,SEC,doc_42.txt_548
Munich Security Conference,RELATED_TO,Wang Yi,doc_42.txt_548
Munich Security Conference,RELATED_TO,China,doc_42.txt_548
SEC,RELATED_TO,Wang Yi,doc_42.txt_548
SEC,RELATED_TO,China,doc_42.txt_548
Wang Yi,RELATED_TO,China,doc_42.txt_548
SEC,RELATED_TO,Wang Yi,doc_42.txt_549
SEC,RELATED_TO,China,doc_42.txt_549
SEC,RELATED_TO,China,doc_42.txt_549
SEC,RELATED_TO,Chinese,doc_42.txt_549
Wang Yi,RELATED_TO,China,doc_42.txt_549
Wang Yi,RELATED_TO,China,doc_42.txt_549
Wang Yi,RELATED_TO,Chinese,doc_42.txt_549
China,RELATED_TO,China,doc_42.txt_549
China,RELATED_TO,Chinese,doc_42.txt_549
China,RELATED_TO,Chinese,doc_42.txt_549
SCMP,RELATED_TO,US,doc_42.txt_550
SCMP,RELATED_TO,the United Nations Constitution,doc_42.txt_550
SCMP,RELATED_TO,Wang Yi,doc_42.txt_550
SCMP,RELATED_TO,Europe,doc_42.txt_550
US,RELATED_TO,the United Nations Constitution,doc_42.txt_550
US,RELATED_TO,Wang Yi,doc_42.txt_550
US,RELATED_TO,Europe,doc_42.txt_550
the United Nations Constitution,RELATED_TO,Wang Yi,doc_42.txt_550
the United Nations Constitution,RELATED_TO,Europe,doc_42.txt_550
Wang Yi,RELATED_TO,Europe,doc_42.txt_550
US,RELATED_TO,Wang,doc_42.txt_551
US,RELATED_TO,Ukraine,doc_42.txt_551
Wang,RELATED_TO,Ukraine,doc_42.txt_551
US,RELATED_TO,US,doc_42.txt_552
US,RELATED_TO,Western,doc_42.txt_552
US,RELATED_TO,China,doc_42.txt_552
US,RELATED_TO,China,doc_42.txt_552
US,RELATED_TO,Western,doc_42.txt_552
US,RELATED_TO,China,doc_42.txt_552
US,RELATED_TO,China,doc_42.txt_552
Western,RELATED_TO,China,doc_42.txt_552
Western,RELATED_TO,China,doc_42.txt_552
China,RELATED_TO,China,doc_42.txt_552
US,RELATED_TO,US,doc_42.txt_553
US,RELATED_TO,EU,doc_42.txt_553
US,RELATED_TO,China,doc_42.txt_553
US,RELATED_TO,China,doc_42.txt_553
US,RELATED_TO,EU,doc_42.txt_553
US,RELATED_TO,China,doc_42.txt_553
US,RELATED_TO,China,doc_42.txt_553
EU,RELATED_TO,China,doc_42.txt_553
EU,RELATED_TO,China,doc_42.txt_553
China,RELATED_TO,China,doc_42.txt_553
US,MANUFACTURES,US,doc_42.txt_554
US,MANUFACTURES,SEC,doc_42.txt_554
US,MANUFACTURES,EPA,doc_42.txt_554
US,MANUFACTURES,BIS,doc_42.txt_554
US,MANUFACTURES,SEC,doc_42.txt_554
US,MANUFACTURES,EPA,doc_42.txt_554
US,MANUFACTURES,BIS,doc_42.txt_554
SEC,MANUFACTURES,EPA,doc_42.txt_554
SEC,MANUFACTURES,BIS,doc_42.txt_554
EPA,MANUFACTURES,BIS,doc_42.txt_554
Shenzhen,RELATED_TO,US,doc_42.txt_555
Shenzhen,RELATED_TO,the Southern University of Science and Technology,doc_42.txt_555
Shenzhen,RELATED_TO,Hytera Communication Group,doc_42.txt_555
Shenzhen,RELATED_TO,UVL,doc_42.txt_555
US,RELATED_TO,the Southern University of Science and Technology,doc_42.txt_555
US,RELATED_TO,Hytera Communication Group,doc_42.txt_555
US,RELATED_TO,UVL,doc_42.txt_555
the Southern University of Science and Technology,RELATED_TO,Hytera Communication Group,doc_42.txt_555
the Southern University of Science and Technology,RELATED_TO,UVL,doc_42.txt_555
Hytera Communication Group,RELATED_TO,UVL,doc_42.txt_555
The US House of Representatives,RELATED_TO,US,doc_42.txt_556
The US House of Representatives,RELATED_TO,US,doc_42.txt_556
The US House of Representatives,RELATED_TO,PRC,doc_42.txt_556
The US House of Representatives,RELATED_TO,China,doc_42.txt_556
US,RELATED_TO,US,doc_42.txt_556
US,RELATED_TO,PRC,doc_42.txt_556
US,RELATED_TO,China,doc_42.txt_556
US,RELATED_TO,PRC,doc_42.txt_556
US,RELATED_TO,China,doc_42.txt_556
PRC,RELATED_TO,China,doc_42.txt_556
US,RELATED_TO,House,doc_42.txt_557
US,RELATED_TO,the US Innovation and Competition Act,doc_42.txt_557
US,RELATED_TO,Senate,doc_42.txt_557
House,RELATED_TO,the US Innovation and Competition Act,doc_42.txt_557
House,RELATED_TO,Senate,doc_42.txt_557
the US Innovation and Competition Act,RELATED_TO,Senate,doc_42.txt_557
US,RELATED_TO,Senate,doc_42.txt_558
James Carr,RELATED_TO,US,doc_42.txt_559
James Carr,RELATED_TO,US,doc_42.txt_559
James Carr,RELATED_TO,Nadine Maenza,doc_42.txt_559
James Carr,RELATED_TO,China,doc_42.txt_559
US,RELATED_TO,US,doc_42.txt_559
US,RELATED_TO,Nadine Maenza,doc_42.txt_559
US,RELATED_TO,China,doc_42.txt_559
US,RELATED_TO,Nadine Maenza,doc_42.txt_559
US,RELATED_TO,China,doc_42.txt_559
Nadine Maenza,RELATED_TO,China,doc_42.txt_559
US,RELATED_TO,US,doc_42.txt_560
US,RELATED_TO,Macao,doc_42.txt_560
US,RELATED_TO,China,doc_42.txt_560
US,RELATED_TO,China,doc_42.txt_560
US,RELATED_TO,Macao,doc_42.txt_560
US,RELATED_TO,China,doc_42.txt_560
US,RELATED_TO,China,doc_42.txt_560
Macao,RELATED_TO,China,doc_42.txt_560
Macao,RELATED_TO,China,doc_42.txt_560
China,RELATED_TO,China,doc_42.txt_560
US,RELATED_TO,Tan Tieniu,doc_42.txt_561
US,RELATED_TO,Chen Dong,doc_42.txt_561
US,RELATED_TO,US,doc_42.txt_561
US,RELATED_TO,EPA,doc_42.txt_561
Tan Tieniu,RELATED_TO,Chen Dong,doc_42.txt_561
Tan Tieniu,RELATED_TO,US,doc_42.txt_561
Tan Tieniu,RELATED_TO,EPA,doc_42.txt_561
Chen Dong,RELATED_TO,US,doc_42.txt_561
Chen Dong,RELATED_TO,EPA,doc_42.txt_561
US,RELATED_TO,EPA,doc_42.txt_561
US,RELATED_TO,IRA,doc_42.txt_562
US,RELATED_TO,US,doc_42.txt_562
US,RELATED_TO,EPA,doc_42.txt_562
US,RELATED_TO,Iran,doc_42.txt_562
IRA,RELATED_TO,US,doc_42.txt_562
IRA,RELATED_TO,EPA,doc_42.txt_562
IRA,RELATED_TO,Iran,doc_42.txt_562
US,RELATED_TO,EPA,doc_42.txt_562
US,RELATED_TO,Iran,doc_42.txt_562
EPA,RELATED_TO,Iran,doc_42.txt_562
"Changsha Jingjia Microelectronics Co., Ltd.",MANUFACTURES,China’s Academy of Military Medical Sciences,doc_42.txt_563
"Changsha Jingjia Microelectronics Co., Ltd.",MANUFACTURES,SEC,doc_42.txt_563
"Changsha Jingjia Microelectronics Co., Ltd.",MANUFACTURES,China,doc_42.txt_563
"Changsha Jingjia Microelectronics Co., Ltd.",MANUFACTURES,Chinese,doc_42.txt_563
China’s Academy of Military Medical Sciences,MANUFACTURES,SEC,doc_42.txt_563
China’s Academy of Military Medical Sciences,MANUFACTURES,China,doc_42.txt_563
China’s Academy of Military Medical Sciences,MANUFACTURES,Chinese,doc_42.txt_563
SEC,MANUFACTURES,China,doc_42.txt_563
SEC,MANUFACTURES,Chinese,doc_42.txt_563
China,MANUFACTURES,Chinese,doc_42.txt_563
US,RELATED_TO,US,doc_42.txt_565
US,RELATED_TO,EPA,doc_42.txt_565
US,RELATED_TO,Hikvision,doc_42.txt_565
US,RELATED_TO,Chinese,doc_42.txt_565
US,RELATED_TO,EPA,doc_42.txt_565
US,RELATED_TO,Hikvision,doc_42.txt_565
US,RELATED_TO,Chinese,doc_42.txt_565
EPA,RELATED_TO,Hikvision,doc_42.txt_565
EPA,RELATED_TO,Chinese,doc_42.txt_565
Hikvision,RELATED_TO,Chinese,doc_42.txt_565
Muslim Uyghur,MANUFACTURES,The US Treasury Department,doc_42.txt_566
Muslim Uyghur,MANUFACTURES,US,doc_42.txt_566
Muslim Uyghur,MANUFACTURES,EPA,doc_42.txt_566
Muslim Uyghur,MANUFACTURES,China,doc_42.txt_566
The US Treasury Department,MANUFACTURES,US,doc_42.txt_566
The US Treasury Department,MANUFACTURES,EPA,doc_42.txt_566
The US Treasury Department,MANUFACTURES,China,doc_42.txt_566
US,MANUFACTURES,EPA,doc_42.txt_566
US,MANUFACTURES,China,doc_42.txt_566
EPA,MANUFACTURES,China,doc_42.txt_566
US,RELATED_TO,Netposa Technologies Limited,doc_42.txt_567
US,RELATED_TO,AI,doc_42.txt_567
US,RELATED_TO,Leon Technology Company Limited,doc_42.txt_567
US,RELATED_TO,Megvii Technology Limited,doc_42.txt_567
Netposa Technologies Limited,RELATED_TO,AI,doc_42.txt_567
Netposa Technologies Limited,RELATED_TO,Leon Technology Company Limited,doc_42.txt_567
Netposa Technologies Limited,RELATED_TO,Megvii Technology Limited,doc_42.txt_567
AI,RELATED_TO,Leon Technology Company Limited,doc_42.txt_567
AI,RELATED_TO,Megvii Technology Limited,doc_42.txt_567
Leon Technology Company Limited,RELATED_TO,Megvii Technology Limited,doc_42.txt_567
The US Treasury Department,INVESTED_IN,US,doc_42.txt_568
The US Treasury Department,INVESTED_IN,EPA,doc_42.txt_568
The US Treasury Department,INVESTED_IN,SenseTime Group Limited,doc_42.txt_568
The US Treasury Department,INVESTED_IN,The US Department,doc_42.txt_568
US,INVESTED_IN,EPA,doc_42.txt_568
US,INVESTED_IN,SenseTime Group Limited,doc_42.txt_568
US,INVESTED_IN,The US Department,doc_42.txt_568
EPA,INVESTED_IN,SenseTime Group Limited,doc_42.txt_568
EPA,INVESTED_IN,The US Department,doc_42.txt_568
SenseTime Group Limited,INVESTED_IN,The US Department,doc_42.txt_568
US,RELATED_TO,US,doc_42.txt_569
US,RELATED_TO,SenseTime,doc_42.txt_569
US,RELATED_TO,SenseTime,doc_42.txt_569
US,RELATED_TO,IPO,doc_42.txt_570
US,RELATED_TO,US,doc_42.txt_570
US,RELATED_TO,EPA,doc_42.txt_570
US,RELATED_TO,China,doc_42.txt_570
IPO,RELATED_TO,US,doc_42.txt_570
IPO,RELATED_TO,EPA,doc_42.txt_570
IPO,RELATED_TO,China,doc_42.txt_570
US,RELATED_TO,EPA,doc_42.txt_570
US,RELATED_TO,China,doc_42.txt_570
EPA,RELATED_TO,China,doc_42.txt_570
the United Front Work Department,RELATED_TO,Hu Lianhe,doc_42.txt_571
the United Front Work Department,RELATED_TO,the Communist Party’s,doc_42.txt_571
the United Front Work Department,RELATED_TO,US,doc_42.txt_571
the United Front Work Department,RELATED_TO,US,doc_42.txt_571
Hu Lianhe,RELATED_TO,the Communist Party’s,doc_42.txt_571
Hu Lianhe,RELATED_TO,US,doc_42.txt_571
Hu Lianhe,RELATED_TO,US,doc_42.txt_571
the Communist Party’s,RELATED_TO,US,doc_42.txt_571
the Communist Party’s,RELATED_TO,US,doc_42.txt_571
US,RELATED_TO,US,doc_42.txt_571
Joe Biden,RELATED_TO,The US House of Representatives,doc_42.txt_572
Joe Biden,RELATED_TO,US,doc_42.txt_572
Joe Biden,RELATED_TO,US,doc_42.txt_572
Joe Biden,RELATED_TO,the White House,doc_42.txt_572
The US House of Representatives,RELATED_TO,US,doc_42.txt_572
The US House of Representatives,RELATED_TO,US,doc_42.txt_572
The US House of Representatives,RELATED_TO,the White House,doc_42.txt_572
US,RELATED_TO,US,doc_42.txt_572
US,RELATED_TO,the White House,doc_42.txt_572
US,RELATED_TO,the White House,doc_42.txt_572
House,RELATED_TO,Senate,doc_42.txt_573
House,RELATED_TO,US,doc_42.txt_573
House,RELATED_TO,the US Senate,doc_42.txt_573
House,RELATED_TO,The House of Representatives,doc_42.txt_573
Senate,RELATED_TO,US,doc_42.txt_573
Senate,RELATED_TO,the US Senate,doc_42.txt_573
Senate,RELATED_TO,The House of Representatives,doc_42.txt_573
US,RELATED_TO,the US Senate,doc_42.txt_573
US,RELATED_TO,The House of Representatives,doc_42.txt_573
the US Senate,RELATED_TO,The House of Representatives,doc_42.txt_573
Beijing,RELATED_TO,US,doc_42.txt_574
Beijing,RELATED_TO,US,doc_42.txt_574
Beijing,RELATED_TO,SEC,doc_42.txt_574
Beijing,RELATED_TO,Beijing Olympics,doc_42.txt_574
US,RELATED_TO,US,doc_42.txt_574
US,RELATED_TO,SEC,doc_42.txt_574
US,RELATED_TO,Beijing Olympics,doc_42.txt_574
US,RELATED_TO,SEC,doc_42.txt_574
US,RELATED_TO,Beijing Olympics,doc_42.txt_574
SEC,RELATED_TO,Beijing Olympics,doc_42.txt_574
China Foreign Ministry,RELATED_TO,US,doc_42.txt_575
China Foreign Ministry,RELATED_TO,US,doc_42.txt_575
China Foreign Ministry,RELATED_TO,SEC,doc_42.txt_575
China Foreign Ministry,RELATED_TO,Zhao Lijian,doc_42.txt_575
US,RELATED_TO,US,doc_42.txt_575
US,RELATED_TO,SEC,doc_42.txt_575
US,RELATED_TO,Zhao Lijian,doc_42.txt_575
US,RELATED_TO,SEC,doc_42.txt_575
US,RELATED_TO,Zhao Lijian,doc_42.txt_575
SEC,RELATED_TO,Zhao Lijian,doc_42.txt_575
US,RELATED_TO,SEC,doc_42.txt_576
US,RELATED_TO,Gary Gensler,doc_42.txt_576
US,RELATED_TO,China,doc_42.txt_576
US,RELATED_TO,China,doc_42.txt_576
SEC,RELATED_TO,Gary Gensler,doc_42.txt_576
SEC,RELATED_TO,China,doc_42.txt_576
SEC,RELATED_TO,China,doc_42.txt_576
Gary Gensler,RELATED_TO,China,doc_42.txt_576
Gary Gensler,RELATED_TO,China,doc_42.txt_576
China,RELATED_TO,China,doc_42.txt_576
US,LED_BY,US,doc_42.txt_577
US,LED_BY,Chinese,doc_42.txt_577
US,LED_BY,Chinese,doc_42.txt_577
the Entity List,RELATED_TO,US,doc_42.txt_578
the Entity List,RELATED_TO,US,doc_42.txt_578
the Entity List,RELATED_TO,SEC,doc_42.txt_578
the Entity List,RELATED_TO,EPA,doc_42.txt_578
US,RELATED_TO,US,doc_42.txt_578
US,RELATED_TO,SEC,doc_42.txt_578
US,RELATED_TO,EPA,doc_42.txt_578
US,RELATED_TO,SEC,doc_42.txt_578
US,RELATED_TO,EPA,doc_42.txt_578
SEC,RELATED_TO,EPA,doc_42.txt_578
Chinese,RELATED_TO,Pakistan,doc_42.txt_579
US,LOCATED_IN,Singapore,doc_42.txt_580
US,LOCATED_IN,US,doc_42.txt_580
US,LOCATED_IN,China,doc_42.txt_580
US,LOCATED_IN,China,doc_42.txt_580
Singapore,LOCATED_IN,US,doc_42.txt_580
Singapore,LOCATED_IN,China,doc_42.txt_580
Singapore,LOCATED_IN,China,doc_42.txt_580
US,LOCATED_IN,China,doc_42.txt_580
US,LOCATED_IN,China,doc_42.txt_580
China,LOCATED_IN,China,doc_42.txt_580
US,RELATED_TO,US,doc_42.txt_581
US,RELATED_TO,EPA,doc_42.txt_581
US,RELATED_TO,Biden,doc_42.txt_581
US,RELATED_TO,China,doc_42.txt_581
US,RELATED_TO,EPA,doc_42.txt_581
US,RELATED_TO,Biden,doc_42.txt_581
US,RELATED_TO,China,doc_42.txt_581
EPA,RELATED_TO,Biden,doc_42.txt_581
EPA,RELATED_TO,China,doc_42.txt_581
Biden,RELATED_TO,China,doc_42.txt_581
Washington,RELATED_TO,the China Global Television Network,doc_42.txt_582
Washington,RELATED_TO,Washington,doc_42.txt_582
Washington,RELATED_TO,US,doc_42.txt_582
Washington,RELATED_TO,US,doc_42.txt_582
the China Global Television Network,RELATED_TO,Washington,doc_42.txt_582
the China Global Television Network,RELATED_TO,US,doc_42.txt_582
the China Global Television Network,RELATED_TO,US,doc_42.txt_582
Washington,RELATED_TO,US,doc_42.txt_582
Washington,RELATED_TO,US,doc_42.txt_582
US,RELATED_TO,US,doc_42.txt_582
US,RELATED_TO,the Wall Street Journal,doc_42.txt_583
US,RELATED_TO,US,doc_42.txt_583
US,RELATED_TO,Biden,doc_42.txt_583
US,RELATED_TO,China,doc_42.txt_583
the Wall Street Journal,RELATED_TO,US,doc_42.txt_583
the Wall Street Journal,RELATED_TO,Biden,doc_42.txt_583
the Wall Street Journal,RELATED_TO,China,doc_42.txt_583
US,RELATED_TO,Biden,doc_42.txt_583
US,RELATED_TO,China,doc_42.txt_583
Biden,RELATED_TO,China,doc_42.txt_583
Joe Biden,RELATED_TO,US,doc_42.txt_584
Joe Biden,RELATED_TO,US,doc_42.txt_584
Joe Biden,RELATED_TO,Xi Jinping,doc_42.txt_584
Joe Biden,RELATED_TO,Biden,doc_42.txt_584
US,RELATED_TO,US,doc_42.txt_584
US,RELATED_TO,Xi Jinping,doc_42.txt_584
US,RELATED_TO,Biden,doc_42.txt_584
US,RELATED_TO,Xi Jinping,doc_42.txt_584
US,RELATED_TO,Biden,doc_42.txt_584
Xi Jinping,RELATED_TO,Biden,doc_42.txt_584
North Korea,RELATED_TO,IRA,doc_42.txt_585
North Korea,RELATED_TO,US,doc_42.txt_585
North Korea,RELATED_TO,SEC,doc_42.txt_585
North Korea,RELATED_TO,Iran,doc_42.txt_585
IRA,RELATED_TO,US,doc_42.txt_585
IRA,RELATED_TO,SEC,doc_42.txt_585
IRA,RELATED_TO,Iran,doc_42.txt_585
US,RELATED_TO,SEC,doc_42.txt_585
US,RELATED_TO,Iran,doc_42.txt_585
SEC,RELATED_TO,Iran,doc_42.txt_585
US,RELATED_TO,Tibet,doc_42.txt_586
US,RELATED_TO,US,doc_42.txt_586
US,RELATED_TO,Biden,doc_42.txt_586
US,RELATED_TO,the White House,doc_42.txt_586
Tibet,RELATED_TO,US,doc_42.txt_586
Tibet,RELATED_TO,Biden,doc_42.txt_586
Tibet,RELATED_TO,the White House,doc_42.txt_586
US,RELATED_TO,Biden,doc_42.txt_586
US,RELATED_TO,the White House,doc_42.txt_586
Biden,RELATED_TO,the White House,doc_42.txt_586
US,RELATED_TO,United States,doc_42.txt_587
US,RELATED_TO,the Taiwan Relations Act,doc_42.txt_587
US,RELATED_TO,US,doc_42.txt_587
US,RELATED_TO,the United States,doc_42.txt_587
United States,RELATED_TO,the Taiwan Relations Act,doc_42.txt_587
United States,RELATED_TO,US,doc_42.txt_587
United States,RELATED_TO,the United States,doc_42.txt_587
the Taiwan Relations Act,RELATED_TO,US,doc_42.txt_587
the Taiwan Relations Act,RELATED_TO,the United States,doc_42.txt_587
US,RELATED_TO,the United States,doc_42.txt_587
Beijing,RELATED_TO,US,doc_42.txt_588
Beijing,RELATED_TO,Washington,doc_42.txt_588
Beijing,RELATED_TO,Xinhua Agency,doc_42.txt_588
Beijing,RELATED_TO,US,doc_42.txt_588
US,RELATED_TO,Washington,doc_42.txt_588
US,RELATED_TO,Xinhua Agency,doc_42.txt_588
US,RELATED_TO,US,doc_42.txt_588
Washington,RELATED_TO,Xinhua Agency,doc_42.txt_588
Washington,RELATED_TO,US,doc_42.txt_588
Xinhua Agency,RELATED_TO,US,doc_42.txt_588
US,RELATED_TO,US,doc_42.txt_589
US,RELATED_TO,China,doc_42.txt_589
US,RELATED_TO,China,doc_42.txt_589
US,RELATED_TO,Xi,doc_42.txt_589
US,RELATED_TO,China,doc_42.txt_589
US,RELATED_TO,China,doc_42.txt_589
US,RELATED_TO,Xi,doc_42.txt_589
China,RELATED_TO,China,doc_42.txt_589
China,RELATED_TO,Xi,doc_42.txt_589
China,RELATED_TO,Xi,doc_42.txt_589
US,RELATED_TO,US,doc_42.txt_590
US,RELATED_TO,Biden,doc_42.txt_590
US,RELATED_TO,China,doc_42.txt_590
US,RELATED_TO,China,doc_42.txt_590
US,RELATED_TO,Biden,doc_42.txt_590
US,RELATED_TO,China,doc_42.txt_590
US,RELATED_TO,China,doc_42.txt_590
Biden,RELATED_TO,China,doc_42.txt_590
Biden,RELATED_TO,China,doc_42.txt_590
China,RELATED_TO,China,doc_42.txt_590
US,RELATED_TO,China,doc_42.txt_591
US,RELATED_TO,US,doc_42.txt_591
US,RELATED_TO,China,doc_42.txt_591
China,RELATED_TO,US,doc_42.txt_591
China,RELATED_TO,China,doc_42.txt_591
US,RELATED_TO,China,doc_42.txt_591
Xie Zhenhua,RELATED_TO,John Kerry,doc_42.txt_592
Xie Zhenhua,RELATED_TO,US,doc_42.txt_592
Xie Zhenhua,RELATED_TO,US,doc_42.txt_592
Xie Zhenhua,RELATED_TO,Xie,doc_42.txt_592
John Kerry,RELATED_TO,US,doc_42.txt_592
John Kerry,RELATED_TO,US,doc_42.txt_592
John Kerry,RELATED_TO,Xie,doc_42.txt_592
US,RELATED_TO,US,doc_42.txt_592
US,RELATED_TO,Xie,doc_42.txt_592
US,RELATED_TO,Xie,doc_42.txt_592
China Telecom America’s,RELATED_TO,US,doc_42.txt_593
China Telecom America’s,RELATED_TO,US,doc_42.txt_593
China Telecom America’s,RELATED_TO,America,doc_42.txt_593
China Telecom America’s,RELATED_TO,US FCC,doc_42.txt_593
US,RELATED_TO,US,doc_42.txt_593
US,RELATED_TO,America,doc_42.txt_593
US,RELATED_TO,US FCC,doc_42.txt_593
US,RELATED_TO,America,doc_42.txt_593
US,RELATED_TO,US FCC,doc_42.txt_593
America,RELATED_TO,US FCC,doc_42.txt_593
Liu,RELATED_TO,US Treasury,doc_42.txt_594
Liu,RELATED_TO,US,doc_42.txt_594
Liu,RELATED_TO,SEC,doc_42.txt_594
Liu,RELATED_TO,Janet Yellen,doc_42.txt_594
US Treasury,RELATED_TO,US,doc_42.txt_594
US Treasury,RELATED_TO,SEC,doc_42.txt_594
US Treasury,RELATED_TO,Janet Yellen,doc_42.txt_594
US,RELATED_TO,SEC,doc_42.txt_594
US,RELATED_TO,Janet Yellen,doc_42.txt_594
SEC,RELATED_TO,Janet Yellen,doc_42.txt_594
US,RELATED_TO,Liu,doc_42.txt_595
US,RELATED_TO,US,doc_42.txt_595
US,RELATED_TO,SEC,doc_42.txt_595
US,RELATED_TO,EPA,doc_42.txt_595
Liu,RELATED_TO,US,doc_42.txt_595
Liu,RELATED_TO,SEC,doc_42.txt_595
Liu,RELATED_TO,EPA,doc_42.txt_595
US,RELATED_TO,SEC,doc_42.txt_595
US,RELATED_TO,EPA,doc_42.txt_595
SEC,RELATED_TO,EPA,doc_42.txt_595
US,RELATED_TO,Liu,doc_42.txt_596
US,RELATED_TO,US,doc_42.txt_596
US,RELATED_TO,China,doc_42.txt_596
US,RELATED_TO,China,doc_42.txt_596
Liu,RELATED_TO,US,doc_42.txt_596
Liu,RELATED_TO,China,doc_42.txt_596
Liu,RELATED_TO,China,doc_42.txt_596
US,RELATED_TO,China,doc_42.txt_596
US,RELATED_TO,China,doc_42.txt_596
China,RELATED_TO,China,doc_42.txt_596
The US National Counterintelligence and Security Center,RELATED_TO,US,doc_42.txt_597
The US National Counterintelligence and Security Center,RELATED_TO,quantum computing,doc_42.txt_597
The US National Counterintelligence and Security Center,RELATED_TO,US,doc_42.txt_597
The US National Counterintelligence and Security Center,RELATED_TO,SEC,doc_42.txt_597
US,RELATED_TO,quantum computing,doc_42.txt_597
US,RELATED_TO,US,doc_42.txt_597
US,RELATED_TO,SEC,doc_42.txt_597
quantum computing,RELATED_TO,US,doc_42.txt_597
quantum computing,RELATED_TO,SEC,doc_42.txt_597
US,RELATED_TO,SEC,doc_42.txt_597
US,COMPETES_WITH,US,doc_42.txt_598
US,COMPETES_WITH,Biden,doc_42.txt_598
US,COMPETES_WITH,China,doc_42.txt_598
US,COMPETES_WITH,China,doc_42.txt_598
US,COMPETES_WITH,Biden,doc_42.txt_598
US,COMPETES_WITH,China,doc_42.txt_598
US,COMPETES_WITH,China,doc_42.txt_598
Biden,COMPETES_WITH,China,doc_42.txt_598
Biden,COMPETES_WITH,China,doc_42.txt_598
China,COMPETES_WITH,China,doc_42.txt_598
Joe Biden,RELATED_TO,US,doc_42.txt_599
Joe Biden,RELATED_TO,US,doc_42.txt_599
Joe Biden,RELATED_TO,Xi Jinping,doc_42.txt_599
Joe Biden,RELATED_TO,China,doc_42.txt_599
US,RELATED_TO,US,doc_42.txt_599
US,RELATED_TO,Xi Jinping,doc_42.txt_599
US,RELATED_TO,China,doc_42.txt_599
US,RELATED_TO,Xi Jinping,doc_42.txt_599
US,RELATED_TO,China,doc_42.txt_599
Xi Jinping,RELATED_TO,China,doc_42.txt_599
US,RELATED_TO,US,doc_42.txt_600
US,RELATED_TO,SEC,doc_42.txt_600
US,RELATED_TO,Jake Sullivan,doc_42.txt_600
US,RELATED_TO,Zurich,doc_42.txt_600
US,RELATED_TO,SEC,doc_42.txt_600
US,RELATED_TO,Jake Sullivan,doc_42.txt_600
US,RELATED_TO,Zurich,doc_42.txt_600
SEC,RELATED_TO,Jake Sullivan,doc_42.txt_600
SEC,RELATED_TO,Zurich,doc_42.txt_600
Jake Sullivan,RELATED_TO,Zurich,doc_42.txt_600
Huawei CFO Meng,RELATED_TO,China,doc_42.txt_601
Huawei CFO Meng,RELATED_TO,Kovrig,doc_42.txt_601
Huawei CFO Meng,RELATED_TO,China,doc_42.txt_601
Huawei CFO Meng,RELATED_TO,Spavor,doc_42.txt_601
China,RELATED_TO,Kovrig,doc_42.txt_601
China,RELATED_TO,China,doc_42.txt_601
China,RELATED_TO,Spavor,doc_42.txt_601
Kovrig,RELATED_TO,China,doc_42.txt_601
Kovrig,RELATED_TO,Spavor,doc_42.txt_601
China,RELATED_TO,Spavor,doc_42.txt_601
US,RELATED_TO,Michael Spavor,doc_42.txt_602
US,RELATED_TO,US,doc_42.txt_602
US,RELATED_TO,SEC,doc_42.txt_602
US,RELATED_TO,Meng Wanzhou,doc_42.txt_602
Michael Spavor,RELATED_TO,US,doc_42.txt_602
Michael Spavor,RELATED_TO,SEC,doc_42.txt_602
Michael Spavor,RELATED_TO,Meng Wanzhou,doc_42.txt_602
US,RELATED_TO,SEC,doc_42.txt_602
US,RELATED_TO,Meng Wanzhou,doc_42.txt_602
SEC,RELATED_TO,Meng Wanzhou,doc_42.txt_602
Meng,RELATED_TO,US,doc_42.txt_603
Meng,RELATED_TO,IRA,doc_42.txt_603
Meng,RELATED_TO,Vancouver,doc_42.txt_603
Meng,RELATED_TO,US,doc_42.txt_603
US,RELATED_TO,IRA,doc_42.txt_603
US,RELATED_TO,Vancouver,doc_42.txt_603
US,RELATED_TO,US,doc_42.txt_603
IRA,RELATED_TO,Vancouver,doc_42.txt_603
IRA,RELATED_TO,US,doc_42.txt_603
Vancouver,RELATED_TO,US,doc_42.txt_603
Meng,RELATED_TO,IRA,doc_42.txt_604
Meng,RELATED_TO,Huawei,doc_42.txt_604
Meng,RELATED_TO,Iran,doc_42.txt_604
Meng,RELATED_TO,Brooklyn,doc_42.txt_604
IRA,RELATED_TO,Huawei,doc_42.txt_604
IRA,RELATED_TO,Iran,doc_42.txt_604
IRA,RELATED_TO,Brooklyn,doc_42.txt_604
Huawei,RELATED_TO,Iran,doc_42.txt_604
Huawei,RELATED_TO,Brooklyn,doc_42.txt_604
Iran,RELATED_TO,Brooklyn,doc_42.txt_604
Beijing,RELATED_TO,US,doc_42.txt_605
Beijing,RELATED_TO,US,doc_42.txt_605
Beijing,RELATED_TO,Justin Trudeau,doc_42.txt_605
Beijing,RELATED_TO,Canadian,doc_42.txt_605
US,RELATED_TO,US,doc_42.txt_605
US,RELATED_TO,Justin Trudeau,doc_42.txt_605
US,RELATED_TO,Canadian,doc_42.txt_605
US,RELATED_TO,Justin Trudeau,doc_42.txt_605
US,RELATED_TO,Canadian,doc_42.txt_605
Justin Trudeau,RELATED_TO,Canadian,doc_42.txt_605
Meng,RELATED_TO,US,doc_42.txt_607
Meng,RELATED_TO,Trudeau,doc_42.txt_607
Meng,RELATED_TO,US,doc_42.txt_607
Meng,RELATED_TO,SEC,doc_42.txt_607
US,RELATED_TO,Trudeau,doc_42.txt_607
US,RELATED_TO,US,doc_42.txt_607
US,RELATED_TO,SEC,doc_42.txt_607
Trudeau,RELATED_TO,US,doc_42.txt_607
Trudeau,RELATED_TO,SEC,doc_42.txt_607
US,RELATED_TO,SEC,doc_42.txt_607
US,RELATED_TO,Ministry of Finance,doc_42.txt_608
US,RELATED_TO,Tariff Commission Announcement,doc_42.txt_608
US,RELATED_TO,US,doc_42.txt_608
US,RELATED_TO,China,doc_42.txt_608
Ministry of Finance,RELATED_TO,Tariff Commission Announcement,doc_42.txt_608
Ministry of Finance,RELATED_TO,US,doc_42.txt_608
Ministry of Finance,RELATED_TO,China,doc_42.txt_608
Tariff Commission Announcement,RELATED_TO,US,doc_42.txt_608
Tariff Commission Announcement,RELATED_TO,China,doc_42.txt_608
US,RELATED_TO,China,doc_42.txt_608
Tariff Commission Announcement,RELATED_TO,No.2 and,doc_42.txt_609
Tariff Commission Announcement,RELATED_TO,Chinese,doc_42.txt_609
No.2 and,RELATED_TO,Chinese,doc_42.txt_609
US,RELATED_TO,US,doc_42.txt_610
US,RELATED_TO,China,doc_42.txt_610
US,RELATED_TO,China,doc_42.txt_610
US,RELATED_TO,Huwai,doc_42.txt_610
US,RELATED_TO,China,doc_42.txt_610
US,RELATED_TO,China,doc_42.txt_610
US,RELATED_TO,Huwai,doc_42.txt_610
China,RELATED_TO,China,doc_42.txt_610
China,RELATED_TO,Huwai,doc_42.txt_610
China,RELATED_TO,Huwai,doc_42.txt_610
US,MANUFACTURES,US,doc_42.txt_611
US,MANUFACTURES,Huawei,doc_42.txt_611
US,MANUFACTURES,Reuters,doc_42.txt_611
US,MANUFACTURES,China,doc_42.txt_611
US,MANUFACTURES,Huawei,doc_42.txt_611
US,MANUFACTURES,Reuters,doc_42.txt_611
US,MANUFACTURES,China,doc_42.txt_611
Huawei,MANUFACTURES,Reuters,doc_42.txt_611
Huawei,MANUFACTURES,China,doc_42.txt_611
Reuters,MANUFACTURES,China,doc_42.txt_611
US,RELATED_TO,US,doc_42.txt_612
US,RELATED_TO,hundreds of millions of dollars,doc_42.txt_612
US,RELATED_TO,hundreds of millions of dollars,doc_42.txt_612
US,RELATED_TO,US,doc_42.txt_613
US,RELATED_TO,Huawei,doc_42.txt_613
US,RELATED_TO,SEC,doc_42.txt_613
US,RELATED_TO,EPA,doc_42.txt_613
US,RELATED_TO,Huawei,doc_42.txt_613
US,RELATED_TO,SEC,doc_42.txt_613
US,RELATED_TO,EPA,doc_42.txt_613
Huawei,RELATED_TO,SEC,doc_42.txt_613
Huawei,RELATED_TO,EPA,doc_42.txt_613
SEC,RELATED_TO,EPA,doc_42.txt_613
US,RELATED_TO,US,doc_42.txt_614
US,RELATED_TO,SEC,doc_42.txt_614
US,RELATED_TO,American,doc_42.txt_614
US,RELATED_TO,China,doc_42.txt_614
US,RELATED_TO,SEC,doc_42.txt_614
US,RELATED_TO,American,doc_42.txt_614
US,RELATED_TO,China,doc_42.txt_614
SEC,RELATED_TO,American,doc_42.txt_614
SEC,RELATED_TO,China,doc_42.txt_614
American,RELATED_TO,China,doc_42.txt_614
Beijing,RELATED_TO,Sherman,doc_42.txt_615
Beijing,RELATED_TO,US,doc_42.txt_615
Beijing,RELATED_TO,Washington,doc_42.txt_615
Beijing,RELATED_TO,US,doc_42.txt_615
Sherman,RELATED_TO,US,doc_42.txt_615
Sherman,RELATED_TO,Washington,doc_42.txt_615
Sherman,RELATED_TO,US,doc_42.txt_615
US,RELATED_TO,Washington,doc_42.txt_615
US,RELATED_TO,US,doc_42.txt_615
Washington,RELATED_TO,US,doc_42.txt_615
Sherman,RELATED_TO,US,doc_42.txt_616
Sherman,RELATED_TO,State,doc_42.txt_616
Sherman,RELATED_TO,US,doc_42.txt_616
Sherman,RELATED_TO,SEC,doc_42.txt_616
US,RELATED_TO,State,doc_42.txt_616
US,RELATED_TO,US,doc_42.txt_616
US,RELATED_TO,SEC,doc_42.txt_616
State,RELATED_TO,US,doc_42.txt_616
State,RELATED_TO,SEC,doc_42.txt_616
US,RELATED_TO,SEC,doc_42.txt_616
Joe Biden,RELATED_TO,Sherman,doc_42.txt_617
Joe Biden,RELATED_TO,John Kerry,doc_42.txt_617
Joe Biden,RELATED_TO,US,doc_42.txt_617
Joe Biden,RELATED_TO,SEC,doc_42.txt_617
Sherman,RELATED_TO,John Kerry,doc_42.txt_617
Sherman,RELATED_TO,US,doc_42.txt_617
Sherman,RELATED_TO,SEC,doc_42.txt_617
John Kerry,RELATED_TO,US,doc_42.txt_617
John Kerry,RELATED_TO,SEC,doc_42.txt_617
US,RELATED_TO,SEC,doc_42.txt_617
Joe Biden,MANUFACTURES,The US Senate,doc_42.txt_618
Joe Biden,MANUFACTURES,US,doc_42.txt_618
Joe Biden,MANUFACTURES,US,doc_42.txt_618
Joe Biden,MANUFACTURES,the White House,doc_42.txt_618
The US Senate,MANUFACTURES,US,doc_42.txt_618
The US Senate,MANUFACTURES,US,doc_42.txt_618
The US Senate,MANUFACTURES,the White House,doc_42.txt_618
US,MANUFACTURES,US,doc_42.txt_618
US,MANUFACTURES,the White House,doc_42.txt_618
US,MANUFACTURES,the White House,doc_42.txt_618
The Department of Commerce’s Bureau of Industry and Security,RELATED_TO,US,doc_42.txt_619
The Department of Commerce’s Bureau of Industry and Security,RELATED_TO,US,doc_42.txt_619
The Department of Commerce’s Bureau of Industry and Security,RELATED_TO,SEC,doc_42.txt_619
The Department of Commerce’s Bureau of Industry and Security,RELATED_TO,EPA,doc_42.txt_619
US,RELATED_TO,US,doc_42.txt_619
US,RELATED_TO,SEC,doc_42.txt_619
US,RELATED_TO,EPA,doc_42.txt_619
US,RELATED_TO,SEC,doc_42.txt_619
US,RELATED_TO,EPA,doc_42.txt_619
SEC,RELATED_TO,EPA,doc_42.txt_619
US,RELATED_TO,SEC,doc_42.txt_620
US,RELATED_TO,Shenzhen Cobber Information Technology Co,doc_42.txt_620
US,RELATED_TO,Shenzhen Hua’antai Intelligent Technology Co,doc_42.txt_620
US,RELATED_TO,China Academy of Electronics and Information Technology,doc_42.txt_620
SEC,RELATED_TO,Shenzhen Cobber Information Technology Co,doc_42.txt_620
SEC,RELATED_TO,Shenzhen Hua’antai Intelligent Technology Co,doc_42.txt_620
SEC,RELATED_TO,China Academy of Electronics and Information Technology,doc_42.txt_620
Shenzhen Cobber Information Technology Co,RELATED_TO,Shenzhen Hua’antai Intelligent Technology Co,doc_42.txt_620
Shenzhen Cobber Information Technology Co,RELATED_TO,China Academy of Electronics and Information Technology,doc_42.txt_620
Shenzhen Hua’antai Intelligent Technology Co,RELATED_TO,China Academy of Electronics and Information Technology,doc_42.txt_620
Chengdu Xiwu Security System Alliance Co.,RELATED_TO,SEC,doc_42.txt_621
Chengdu Xiwu Security System Alliance Co.,RELATED_TO,Shenzhen Hua’antai Intelligent Technology Co,doc_42.txt_621
SEC,RELATED_TO,Shenzhen Hua’antai Intelligent Technology Co,doc_42.txt_621
US,RELATED_TO,US,doc_42.txt_622
US,RELATED_TO,EPA,doc_42.txt_622
US,RELATED_TO,"Hoshine Silicon Industry Co., Ltd.",doc_42.txt_622
US,RELATED_TO,Reuters,doc_42.txt_622
US,RELATED_TO,EPA,doc_42.txt_622
US,RELATED_TO,"Hoshine Silicon Industry Co., Ltd.",doc_42.txt_622
US,RELATED_TO,Reuters,doc_42.txt_622
EPA,RELATED_TO,"Hoshine Silicon Industry Co., Ltd.",doc_42.txt_622
EPA,RELATED_TO,Reuters,doc_42.txt_622
"Hoshine Silicon Industry Co., Ltd.",RELATED_TO,Reuters,doc_42.txt_622
GCL New Energy Holdings,RELATED_TO,US,doc_42.txt_623
GCL New Energy Holdings,RELATED_TO,Xinjiang GCL New Energy Material,doc_42.txt_623
GCL New Energy Holdings,RELATED_TO,East Hope Group,doc_42.txt_623
GCL New Energy Holdings,RELATED_TO,US,doc_42.txt_623
US,RELATED_TO,Xinjiang GCL New Energy Material,doc_42.txt_623
US,RELATED_TO,East Hope Group,doc_42.txt_623
US,RELATED_TO,US,doc_42.txt_623
Xinjiang GCL New Energy Material,RELATED_TO,East Hope Group,doc_42.txt_623
Xinjiang GCL New Energy Material,RELATED_TO,US,doc_42.txt_623
East Hope Group,RELATED_TO,US,doc_42.txt_623
NATO,MANUFACTURES,the US Commerce Department,doc_42.txt_624
NATO,MANUFACTURES,US,doc_42.txt_624
NATO,MANUFACTURES,SEC,doc_42.txt_624
NATO,MANUFACTURES,EPA,doc_42.txt_624
the US Commerce Department,MANUFACTURES,US,doc_42.txt_624
the US Commerce Department,MANUFACTURES,SEC,doc_42.txt_624
the US Commerce Department,MANUFACTURES,EPA,doc_42.txt_624
US,MANUFACTURES,SEC,doc_42.txt_624
US,MANUFACTURES,EPA,doc_42.txt_624
SEC,MANUFACTURES,EPA,doc_42.txt_624
Beijing,RELATED_TO,Brussels,doc_42.txt_625
Beijing,RELATED_TO,NATO,doc_42.txt_625
Beijing,RELATED_TO,US,doc_42.txt_625
Beijing,RELATED_TO,SEC,doc_42.txt_625
Brussels,RELATED_TO,NATO,doc_42.txt_625
Brussels,RELATED_TO,US,doc_42.txt_625
Brussels,RELATED_TO,SEC,doc_42.txt_625
NATO,RELATED_TO,US,doc_42.txt_625
NATO,RELATED_TO,SEC,doc_42.txt_625
US,RELATED_TO,SEC,doc_42.txt_625
China,LOCATED_IN,2030,doc_42.txt_626
China,LOCATED_IN,China,doc_42.txt_626
China,LOCATED_IN,NATO,doc_42.txt_626
2030,LOCATED_IN,China,doc_42.txt_626
2030,LOCATED_IN,NATO,doc_42.txt_626
China,LOCATED_IN,NATO,doc_42.txt_626
Beijing,RELATED_TO,NATO,doc_42.txt_627
Beijing,RELATED_TO,the European Union,doc_42.txt_627
Beijing,RELATED_TO,Europe,doc_42.txt_627
Beijing,RELATED_TO,China,doc_42.txt_627
NATO,RELATED_TO,the European Union,doc_42.txt_627
NATO,RELATED_TO,Europe,doc_42.txt_627
NATO,RELATED_TO,China,doc_42.txt_627
the European Union,RELATED_TO,Europe,doc_42.txt_627
the European Union,RELATED_TO,China,doc_42.txt_627
Europe,RELATED_TO,China,doc_42.txt_627
Beijing,RELATED_TO,the Group of Seven,doc_42.txt_628
Beijing,RELATED_TO,US,doc_42.txt_628
Beijing,RELATED_TO,China,doc_42.txt_628
Beijing,RELATED_TO,China,doc_42.txt_628
the Group of Seven,RELATED_TO,US,doc_42.txt_628
the Group of Seven,RELATED_TO,China,doc_42.txt_628
the Group of Seven,RELATED_TO,China,doc_42.txt_628
US,RELATED_TO,China,doc_42.txt_628
US,RELATED_TO,China,doc_42.txt_628
China,RELATED_TO,China,doc_42.txt_628
G7,RELATED_TO,US,doc_42.txt_629
G7,RELATED_TO,China,doc_42.txt_629
G7,RELATED_TO,China,doc_42.txt_629
G7,RELATED_TO,UK,doc_42.txt_629
US,RELATED_TO,China,doc_42.txt_629
US,RELATED_TO,China,doc_42.txt_629
US,RELATED_TO,UK,doc_42.txt_629
China,RELATED_TO,China,doc_42.txt_629
China,RELATED_TO,UK,doc_42.txt_629
China,RELATED_TO,UK,doc_42.txt_629
US,RELATED_TO,Yang,doc_42.txt_630
US,RELATED_TO,State,doc_42.txt_630
US,RELATED_TO,US,doc_42.txt_630
US,RELATED_TO,SEC,doc_42.txt_630
Yang,RELATED_TO,State,doc_42.txt_630
Yang,RELATED_TO,US,doc_42.txt_630
Yang,RELATED_TO,SEC,doc_42.txt_630
State,RELATED_TO,US,doc_42.txt_630
State,RELATED_TO,SEC,doc_42.txt_630
US,RELATED_TO,SEC,doc_42.txt_630
US,RELATED_TO,the Office of the Spokesperson of the White House,doc_42.txt_631
US,RELATED_TO,SEC,doc_42.txt_631
US,RELATED_TO,US,doc_42.txt_631
US,RELATED_TO,Canadian,doc_42.txt_631
the Office of the Spokesperson of the White House,RELATED_TO,SEC,doc_42.txt_631
the Office of the Spokesperson of the White House,RELATED_TO,US,doc_42.txt_631
the Office of the Spokesperson of the White House,RELATED_TO,Canadian,doc_42.txt_631
SEC,RELATED_TO,US,doc_42.txt_631
SEC,RELATED_TO,Canadian,doc_42.txt_631
US,RELATED_TO,Canadian,doc_42.txt_631
US,RELATED_TO,Yang,doc_42.txt_632
US,RELATED_TO,Washington DC,doc_42.txt_632
US,RELATED_TO,US,doc_42.txt_632
US,RELATED_TO,COVID-19,doc_42.txt_632
Yang,RELATED_TO,Washington DC,doc_42.txt_632
Yang,RELATED_TO,US,doc_42.txt_632
Yang,RELATED_TO,COVID-19,doc_42.txt_632
Washington DC,RELATED_TO,US,doc_42.txt_632
Washington DC,RELATED_TO,COVID-19,doc_42.txt_632
US,RELATED_TO,COVID-19,doc_42.txt_632
US,RELATED_TO,IRA,doc_42.txt_633
US,RELATED_TO,US,doc_42.txt_633
US,RELATED_TO,Iran,doc_42.txt_633
US,RELATED_TO,Blinken,doc_42.txt_633
IRA,RELATED_TO,US,doc_42.txt_633
IRA,RELATED_TO,Iran,doc_42.txt_633
IRA,RELATED_TO,Blinken,doc_42.txt_633
US,RELATED_TO,Iran,doc_42.txt_633
US,RELATED_TO,Blinken,doc_42.txt_633
Iran,RELATED_TO,Blinken,doc_42.txt_633
the Anti-Foreign Sanctions Law,RELATED_TO,US,doc_42.txt_634
the Anti-Foreign Sanctions Law,RELATED_TO,US,doc_42.txt_634
the Anti-Foreign Sanctions Law,RELATED_TO,the National People’s Congress (NPC,doc_42.txt_634
the Anti-Foreign Sanctions Law,RELATED_TO,EU,doc_42.txt_634
US,RELATED_TO,US,doc_42.txt_634
US,RELATED_TO,the National People’s Congress (NPC,doc_42.txt_634
US,RELATED_TO,EU,doc_42.txt_634
US,RELATED_TO,the National People’s Congress (NPC,doc_42.txt_634
US,RELATED_TO,EU,doc_42.txt_634
the National People’s Congress (NPC,RELATED_TO,EU,doc_42.txt_634
US,RELATED_TO,China,doc_42.txt_635
US,RELATED_TO,China,doc_42.txt_635
US,RELATED_TO,Chinese,doc_42.txt_635
China,RELATED_TO,China,doc_42.txt_635
China,RELATED_TO,Chinese,doc_42.txt_635
China,RELATED_TO,Chinese,doc_42.txt_635
US,RELATED_TO,Commerce Gina Raimondo,doc_42.txt_637
US,RELATED_TO,US Treasury,doc_42.txt_637
US,RELATED_TO,US,doc_42.txt_637
US,RELATED_TO,SEC,doc_42.txt_637
Commerce Gina Raimondo,RELATED_TO,US Treasury,doc_42.txt_637
Commerce Gina Raimondo,RELATED_TO,US,doc_42.txt_637
Commerce Gina Raimondo,RELATED_TO,SEC,doc_42.txt_637
US Treasury,RELATED_TO,US,doc_42.txt_637
US Treasury,RELATED_TO,SEC,doc_42.txt_637
US,RELATED_TO,SEC,doc_42.txt_637
Trump,RELATED_TO,China’s Commerce Ministry,doc_42.txt_638
Trump,RELATED_TO,US,doc_42.txt_638
Trump,RELATED_TO,GM,doc_42.txt_638
Trump,RELATED_TO,US,doc_42.txt_638
China’s Commerce Ministry,RELATED_TO,US,doc_42.txt_638
China’s Commerce Ministry,RELATED_TO,GM,doc_42.txt_638
China’s Commerce Ministry,RELATED_TO,US,doc_42.txt_638
US,RELATED_TO,GM,doc_42.txt_638
US,RELATED_TO,US,doc_42.txt_638
GM,RELATED_TO,US,doc_42.txt_638
Joe Biden,COMPETES_WITH,Trump,doc_42.txt_639
Joe Biden,COMPETES_WITH,US,doc_42.txt_639
Joe Biden,COMPETES_WITH,US,doc_42.txt_639
Joe Biden,COMPETES_WITH,SEC,doc_42.txt_639
Trump,COMPETES_WITH,US,doc_42.txt_639
Trump,COMPETES_WITH,US,doc_42.txt_639
Trump,COMPETES_WITH,SEC,doc_42.txt_639
US,COMPETES_WITH,US,doc_42.txt_639
US,COMPETES_WITH,SEC,doc_42.txt_639
US,COMPETES_WITH,SEC,doc_42.txt_639
more than US$250 billion,COMPETES_WITH,The US Senate,doc_42.txt_640
more than US$250 billion,COMPETES_WITH,US,doc_42.txt_640
more than US$250 billion,COMPETES_WITH,the US Innovation and Competition Act,doc_42.txt_640
more than US$250 billion,COMPETES_WITH,the National Science Foundation,doc_42.txt_640
The US Senate,COMPETES_WITH,US,doc_42.txt_640
The US Senate,COMPETES_WITH,the US Innovation and Competition Act,doc_42.txt_640
The US Senate,COMPETES_WITH,the National Science Foundation,doc_42.txt_640
US,COMPETES_WITH,the US Innovation and Competition Act,doc_42.txt_640
US,COMPETES_WITH,the National Science Foundation,doc_42.txt_640
the US Innovation and Competition Act,COMPETES_WITH,the National Science Foundation,doc_42.txt_640
Joe Biden,RELATED_TO,Congress,doc_42.txt_641
Joe Biden,RELATED_TO,Trump,doc_42.txt_641
Joe Biden,RELATED_TO,US,doc_42.txt_641
Joe Biden,RELATED_TO,Senate,doc_42.txt_641
Congress,RELATED_TO,Trump,doc_42.txt_641
Congress,RELATED_TO,US,doc_42.txt_641
Congress,RELATED_TO,Senate,doc_42.txt_641
Trump,RELATED_TO,US,doc_42.txt_641
Trump,RELATED_TO,Senate,doc_42.txt_641
US,RELATED_TO,Senate,doc_42.txt_641
Trump,INVESTED_IN,US,doc_42.txt_642
Trump,INVESTED_IN,Huawei,doc_42.txt_642
Trump,INVESTED_IN,SEC,doc_42.txt_642
Trump,INVESTED_IN,American,doc_42.txt_642
US,INVESTED_IN,Huawei,doc_42.txt_642
US,INVESTED_IN,SEC,doc_42.txt_642
US,INVESTED_IN,American,doc_42.txt_642
Huawei,INVESTED_IN,SEC,doc_42.txt_642
Huawei,INVESTED_IN,American,doc_42.txt_642
SEC,INVESTED_IN,American,doc_42.txt_642
US,RELATED_TO,US,doc_42.txt_643
US,RELATED_TO,SEC,doc_42.txt_643
US,RELATED_TO,Janet Yellen,doc_42.txt_643
US,RELATED_TO,Chinese,doc_42.txt_643
US,RELATED_TO,SEC,doc_42.txt_643
US,RELATED_TO,Janet Yellen,doc_42.txt_643
US,RELATED_TO,Chinese,doc_42.txt_643
SEC,RELATED_TO,Janet Yellen,doc_42.txt_643
SEC,RELATED_TO,Chinese,doc_42.txt_643
Janet Yellen,RELATED_TO,Chinese,doc_42.txt_643
Xinhua,RELATED_TO,US,doc_42.txt_644
Xinhua,RELATED_TO,US,doc_42.txt_644
Xinhua,RELATED_TO,Xinhua News Agency,doc_42.txt_644
Xinhua,RELATED_TO,China,doc_42.txt_644
US,RELATED_TO,US,doc_42.txt_644
US,RELATED_TO,Xinhua News Agency,doc_42.txt_644
US,RELATED_TO,China,doc_42.txt_644
US,RELATED_TO,Xinhua News Agency,doc_42.txt_644
US,RELATED_TO,China,doc_42.txt_644
Xinhua News Agency,RELATED_TO,China,doc_42.txt_644
US,RELATED_TO,Yellen,doc_42.txt_645
US,RELATED_TO,the Biden Administration’s,doc_42.txt_645
US,RELATED_TO,The US Trade Representative Office,doc_42.txt_645
US,RELATED_TO,US,doc_42.txt_645
Yellen,RELATED_TO,the Biden Administration’s,doc_42.txt_645
Yellen,RELATED_TO,The US Trade Representative Office,doc_42.txt_645
Yellen,RELATED_TO,US,doc_42.txt_645
the Biden Administration’s,RELATED_TO,The US Trade Representative Office,doc_42.txt_645
the Biden Administration’s,RELATED_TO,US,doc_42.txt_645
The US Trade Representative Office,RELATED_TO,US,doc_42.txt_645
Joe Biden,RELATED_TO,US,doc_42.txt_646
Joe Biden,RELATED_TO,Liu,doc_42.txt_646
Joe Biden,RELATED_TO,US,doc_42.txt_646
Joe Biden,RELATED_TO,Biden,doc_42.txt_646
US,RELATED_TO,Liu,doc_42.txt_646
US,RELATED_TO,US,doc_42.txt_646
US,RELATED_TO,Biden,doc_42.txt_646
Liu,RELATED_TO,US,doc_42.txt_646
Liu,RELATED_TO,Biden,doc_42.txt_646
US,RELATED_TO,Biden,doc_42.txt_646
China,RELATED_TO,GM,doc_42.txt_647
China,RELATED_TO,China,doc_42.txt_647
China,RELATED_TO,Ministry of Commerce,doc_42.txt_647
GM,RELATED_TO,China,doc_42.txt_647
GM,RELATED_TO,Ministry of Commerce,doc_42.txt_647
China,RELATED_TO,Ministry of Commerce,doc_42.txt_647
US Senate Foreign Relations Committee,RELATED_TO,US,doc_42.txt_648
US Senate Foreign Relations Committee,RELATED_TO,the Biden-Harris Administration’s,doc_42.txt_648
US Senate Foreign Relations Committee,RELATED_TO,The US Trade Representative Office,doc_42.txt_648
US Senate Foreign Relations Committee,RELATED_TO,US,doc_42.txt_648
US,RELATED_TO,the Biden-Harris Administration’s,doc_42.txt_648
US,RELATED_TO,The US Trade Representative Office,doc_42.txt_648
US,RELATED_TO,US,doc_42.txt_648
the Biden-Harris Administration’s,RELATED_TO,The US Trade Representative Office,doc_42.txt_648
the Biden-Harris Administration’s,RELATED_TO,US,doc_42.txt_648
The US Trade Representative Office,RELATED_TO,US,doc_42.txt_648
US,RELATED_TO,US,doc_42.txt_649
US,RELATED_TO,The US Senate Foreign Relations Committee,doc_42.txt_649
US,RELATED_TO,China,doc_42.txt_649
US,RELATED_TO,China,doc_42.txt_649
US,RELATED_TO,The US Senate Foreign Relations Committee,doc_42.txt_649
US,RELATED_TO,China,doc_42.txt_649
US,RELATED_TO,China,doc_42.txt_649
The US Senate Foreign Relations Committee,RELATED_TO,China,doc_42.txt_649
The US Senate Foreign Relations Committee,RELATED_TO,China,doc_42.txt_649
China,RELATED_TO,China,doc_42.txt_649
Beijing,INVESTED_IN,US,doc_42.txt_650
Beijing,INVESTED_IN,Senate,doc_42.txt_650
Beijing,INVESTED_IN,US,doc_42.txt_650
Beijing,INVESTED_IN,House of Representatives,doc_42.txt_650
US,INVESTED_IN,Senate,doc_42.txt_650
US,INVESTED_IN,US,doc_42.txt_650
US,INVESTED_IN,House of Representatives,doc_42.txt_650
Senate,INVESTED_IN,US,doc_42.txt_650
Senate,INVESTED_IN,House of Representatives,doc_42.txt_650
US,INVESTED_IN,House of Representatives,doc_42.txt_650
Joe Biden,RELATED_TO,Yoshihide Suga,doc_42.txt_651
Joe Biden,RELATED_TO,US,doc_42.txt_651
Joe Biden,RELATED_TO,US,doc_42.txt_651
Joe Biden,RELATED_TO,Japanese,doc_42.txt_651
Yoshihide Suga,RELATED_TO,US,doc_42.txt_651
Yoshihide Suga,RELATED_TO,US,doc_42.txt_651
Yoshihide Suga,RELATED_TO,Japanese,doc_42.txt_651
US,RELATED_TO,US,doc_42.txt_651
US,RELATED_TO,Japanese,doc_42.txt_651
US,RELATED_TO,Japanese,doc_42.txt_651
US,RELATED_TO,US,doc_42.txt_652
US,RELATED_TO,China,doc_42.txt_652
US,RELATED_TO,China,doc_42.txt_652
US,RELATED_TO,Japan,doc_42.txt_652
US,RELATED_TO,China,doc_42.txt_652
US,RELATED_TO,China,doc_42.txt_652
US,RELATED_TO,Japan,doc_42.txt_652
China,RELATED_TO,China,doc_42.txt_652
China,RELATED_TO,Japan,doc_42.txt_652
China,RELATED_TO,Japan,doc_42.txt_652
John Kerry,RELATED_TO,US,doc_42.txt_653
John Kerry,RELATED_TO,Washington,doc_42.txt_653
John Kerry,RELATED_TO,Change Xie Zhenhua,doc_42.txt_653
John Kerry,RELATED_TO,US,doc_42.txt_653
US,RELATED_TO,Washington,doc_42.txt_653
US,RELATED_TO,Change Xie Zhenhua,doc_42.txt_653
US,RELATED_TO,US,doc_42.txt_653
Washington,RELATED_TO,Change Xie Zhenhua,doc_42.txt_653
Washington,RELATED_TO,US,doc_42.txt_653
Change Xie Zhenhua,RELATED_TO,US,doc_42.txt_653
Biden Administration,RELATED_TO,Glasgow,doc_42.txt_654
Biden Administration,RELATED_TO,Shanghai,doc_42.txt_654
Biden Administration,RELATED_TO,China,doc_42.txt_654
Biden Administration,RELATED_TO,China,doc_42.txt_654
Glasgow,RELATED_TO,Shanghai,doc_42.txt_654
Glasgow,RELATED_TO,China,doc_42.txt_654
Glasgow,RELATED_TO,China,doc_42.txt_654
Shanghai,RELATED_TO,China,doc_42.txt_654
Shanghai,RELATED_TO,China,doc_42.txt_654
China,RELATED_TO,China,doc_42.txt_654
Republican,RELATED_TO,US,doc_42.txt_655
Republican,RELATED_TO,US,doc_42.txt_655
Republican,RELATED_TO,The US Senate Foreign Relations Committee’s Democratic,doc_42.txt_655
Republican,RELATED_TO,Jim Risch,doc_42.txt_655
US,RELATED_TO,US,doc_42.txt_655
US,RELATED_TO,The US Senate Foreign Relations Committee’s Democratic,doc_42.txt_655
US,RELATED_TO,Jim Risch,doc_42.txt_655
US,RELATED_TO,The US Senate Foreign Relations Committee’s Democratic,doc_42.txt_655
US,RELATED_TO,Jim Risch,doc_42.txt_655
The US Senate Foreign Relations Committee’s Democratic,RELATED_TO,Jim Risch,doc_42.txt_655
US,COMPETES_WITH,US,doc_42.txt_656
US,COMPETES_WITH,Chinese,doc_42.txt_656
US,COMPETES_WITH,Chinese,doc_42.txt_656
US,RELATED_TO,US,doc_42.txt_657
US,RELATED_TO,Chinese,doc_42.txt_657
US,RELATED_TO,Taiwanese,doc_42.txt_657
US,RELATED_TO,Xinjiang,doc_42.txt_657
US,RELATED_TO,Chinese,doc_42.txt_657
US,RELATED_TO,Taiwanese,doc_42.txt_657
US,RELATED_TO,Xinjiang,doc_42.txt_657
Chinese,RELATED_TO,Taiwanese,doc_42.txt_657
Chinese,RELATED_TO,Xinjiang,doc_42.txt_657
Taiwanese,RELATED_TO,Xinjiang,doc_42.txt_657
US,RELATED_TO,Indo-Pacific,doc_42.txt_658
US,RELATED_TO,the Committee on Foreign Investment,doc_42.txt_658
US,RELATED_TO,US,doc_42.txt_658
US,RELATED_TO,American,doc_42.txt_658
Indo-Pacific,RELATED_TO,the Committee on Foreign Investment,doc_42.txt_658
Indo-Pacific,RELATED_TO,US,doc_42.txt_658
Indo-Pacific,RELATED_TO,American,doc_42.txt_658
the Committee on Foreign Investment,RELATED_TO,US,doc_42.txt_658
the Committee on Foreign Investment,RELATED_TO,American,doc_42.txt_658
US,RELATED_TO,American,doc_42.txt_658
US,RELATED_TO,US,doc_42.txt_659
US,RELATED_TO,SEC,doc_42.txt_659
US,RELATED_TO,EPA,doc_42.txt_659
US,RELATED_TO,Entity List,doc_42.txt_659
US,RELATED_TO,SEC,doc_42.txt_659
US,RELATED_TO,EPA,doc_42.txt_659
US,RELATED_TO,Entity List,doc_42.txt_659
SEC,RELATED_TO,EPA,doc_42.txt_659
SEC,RELATED_TO,Entity List,doc_42.txt_659
EPA,RELATED_TO,Entity List,doc_42.txt_659
Shanghai High-Performance Integrated Circuit Design Center,RELATED_TO,the National Supercomputing Center Wuxi,doc_42.txt_660
Shanghai High-Performance Integrated Circuit Design Center,RELATED_TO,US,doc_42.txt_660
Shanghai High-Performance Integrated Circuit Design Center,RELATED_TO,Tianjin Phytium Information Technology,doc_42.txt_660
Shanghai High-Performance Integrated Circuit Design Center,RELATED_TO,US,doc_42.txt_660
the National Supercomputing Center Wuxi,RELATED_TO,US,doc_42.txt_660
the National Supercomputing Center Wuxi,RELATED_TO,Tianjin Phytium Information Technology,doc_42.txt_660
the National Supercomputing Center Wuxi,RELATED_TO,US,doc_42.txt_660
US,RELATED_TO,Tianjin Phytium Information Technology,doc_42.txt_660
US,RELATED_TO,US,doc_42.txt_660
Tianjin Phytium Information Technology,RELATED_TO,US,doc_42.txt_660
US,RELATED_TO,US,doc_42.txt_661
US,RELATED_TO,SEC,doc_42.txt_661
US,RELATED_TO,EU,doc_42.txt_661
US,RELATED_TO,China,doc_42.txt_661
US,RELATED_TO,SEC,doc_42.txt_661
US,RELATED_TO,EU,doc_42.txt_661
US,RELATED_TO,China,doc_42.txt_661
SEC,RELATED_TO,EU,doc_42.txt_661
SEC,RELATED_TO,China,doc_42.txt_661
EU,RELATED_TO,China,doc_42.txt_661
CAI,RELATED_TO,Adidas,doc_42.txt_662
CAI,RELATED_TO,boycotts,doc_42.txt_662
CAI,RELATED_TO,US,doc_42.txt_662
CAI,RELATED_TO,US,doc_42.txt_662
Adidas,RELATED_TO,boycotts,doc_42.txt_662
Adidas,RELATED_TO,US,doc_42.txt_662
Adidas,RELATED_TO,US,doc_42.txt_662
boycotts,RELATED_TO,US,doc_42.txt_662
boycotts,RELATED_TO,US,doc_42.txt_662
US,RELATED_TO,US,doc_42.txt_662
Anchorage,RELATED_TO,US,doc_42.txt_663
Anchorage,RELATED_TO,National Security Advisor,doc_42.txt_663
Anchorage,RELATED_TO,the US Antony Blinken,doc_42.txt_663
Anchorage,RELATED_TO,SEC,doc_42.txt_663
US,RELATED_TO,National Security Advisor,doc_42.txt_663
US,RELATED_TO,the US Antony Blinken,doc_42.txt_663
US,RELATED_TO,SEC,doc_42.txt_663
National Security Advisor,RELATED_TO,the US Antony Blinken,doc_42.txt_663
National Security Advisor,RELATED_TO,SEC,doc_42.txt_663
the US Antony Blinken,RELATED_TO,SEC,doc_42.txt_663
US,RELATED_TO,US,doc_42.txt_664
US,RELATED_TO,China,doc_42.txt_664
US,RELATED_TO,China,doc_42.txt_664
US,RELATED_TO,Blinken,doc_42.txt_664
US,RELATED_TO,China,doc_42.txt_664
US,RELATED_TO,China,doc_42.txt_664
US,RELATED_TO,Blinken,doc_42.txt_664
China,RELATED_TO,China,doc_42.txt_664
China,RELATED_TO,Blinken,doc_42.txt_664
China,RELATED_TO,Blinken,doc_42.txt_664
US,RELATED_TO,US,doc_42.txt_665
US,RELATED_TO,SEC,doc_42.txt_665
US,RELATED_TO,Yang Jiechi,doc_42.txt_665
US,RELATED_TO,China,doc_42.txt_665
US,RELATED_TO,SEC,doc_42.txt_665
US,RELATED_TO,Yang Jiechi,doc_42.txt_665
US,RELATED_TO,China,doc_42.txt_665
SEC,RELATED_TO,Yang Jiechi,doc_42.txt_665
SEC,RELATED_TO,China,doc_42.txt_665
Yang Jiechi,RELATED_TO,China,doc_42.txt_665
North Korea,RELATED_TO,US,doc_42.txt_666
North Korea,RELATED_TO,IRA,doc_42.txt_666
North Korea,RELATED_TO,Tibet,doc_42.txt_666
North Korea,RELATED_TO,US,doc_42.txt_666
US,RELATED_TO,IRA,doc_42.txt_666
US,RELATED_TO,Tibet,doc_42.txt_666
US,RELATED_TO,US,doc_42.txt_666
IRA,RELATED_TO,Tibet,doc_42.txt_666
IRA,RELATED_TO,US,doc_42.txt_666
Tibet,RELATED_TO,US,doc_42.txt_666
US,RELATED_TO,US,doc_42.txt_667
US,RELATED_TO,SEC,doc_42.txt_667
US,RELATED_TO,Pacific Networks,doc_42.txt_667
US,RELATED_TO,China,doc_42.txt_667
US,RELATED_TO,SEC,doc_42.txt_667
US,RELATED_TO,Pacific Networks,doc_42.txt_667
US,RELATED_TO,China,doc_42.txt_667
SEC,RELATED_TO,Pacific Networks,doc_42.txt_667
SEC,RELATED_TO,China,doc_42.txt_667
Pacific Networks,RELATED_TO,China,doc_42.txt_667
US,SURPASSED,US,doc_42.txt_668
US,SURPASSED,China,doc_42.txt_668
US,SURPASSED,China,doc_42.txt_668
US,SURPASSED,Chinese,doc_42.txt_668
US,SURPASSED,China,doc_42.txt_668
US,SURPASSED,China,doc_42.txt_668
US,SURPASSED,Chinese,doc_42.txt_668
China,SURPASSED,China,doc_42.txt_668
China,SURPASSED,Chinese,doc_42.txt_668
China,SURPASSED,Chinese,doc_42.txt_668
Beijing,RELATED_TO,Hong Kong,doc_42.txt_669
Beijing,RELATED_TO,US,doc_42.txt_669
Beijing,RELATED_TO,US,doc_42.txt_669
Beijing,RELATED_TO,SEC,doc_42.txt_669
Hong Kong,RELATED_TO,US,doc_42.txt_669
Hong Kong,RELATED_TO,US,doc_42.txt_669
Hong Kong,RELATED_TO,SEC,doc_42.txt_669
US,RELATED_TO,US,doc_42.txt_669
US,RELATED_TO,SEC,doc_42.txt_669
US,RELATED_TO,SEC,doc_42.txt_669
US,RELATED_TO,US,doc_42.txt_670
US,RELATED_TO,Huawei,doc_42.txt_670
US,RELATED_TO,the US Federal Communications Commission,doc_42.txt_670
US,RELATED_TO,SEC,doc_42.txt_670
US,RELATED_TO,Huawei,doc_42.txt_670
US,RELATED_TO,the US Federal Communications Commission,doc_42.txt_670
US,RELATED_TO,SEC,doc_42.txt_670
Huawei,RELATED_TO,the US Federal Communications Commission,doc_42.txt_670
Huawei,RELATED_TO,SEC,doc_42.txt_670
the US Federal Communications Commission,RELATED_TO,SEC,doc_42.txt_670
the US Department of Commerce,INVESTED_IN,US,doc_42.txt_671
the US Department of Commerce,INVESTED_IN,Biden,doc_42.txt_671
the US Department of Commerce,INVESTED_IN,US,doc_42.txt_671
the US Department of Commerce,INVESTED_IN,the Department of Defense,doc_42.txt_671
US,INVESTED_IN,Biden,doc_42.txt_671
US,INVESTED_IN,US,doc_42.txt_671
US,INVESTED_IN,the Department of Defense,doc_42.txt_671
Biden,INVESTED_IN,US,doc_42.txt_671
Biden,INVESTED_IN,the Department of Defense,doc_42.txt_671
US,INVESTED_IN,the Department of Defense,doc_42.txt_671
Anchorage,RELATED_TO,US,doc_42.txt_672
Anchorage,RELATED_TO,State,doc_42.txt_672
Anchorage,RELATED_TO,National Security Advisor,doc_42.txt_672
Anchorage,RELATED_TO,Tokyo,doc_42.txt_672
US,RELATED_TO,State,doc_42.txt_672
US,RELATED_TO,National Security Advisor,doc_42.txt_672
US,RELATED_TO,Tokyo,doc_42.txt_672
State,RELATED_TO,National Security Advisor,doc_42.txt_672
State,RELATED_TO,Tokyo,doc_42.txt_672
National Security Advisor,RELATED_TO,Tokyo,doc_42.txt_672
Beijing,RELATED_TO,US,doc_42.txt_673
Beijing,RELATED_TO,US,doc_42.txt_673
Beijing,RELATED_TO,Chinese,doc_42.txt_673
US,RELATED_TO,US,doc_42.txt_673
US,RELATED_TO,Chinese,doc_42.txt_673
US,RELATED_TO,Chinese,doc_42.txt_673
US,RELATED_TO,Biden,doc_42.txt_674
US,RELATED_TO,China,doc_42.txt_674
US,RELATED_TO,China,doc_42.txt_674
US,RELATED_TO,USTR,doc_42.txt_674
Biden,RELATED_TO,China,doc_42.txt_674
Biden,RELATED_TO,China,doc_42.txt_674
Biden,RELATED_TO,USTR,doc_42.txt_674
China,RELATED_TO,China,doc_42.txt_674
China,RELATED_TO,USTR,doc_42.txt_674
China,RELATED_TO,USTR,doc_42.txt_674
Joe Biden,RELATED_TO,Trump,doc_42.txt_675
Joe Biden,RELATED_TO,US,doc_42.txt_675
Joe Biden,RELATED_TO,SEC,doc_42.txt_675
Joe Biden,RELATED_TO,Xi Jinping,doc_42.txt_675
Trump,RELATED_TO,US,doc_42.txt_675
Trump,RELATED_TO,SEC,doc_42.txt_675
Trump,RELATED_TO,Xi Jinping,doc_42.txt_675
US,RELATED_TO,SEC,doc_42.txt_675
US,RELATED_TO,Xi Jinping,doc_42.txt_675
SEC,RELATED_TO,Xi Jinping,doc_42.txt_675
Joe Biden,RELATED_TO,US,doc_42.txt_676
Joe Biden,RELATED_TO,US,doc_42.txt_676
Joe Biden,RELATED_TO,Xi Jinping,doc_42.txt_676
Joe Biden,RELATED_TO,Biden,doc_42.txt_676
US,RELATED_TO,US,doc_42.txt_676
US,RELATED_TO,Xi Jinping,doc_42.txt_676
US,RELATED_TO,Biden,doc_42.txt_676
US,RELATED_TO,Xi Jinping,doc_42.txt_676
US,RELATED_TO,Biden,doc_42.txt_676
Xi Jinping,RELATED_TO,Biden,doc_42.txt_676
Joe Biden,RELATED_TO,US,doc_42.txt_677
Joe Biden,RELATED_TO,Yang,doc_42.txt_677
Joe Biden,RELATED_TO,Washington,doc_42.txt_677
Joe Biden,RELATED_TO,State,doc_42.txt_677
US,RELATED_TO,Yang,doc_42.txt_677
US,RELATED_TO,Washington,doc_42.txt_677
US,RELATED_TO,State,doc_42.txt_677
Yang,RELATED_TO,Washington,doc_42.txt_677
Yang,RELATED_TO,State,doc_42.txt_677
Washington,RELATED_TO,State,doc_42.txt_677
Joe Biden,RELATED_TO,US,doc_42.txt_678
Joe Biden,RELATED_TO,State,doc_42.txt_678
Joe Biden,RELATED_TO,US,doc_42.txt_678
Joe Biden,RELATED_TO,SEC,doc_42.txt_678
US,RELATED_TO,State,doc_42.txt_678
US,RELATED_TO,US,doc_42.txt_678
US,RELATED_TO,SEC,doc_42.txt_678
State,RELATED_TO,US,doc_42.txt_678
State,RELATED_TO,SEC,doc_42.txt_678
US,RELATED_TO,SEC,doc_42.txt_678
Joe Biden,RELATED_TO,US,doc_42.txt_679
Joe Biden,RELATED_TO,US,doc_42.txt_679
Joe Biden,RELATED_TO,Biden,doc_42.txt_679
Joe Biden,RELATED_TO,COVID-19,doc_42.txt_679
US,RELATED_TO,US,doc_42.txt_679
US,RELATED_TO,Biden,doc_42.txt_679
US,RELATED_TO,COVID-19,doc_42.txt_679
US,RELATED_TO,Biden,doc_42.txt_679
US,RELATED_TO,COVID-19,doc_42.txt_679
Biden,RELATED_TO,COVID-19,doc_42.txt_679
Beijing,RELATED_TO,Trump,doc_42.txt_680
Beijing,RELATED_TO,Washington,doc_42.txt_680
Beijing,RELATED_TO,State,doc_42.txt_680
Beijing,RELATED_TO,US,doc_42.txt_680
Trump,RELATED_TO,Washington,doc_42.txt_680
Trump,RELATED_TO,State,doc_42.txt_680
Trump,RELATED_TO,US,doc_42.txt_680
Washington,RELATED_TO,State,doc_42.txt_680
Washington,RELATED_TO,US,doc_42.txt_680
State,RELATED_TO,US,doc_42.txt_680
IRA,RELATED_TO,US,doc_42.txt_681
IRA,RELATED_TO,Dezan Shira & Associates,doc_42.txt_681
IRA,RELATED_TO,China,doc_42.txt_681
IRA,RELATED_TO,China,doc_42.txt_681
US,RELATED_TO,Dezan Shira & Associates,doc_42.txt_681
US,RELATED_TO,China,doc_42.txt_681
US,RELATED_TO,China,doc_42.txt_681
Dezan Shira & Associates,RELATED_TO,China,doc_42.txt_681
Dezan Shira & Associates,RELATED_TO,China,doc_42.txt_681
China,RELATED_TO,China,doc_42.txt_681
Philippines,INVESTED_IN,IRA,doc_42.txt_682
Philippines,INVESTED_IN,United States,doc_42.txt_682
Philippines,INVESTED_IN,Singapore,doc_42.txt_682
Philippines,INVESTED_IN,US,doc_42.txt_682
IRA,INVESTED_IN,United States,doc_42.txt_682
IRA,INVESTED_IN,Singapore,doc_42.txt_682
IRA,INVESTED_IN,US,doc_42.txt_682
United States,INVESTED_IN,Singapore,doc_42.txt_682
United States,INVESTED_IN,US,doc_42.txt_682
Singapore,INVESTED_IN,US,doc_42.txt_682
China,RELATED_TO,IRA,doc_42.txt_683
China,RELATED_TO,China,doc_42.txt_683
IRA,RELATED_TO,China,doc_42.txt_683
US,RELATED_TO,China,doc_42.txt_684
US,RELATED_TO,China,doc_42.txt_684
China,RELATED_TO,China,doc_42.txt_684
US,RELATED_TO,China,doc_42.txt_685
US,RELATED_TO,China Edition,doc_42.txt_685
US,RELATED_TO,China Briefing,doc_42.txt_685
US,RELATED_TO,Subscribe,doc_42.txt_685
China,RELATED_TO,China Edition,doc_42.txt_685
China,RELATED_TO,China Briefing,doc_42.txt_685
China,RELATED_TO,Subscribe,doc_42.txt_685
China Edition,RELATED_TO,China Briefing,doc_42.txt_685
China Edition,RELATED_TO,Subscribe,doc_42.txt_685
China Briefing,RELATED_TO,Subscribe,doc_42.txt_685
EV,MANUFACTURES,US,doc_43.txt_0
EV,MANUFACTURES,the U.S. Role,doc_43.txt_0
EV,MANUFACTURES,China,doc_43.txt_0
EV,MANUFACTURES,China,doc_43.txt_0
US,MANUFACTURES,the U.S. Role,doc_43.txt_0
US,MANUFACTURES,China,doc_43.txt_0
US,MANUFACTURES,China,doc_43.txt_0
the U.S. Role,MANUFACTURES,China,doc_43.txt_0
the U.S. Role,MANUFACTURES,China,doc_43.txt_0
China,MANUFACTURES,China,doc_43.txt_0
China’s Government Policies Supporting,RELATED_TO,Vehicle Innovations,doc_43.txt_1
China’s Government Policies Supporting,RELATED_TO,EV,doc_43.txt_1
China’s Government Policies Supporting,RELATED_TO,EV Batteries Industries,doc_43.txt_1
China’s Government Policies Supporting,RELATED_TO,BYD,doc_43.txt_1
Vehicle Innovations,RELATED_TO,EV,doc_43.txt_1
Vehicle Innovations,RELATED_TO,EV Batteries Industries,doc_43.txt_1
Vehicle Innovations,RELATED_TO,BYD,doc_43.txt_1
EV,RELATED_TO,EV Batteries Industries,doc_43.txt_1
EV,RELATED_TO,BYD,doc_43.txt_1
EV Batteries Industries,RELATED_TO,BYD,doc_43.txt_1
China’s Government Policies Supporting,RELATED_TO,EV,doc_43.txt_2
China’s Government Policies Supporting,RELATED_TO,IP Theft,doc_43.txt_2
China’s Government Policies Supporting,RELATED_TO,US,doc_43.txt_2
China’s Government Policies Supporting,RELATED_TO,SEC,doc_43.txt_2
EV,RELATED_TO,IP Theft,doc_43.txt_2
EV,RELATED_TO,US,doc_43.txt_2
EV,RELATED_TO,SEC,doc_43.txt_2
IP Theft,RELATED_TO,US,doc_43.txt_2
IP Theft,RELATED_TO,SEC,doc_43.txt_2
US,RELATED_TO,SEC,doc_43.txt_2
EV,MANUFACTURES,China,doc_43.txt_3
EV,MANUFACTURES,China,doc_43.txt_3
EV,MANUFACTURES,Chinese,doc_43.txt_3
EV,MANUFACTURES,26.8 million—21 percent,doc_43.txt_3
China,MANUFACTURES,China,doc_43.txt_3
China,MANUFACTURES,Chinese,doc_43.txt_3
China,MANUFACTURES,26.8 million—21 percent,doc_43.txt_3
China,MANUFACTURES,Chinese,doc_43.txt_3
China,MANUFACTURES,26.8 million—21 percent,doc_43.txt_3
Chinese,MANUFACTURES,26.8 million—21 percent,doc_43.txt_3
75 percent,MANUFACTURES,CATL,doc_43.txt_4
75 percent,MANUFACTURES,EV,doc_43.txt_4
75 percent,MANUFACTURES,roughly 77 percent,doc_43.txt_4
75 percent,MANUFACTURES,FDB,doc_43.txt_4
CATL,MANUFACTURES,EV,doc_43.txt_4
CATL,MANUFACTURES,roughly 77 percent,doc_43.txt_4
CATL,MANUFACTURES,FDB,doc_43.txt_4
EV,MANUFACTURES,roughly 77 percent,doc_43.txt_4
EV,MANUFACTURES,FDB,doc_43.txt_4
roughly 77 percent,MANUFACTURES,FDB,doc_43.txt_4
75 percent,MANUFACTURES,EV,doc_43.txt_5
75 percent,MANUFACTURES,Chinese,doc_43.txt_5
EV,MANUFACTURES,Chinese,doc_43.txt_5
EV,RELATED_TO,US,doc_43.txt_6
EV,RELATED_TO,SEC,doc_43.txt_6
EV,RELATED_TO,The Wall Street Journal’s,doc_43.txt_6
EV,RELATED_TO,China,doc_43.txt_6
US,RELATED_TO,SEC,doc_43.txt_6
US,RELATED_TO,The Wall Street Journal’s,doc_43.txt_6
US,RELATED_TO,China,doc_43.txt_6
SEC,RELATED_TO,The Wall Street Journal’s,doc_43.txt_6
SEC,RELATED_TO,China,doc_43.txt_6
The Wall Street Journal’s,RELATED_TO,China,doc_43.txt_6
China,RELATED_TO,EV,doc_43.txt_7
China,RELATED_TO,China,doc_43.txt_7
China,RELATED_TO,IP,doc_43.txt_7
EV,RELATED_TO,China,doc_43.txt_7
EV,RELATED_TO,IP,doc_43.txt_7
China,RELATED_TO,IP,doc_43.txt_7
EV,RELATED_TO,Chinese,doc_43.txt_9
GM,RELATED_TO,US,doc_43.txt_10
GM,RELATED_TO,China,doc_43.txt_10
GM,RELATED_TO,China,doc_43.txt_10
GM,RELATED_TO,Chinese,doc_43.txt_10
US,RELATED_TO,China,doc_43.txt_10
US,RELATED_TO,China,doc_43.txt_10
US,RELATED_TO,Chinese,doc_43.txt_10
China,RELATED_TO,China,doc_43.txt_10
China,RELATED_TO,Chinese,doc_43.txt_10
China,RELATED_TO,Chinese,doc_43.txt_10
US,RELATED_TO,China,doc_43.txt_11
US,RELATED_TO,China,doc_43.txt_11
China,RELATED_TO,China,doc_43.txt_11
US,RELATED_TO,SEC,doc_43.txt_12
US,RELATED_TO,China,doc_43.txt_12
US,RELATED_TO,China,doc_43.txt_12
SEC,RELATED_TO,China,doc_43.txt_12
SEC,RELATED_TO,China,doc_43.txt_12
China,RELATED_TO,China,doc_43.txt_12
EV,RELATED_TO,US,doc_43.txt_13
EV,RELATED_TO,China,doc_43.txt_13
EV,RELATED_TO,China,doc_43.txt_13
EV,RELATED_TO,Chinese,doc_43.txt_13
US,RELATED_TO,China,doc_43.txt_13
US,RELATED_TO,China,doc_43.txt_13
US,RELATED_TO,Chinese,doc_43.txt_13
China,RELATED_TO,China,doc_43.txt_13
China,RELATED_TO,Chinese,doc_43.txt_13
China,RELATED_TO,Chinese,doc_43.txt_13
as much as 40 percent,MANUFACTURES,EV,doc_43.txt_14
as much as 40 percent,MANUFACTURES,Chinese,doc_43.txt_14
EV,MANUFACTURES,Chinese,doc_43.txt_14
US,RELATED_TO,Chinese,doc_43.txt_15
EV,MANUFACTURES,30 percent,doc_43.txt_16
EV,MANUFACTURES,Japanese,doc_43.txt_16
EV,MANUFACTURES,Europe,doc_43.txt_16
EV,MANUFACTURES,American,doc_43.txt_16
30 percent,MANUFACTURES,Japanese,doc_43.txt_16
30 percent,MANUFACTURES,Europe,doc_43.txt_16
30 percent,MANUFACTURES,American,doc_43.txt_16
Japanese,MANUFACTURES,Europe,doc_43.txt_16
Japanese,MANUFACTURES,American,doc_43.txt_16
Europe,MANUFACTURES,American,doc_43.txt_16
BYD,COMPETES_WITH,Xiaomi,doc_43.txt_17
BYD,COMPETES_WITH,BMW,doc_43.txt_17
BYD,COMPETES_WITH,Chinese,doc_43.txt_17
BYD,COMPETES_WITH,Tesla,doc_43.txt_17
Xiaomi,COMPETES_WITH,BMW,doc_43.txt_17
Xiaomi,COMPETES_WITH,Chinese,doc_43.txt_17
Xiaomi,COMPETES_WITH,Tesla,doc_43.txt_17
BMW,COMPETES_WITH,Chinese,doc_43.txt_17
BMW,COMPETES_WITH,Tesla,doc_43.txt_17
Chinese,COMPETES_WITH,Tesla,doc_43.txt_17
EV,INVESTED_IN,Chinese,doc_43.txt_18
Critical Technology Tracker,RELATED_TO,65.4 percent,doc_43.txt_19
Critical Technology Tracker,RELATED_TO,United States,doc_43.txt_19
Critical Technology Tracker,RELATED_TO,US,doc_43.txt_19
Critical Technology Tracker,RELATED_TO,the United States,doc_43.txt_19
65.4 percent,RELATED_TO,United States,doc_43.txt_19
65.4 percent,RELATED_TO,US,doc_43.txt_19
65.4 percent,RELATED_TO,the United States,doc_43.txt_19
United States,RELATED_TO,US,doc_43.txt_19
United States,RELATED_TO,the United States,doc_43.txt_19
US,RELATED_TO,the United States,doc_43.txt_19
2.4 percent,RELATED_TO,26.9 percent,doc_43.txt_20
2.4 percent,RELATED_TO,Chinese,doc_43.txt_20
26.9 percent,RELATED_TO,Chinese,doc_43.txt_20
BYD,COMPETES_WITH,Xiaomi,doc_43.txt_21
BYD,COMPETES_WITH,BMW,doc_43.txt_21
BYD,COMPETES_WITH,Chinese,doc_43.txt_21
BYD,COMPETES_WITH,Tesla,doc_43.txt_21
Xiaomi,COMPETES_WITH,BMW,doc_43.txt_21
Xiaomi,COMPETES_WITH,Chinese,doc_43.txt_21
Xiaomi,COMPETES_WITH,Tesla,doc_43.txt_21
BMW,COMPETES_WITH,Chinese,doc_43.txt_21
BMW,COMPETES_WITH,Tesla,doc_43.txt_21
Chinese,COMPETES_WITH,Tesla,doc_43.txt_21
United States,MANUFACTURES,US,doc_43.txt_22
United States,MANUFACTURES,SEC,doc_43.txt_22
United States,MANUFACTURES,up to 38 percent,doc_43.txt_22
United States,MANUFACTURES,the European Union,doc_43.txt_22
US,MANUFACTURES,SEC,doc_43.txt_22
US,MANUFACTURES,up to 38 percent,doc_43.txt_22
US,MANUFACTURES,the European Union,doc_43.txt_22
SEC,MANUFACTURES,up to 38 percent,doc_43.txt_22
SEC,MANUFACTURES,the European Union,doc_43.txt_22
up to 38 percent,MANUFACTURES,the European Union,doc_43.txt_22
U.S.,RELATED_TO,OECD,doc_43.txt_23
U.S.,RELATED_TO,EV,doc_43.txt_23
U.S.,RELATED_TO,Chinese,doc_43.txt_23
OECD,RELATED_TO,EV,doc_43.txt_23
OECD,RELATED_TO,Chinese,doc_43.txt_23
EV,RELATED_TO,Chinese,doc_43.txt_23
US,INVESTED_IN,SEC,doc_43.txt_24
US,INVESTED_IN,EV,doc_43.txt_24
SEC,INVESTED_IN,EV,doc_43.txt_24
US,MANUFACTURES,American,doc_43.txt_25
United States,RELATED_TO,US,doc_43.txt_26
United States,RELATED_TO,America,doc_43.txt_26
United States,RELATED_TO,U.S,doc_43.txt_26
United States,RELATED_TO,the United States,doc_43.txt_26
US,RELATED_TO,America,doc_43.txt_26
US,RELATED_TO,U.S,doc_43.txt_26
US,RELATED_TO,the United States,doc_43.txt_26
America,RELATED_TO,U.S,doc_43.txt_26
America,RELATED_TO,the United States,doc_43.txt_26
U.S,RELATED_TO,the United States,doc_43.txt_26
US,RELATED_TO,SEC,doc_43.txt_27
US,RELATED_TO,China,doc_43.txt_27
US,RELATED_TO,China,doc_43.txt_27
SEC,RELATED_TO,China,doc_43.txt_27
SEC,RELATED_TO,China,doc_43.txt_27
China,RELATED_TO,China,doc_43.txt_27
the Smith Richardson Foundation,RELATED_TO,the Information Technology and Innovation Foundation,doc_43.txt_28
the Smith Richardson Foundation,RELATED_TO,US,doc_43.txt_28
the Smith Richardson Foundation,RELATED_TO,SEC,doc_43.txt_28
the Smith Richardson Foundation,RELATED_TO,Chinese,doc_43.txt_28
the Information Technology and Innovation Foundation,RELATED_TO,US,doc_43.txt_28
the Information Technology and Innovation Foundation,RELATED_TO,SEC,doc_43.txt_28
the Information Technology and Innovation Foundation,RELATED_TO,Chinese,doc_43.txt_28
US,RELATED_TO,SEC,doc_43.txt_28
US,RELATED_TO,Chinese,doc_43.txt_28
SEC,RELATED_TO,Chinese,doc_43.txt_28
EV,RELATED_TO,US,doc_43.txt_29
EV,RELATED_TO,Xi Jinping,doc_43.txt_29
EV,RELATED_TO,China,doc_43.txt_29
EV,RELATED_TO,China,doc_43.txt_29
US,RELATED_TO,Xi Jinping,doc_43.txt_29
US,RELATED_TO,China,doc_43.txt_29
US,RELATED_TO,China,doc_43.txt_29
Xi Jinping,RELATED_TO,China,doc_43.txt_29
Xi Jinping,RELATED_TO,China,doc_43.txt_29
China,RELATED_TO,China,doc_43.txt_29
EV,RELATED_TO,US,doc_43.txt_30
EV,RELATED_TO,SEC,doc_43.txt_30
EV,RELATED_TO,EU,doc_43.txt_30
EV,RELATED_TO,Chinese,doc_43.txt_30
US,RELATED_TO,SEC,doc_43.txt_30
US,RELATED_TO,EU,doc_43.txt_30
US,RELATED_TO,Chinese,doc_43.txt_30
SEC,RELATED_TO,EU,doc_43.txt_30
SEC,RELATED_TO,Chinese,doc_43.txt_30
EU,RELATED_TO,Chinese,doc_43.txt_30
US,RELATED_TO,GHG,doc_43.txt_31
US,RELATED_TO,U.S,doc_43.txt_31
GHG,RELATED_TO,U.S,doc_43.txt_31
over $245 billion,RELATED_TO,Congress,doc_43.txt_32
over $245 billion,RELATED_TO,EV,doc_43.txt_32
Congress,RELATED_TO,EV,doc_43.txt_32
Congress,RELATED_TO,EV,doc_43.txt_33
Congress,RELATED_TO,U.S.,doc_43.txt_33
Congress,RELATED_TO,William Morrison,doc_43.txt_33
EV,RELATED_TO,U.S.,doc_43.txt_33
EV,RELATED_TO,William Morrison,doc_43.txt_33
U.S.,RELATED_TO,William Morrison,doc_43.txt_33
the University of Texas,RELATED_TO,United States,doc_43.txt_34
the University of Texas,RELATED_TO,U.S,doc_43.txt_34
the University of Texas,RELATED_TO,the United States,doc_43.txt_34
the University of Texas,RELATED_TO,LFP,doc_43.txt_34
United States,RELATED_TO,U.S,doc_43.txt_34
United States,RELATED_TO,the United States,doc_43.txt_34
United States,RELATED_TO,LFP,doc_43.txt_34
U.S,RELATED_TO,the United States,doc_43.txt_34
U.S,RELATED_TO,LFP,doc_43.txt_34
the United States,RELATED_TO,LFP,doc_43.txt_34
CATL,MANUFACTURES,BYD,doc_43.txt_35
CATL,MANUFACTURES,FDB,doc_43.txt_35
CATL,MANUFACTURES,South Korean,doc_43.txt_35
CATL,MANUFACTURES,Japanese,doc_43.txt_35
BYD,MANUFACTURES,FDB,doc_43.txt_35
BYD,MANUFACTURES,South Korean,doc_43.txt_35
BYD,MANUFACTURES,Japanese,doc_43.txt_35
FDB,MANUFACTURES,South Korean,doc_43.txt_35
FDB,MANUFACTURES,Japanese,doc_43.txt_35
South Korean,MANUFACTURES,Japanese,doc_43.txt_35
GM,MANUFACTURES,Rivian,doc_43.txt_36
GM,MANUFACTURES,EV,doc_43.txt_36
GM,MANUFACTURES,General Motors,doc_43.txt_36
GM,MANUFACTURES,Lucid,doc_43.txt_36
Rivian,MANUFACTURES,EV,doc_43.txt_36
Rivian,MANUFACTURES,General Motors,doc_43.txt_36
Rivian,MANUFACTURES,Lucid,doc_43.txt_36
EV,MANUFACTURES,General Motors,doc_43.txt_36
EV,MANUFACTURES,Lucid,doc_43.txt_36
General Motors,MANUFACTURES,Lucid,doc_43.txt_36
Mary Barra,MANUFACTURES,GM,doc_43.txt_37
Mary Barra,MANUFACTURES,United States,doc_43.txt_37
Mary Barra,MANUFACTURES,EV,doc_43.txt_37
Mary Barra,MANUFACTURES,US,doc_43.txt_37
GM,MANUFACTURES,United States,doc_43.txt_37
GM,MANUFACTURES,EV,doc_43.txt_37
GM,MANUFACTURES,US,doc_43.txt_37
United States,MANUFACTURES,EV,doc_43.txt_37
United States,MANUFACTURES,US,doc_43.txt_37
EV,MANUFACTURES,US,doc_43.txt_37
United States,MANUFACTURES,EV,doc_43.txt_38
United States,MANUFACTURES,Factorial Energy,doc_43.txt_38
United States,MANUFACTURES,Germany,doc_43.txt_38
United States,MANUFACTURES,Germany,doc_43.txt_38
EV,MANUFACTURES,Factorial Energy,doc_43.txt_38
EV,MANUFACTURES,Germany,doc_43.txt_38
EV,MANUFACTURES,Germany,doc_43.txt_38
Factorial Energy,MANUFACTURES,Germany,doc_43.txt_38
Factorial Energy,MANUFACTURES,Germany,doc_43.txt_38
Germany,MANUFACTURES,Germany,doc_43.txt_38
United States,RELATED_TO,EV,doc_43.txt_39
United States,RELATED_TO,Korea,doc_43.txt_39
United States,RELATED_TO,the United States,doc_43.txt_39
United States,RELATED_TO,American,doc_43.txt_39
EV,RELATED_TO,Korea,doc_43.txt_39
EV,RELATED_TO,the United States,doc_43.txt_39
EV,RELATED_TO,American,doc_43.txt_39
Korea,RELATED_TO,the United States,doc_43.txt_39
Korea,RELATED_TO,American,doc_43.txt_39
the United States,RELATED_TO,American,doc_43.txt_39
about 5 percent,MANUFACTURES,United States,doc_43.txt_40
about 5 percent,MANUFACTURES,US,doc_43.txt_40
about 5 percent,MANUFACTURES,SEC,doc_43.txt_40
about 5 percent,MANUFACTURES,U.S,doc_43.txt_40
United States,MANUFACTURES,US,doc_43.txt_40
United States,MANUFACTURES,SEC,doc_43.txt_40
United States,MANUFACTURES,U.S,doc_43.txt_40
US,MANUFACTURES,SEC,doc_43.txt_40
US,MANUFACTURES,U.S,doc_43.txt_40
SEC,MANUFACTURES,U.S,doc_43.txt_40
GM,RELATED_TO,US,doc_43.txt_41
GM,RELATED_TO,about 39 percent,doc_43.txt_41
GM,RELATED_TO,U.S,doc_43.txt_41
GM,RELATED_TO,U.S.,doc_43.txt_41
US,RELATED_TO,about 39 percent,doc_43.txt_41
US,RELATED_TO,U.S,doc_43.txt_41
US,RELATED_TO,U.S.,doc_43.txt_41
about 39 percent,RELATED_TO,U.S,doc_43.txt_41
about 39 percent,RELATED_TO,U.S.,doc_43.txt_41
U.S,RELATED_TO,U.S.,doc_43.txt_41
United States,RELATED_TO,US,doc_43.txt_42
United States,RELATED_TO,SEC,doc_43.txt_42
United States,RELATED_TO,the United States,doc_43.txt_42
United States,RELATED_TO,U.S.,doc_43.txt_42
US,RELATED_TO,SEC,doc_43.txt_42
US,RELATED_TO,the United States,doc_43.txt_42
US,RELATED_TO,U.S.,doc_43.txt_42
SEC,RELATED_TO,the United States,doc_43.txt_42
SEC,RELATED_TO,U.S.,doc_43.txt_42
the United States,RELATED_TO,U.S.,doc_43.txt_42
the 19.2 percent,RELATED_TO,21.8 percent,doc_43.txt_43
EV,RELATED_TO,Europe,doc_43.txt_44
EV,RELATED_TO,China,doc_43.txt_44
EV,RELATED_TO,EU,doc_43.txt_44
EV,RELATED_TO,China,doc_43.txt_44
Europe,RELATED_TO,China,doc_43.txt_44
Europe,RELATED_TO,EU,doc_43.txt_44
Europe,RELATED_TO,China,doc_43.txt_44
China,RELATED_TO,EU,doc_43.txt_44
China,RELATED_TO,China,doc_43.txt_44
EU,RELATED_TO,China,doc_43.txt_44
EV,RELATED_TO,over 70 percent,doc_43.txt_45
EV,RELATED_TO,69 percent,doc_43.txt_45
EV,RELATED_TO,China,doc_43.txt_45
EV,RELATED_TO,China,doc_43.txt_45
over 70 percent,RELATED_TO,69 percent,doc_43.txt_45
over 70 percent,RELATED_TO,China,doc_43.txt_45
over 70 percent,RELATED_TO,China,doc_43.txt_45
69 percent,RELATED_TO,China,doc_43.txt_45
69 percent,RELATED_TO,China,doc_43.txt_45
China,RELATED_TO,China,doc_43.txt_45
US,RELATED_TO,EV,doc_43.txt_47
US,RELATED_TO,Chinese,doc_43.txt_47
EV,RELATED_TO,Chinese,doc_43.txt_47
EV,MANUFACTURES,US,doc_43.txt_48
EV,MANUFACTURES,the 0.1 percent,doc_43.txt_48
EV,MANUFACTURES,China,doc_43.txt_48
EV,MANUFACTURES,68.6 percent,doc_43.txt_48
US,MANUFACTURES,the 0.1 percent,doc_43.txt_48
US,MANUFACTURES,China,doc_43.txt_48
US,MANUFACTURES,68.6 percent,doc_43.txt_48
the 0.1 percent,MANUFACTURES,China,doc_43.txt_48
the 0.1 percent,MANUFACTURES,68.6 percent,doc_43.txt_48
China,MANUFACTURES,68.6 percent,doc_43.txt_48
China,MANUFACTURES,68.6 percent,doc_43.txt_49
China,MANUFACTURES,China,doc_43.txt_49
China,MANUFACTURES,NEV,doc_43.txt_49
68.6 percent,MANUFACTURES,China,doc_43.txt_49
68.6 percent,MANUFACTURES,NEV,doc_43.txt_49
China,MANUFACTURES,NEV,doc_43.txt_49
GM,MANUFACTURES,19.9 percent,doc_43.txt_51
GM,MANUFACTURES,4.9 percent,doc_43.txt_51
GM,MANUFACTURES,BYD,doc_43.txt_51
GM,MANUFACTURES,Tesla,doc_43.txt_51
19.9 percent,MANUFACTURES,4.9 percent,doc_43.txt_51
19.9 percent,MANUFACTURES,BYD,doc_43.txt_51
19.9 percent,MANUFACTURES,Tesla,doc_43.txt_51
4.9 percent,MANUFACTURES,BYD,doc_43.txt_51
4.9 percent,MANUFACTURES,Tesla,doc_43.txt_51
BYD,MANUFACTURES,Tesla,doc_43.txt_51
Tesla,MANUFACTURES,Tesla,doc_43.txt_52
Tesla,MANUFACTURES,BYD,doc_43.txt_52
Tesla,MANUFACTURES,BYD,doc_43.txt_52
182 percent,MANUFACTURES,BYD,doc_43.txt_54
182 percent,MANUFACTURES,US,doc_43.txt_54
182 percent,MANUFACTURES,PHEV,doc_43.txt_54
182 percent,MANUFACTURES,Volvo,doc_43.txt_54
BYD,MANUFACTURES,US,doc_43.txt_54
BYD,MANUFACTURES,PHEV,doc_43.txt_54
BYD,MANUFACTURES,Volvo,doc_43.txt_54
US,MANUFACTURES,PHEV,doc_43.txt_54
US,MANUFACTURES,Volvo,doc_43.txt_54
PHEV,MANUFACTURES,Volvo,doc_43.txt_54
BYD,MANUFACTURES,China,doc_43.txt_55
BYD,MANUFACTURES,China,doc_43.txt_55
BYD,MANUFACTURES,35 percent,doc_43.txt_55
BYD,MANUFACTURES,Chinese,doc_43.txt_55
China,MANUFACTURES,China,doc_43.txt_55
China,MANUFACTURES,35 percent,doc_43.txt_55
China,MANUFACTURES,Chinese,doc_43.txt_55
China,MANUFACTURES,35 percent,doc_43.txt_55
China,MANUFACTURES,Chinese,doc_43.txt_55
35 percent,MANUFACTURES,Chinese,doc_43.txt_55
CATL,COMPETES_WITH,EV,doc_43.txt_56
CATL,COMPETES_WITH,FDB,doc_43.txt_56
CATL,COMPETES_WITH,16 percent,doc_43.txt_56
CATL,COMPETES_WITH,China,doc_43.txt_56
EV,COMPETES_WITH,FDB,doc_43.txt_56
EV,COMPETES_WITH,16 percent,doc_43.txt_56
EV,COMPETES_WITH,China,doc_43.txt_56
FDB,COMPETES_WITH,16 percent,doc_43.txt_56
FDB,COMPETES_WITH,China,doc_43.txt_56
16 percent,COMPETES_WITH,China,doc_43.txt_56
Morgan Stanley,MANUFACTURES,CATL,doc_43.txt_57
Morgan Stanley,MANUFACTURES,EV,doc_43.txt_57
Morgan Stanley,MANUFACTURES,European,doc_43.txt_57
Morgan Stanley,MANUFACTURES,14 percent,doc_43.txt_57
CATL,MANUFACTURES,EV,doc_43.txt_57
CATL,MANUFACTURES,European,doc_43.txt_57
CATL,MANUFACTURES,14 percent,doc_43.txt_57
EV,MANUFACTURES,European,doc_43.txt_57
EV,MANUFACTURES,14 percent,doc_43.txt_57
European,MANUFACTURES,14 percent,doc_43.txt_57
EV,RELATED_TO,US,doc_43.txt_59
EV,RELATED_TO,the 0.1 percent,doc_43.txt_59
EV,RELATED_TO,China,doc_43.txt_59
EV,RELATED_TO,China,doc_43.txt_59
US,RELATED_TO,the 0.1 percent,doc_43.txt_59
US,RELATED_TO,China,doc_43.txt_59
US,RELATED_TO,China,doc_43.txt_59
the 0.1 percent,RELATED_TO,China,doc_43.txt_59
the 0.1 percent,RELATED_TO,China,doc_43.txt_59
China,RELATED_TO,China,doc_43.txt_59
US,RELATED_TO,DOE,doc_43.txt_60
US,RELATED_TO,EPA,doc_43.txt_60
US,RELATED_TO,The U.S. National Science Foundation,doc_43.txt_60
US,RELATED_TO,NSF,doc_43.txt_60
DOE,RELATED_TO,EPA,doc_43.txt_60
DOE,RELATED_TO,The U.S. National Science Foundation,doc_43.txt_60
DOE,RELATED_TO,NSF,doc_43.txt_60
EPA,RELATED_TO,The U.S. National Science Foundation,doc_43.txt_60
EPA,RELATED_TO,NSF,doc_43.txt_60
The U.S. National Science Foundation,RELATED_TO,NSF,doc_43.txt_60
31.2 percent,RELATED_TO,United States,doc_43.txt_61
31.2 percent,RELATED_TO,Europe,doc_43.txt_61
31.2 percent,RELATED_TO,the United States,doc_43.txt_61
31.2 percent,RELATED_TO,EU,doc_43.txt_61
United States,RELATED_TO,Europe,doc_43.txt_61
United States,RELATED_TO,the United States,doc_43.txt_61
United States,RELATED_TO,EU,doc_43.txt_61
Europe,RELATED_TO,the United States,doc_43.txt_61
Europe,RELATED_TO,EU,doc_43.txt_61
the United States,RELATED_TO,EU,doc_43.txt_61
EV,MANUFACTURES,Japan.[41],doc_43.txt_63
EV,MANUFACTURES,Germany,doc_43.txt_63
EV,MANUFACTURES,Germany,doc_43.txt_63
EV,MANUFACTURES,70 percent,doc_43.txt_63
Japan.[41],MANUFACTURES,Germany,doc_43.txt_63
Japan.[41],MANUFACTURES,Germany,doc_43.txt_63
Japan.[41],MANUFACTURES,70 percent,doc_43.txt_63
Germany,MANUFACTURES,Germany,doc_43.txt_63
Germany,MANUFACTURES,70 percent,doc_43.txt_63
Germany,MANUFACTURES,70 percent,doc_43.txt_63
EV,RELATED_TO,US,doc_43.txt_64
EV,RELATED_TO,just 0.5 percent,doc_43.txt_64
EV,RELATED_TO,9.3 percent,doc_43.txt_64
EV,RELATED_TO,Europe,doc_43.txt_64
US,RELATED_TO,just 0.5 percent,doc_43.txt_64
US,RELATED_TO,9.3 percent,doc_43.txt_64
US,RELATED_TO,Europe,doc_43.txt_64
just 0.5 percent,RELATED_TO,9.3 percent,doc_43.txt_64
just 0.5 percent,RELATED_TO,Europe,doc_43.txt_64
9.3 percent,RELATED_TO,Europe,doc_43.txt_64
China,RELATED_TO,China,doc_43.txt_66
GM,MANUFACTURES,Michael Dunne,doc_43.txt_67
GM,MANUFACTURES,”[47],doc_43.txt_67
GM,MANUFACTURES,BYD,doc_43.txt_67
GM,MANUFACTURES,US,doc_43.txt_67
Michael Dunne,MANUFACTURES,”[47],doc_43.txt_67
Michael Dunne,MANUFACTURES,BYD,doc_43.txt_67
Michael Dunne,MANUFACTURES,US,doc_43.txt_67
”[47],MANUFACTURES,BYD,doc_43.txt_67
”[47],MANUFACTURES,US,doc_43.txt_67
BYD,MANUFACTURES,US,doc_43.txt_67
EV,MANUFACTURES,Chinese,doc_43.txt_68
EV,MANUFACTURES,BYD,doc_43.txt_68
Chinese,MANUFACTURES,BYD,doc_43.txt_68
EV,MANUFACTURES,40 percent,doc_43.txt_69
EV,MANUFACTURES,China,doc_43.txt_69
EV,MANUFACTURES,China,doc_43.txt_69
EV,MANUFACTURES,Tesla,doc_43.txt_69
40 percent,MANUFACTURES,China,doc_43.txt_69
40 percent,MANUFACTURES,China,doc_43.txt_69
40 percent,MANUFACTURES,Tesla,doc_43.txt_69
China,MANUFACTURES,China,doc_43.txt_69
China,MANUFACTURES,Tesla,doc_43.txt_69
China,MANUFACTURES,Tesla,doc_43.txt_69
EV,MANUFACTURES,Li Auto,doc_43.txt_70
EV,MANUFACTURES,SEC,doc_43.txt_70
EV,MANUFACTURES,Germany,doc_43.txt_70
EV,MANUFACTURES,Xiaomi,doc_43.txt_70
Li Auto,MANUFACTURES,SEC,doc_43.txt_70
Li Auto,MANUFACTURES,Germany,doc_43.txt_70
Li Auto,MANUFACTURES,Xiaomi,doc_43.txt_70
SEC,MANUFACTURES,Germany,doc_43.txt_70
SEC,MANUFACTURES,Xiaomi,doc_43.txt_70
Germany,MANUFACTURES,Xiaomi,doc_43.txt_70
EV,RELATED_TO,US,doc_43.txt_72
EV,RELATED_TO,China,doc_43.txt_72
EV,RELATED_TO,China,doc_43.txt_72
EV,RELATED_TO,Chinese,doc_43.txt_72
US,RELATED_TO,China,doc_43.txt_72
US,RELATED_TO,China,doc_43.txt_72
US,RELATED_TO,Chinese,doc_43.txt_72
China,RELATED_TO,China,doc_43.txt_72
China,RELATED_TO,Chinese,doc_43.txt_72
China,RELATED_TO,Chinese,doc_43.txt_72
BYD,COMPETES_WITH,Tesla,doc_43.txt_73
BYD,COMPETES_WITH,US,doc_43.txt_73
BYD,COMPETES_WITH,China,doc_43.txt_73
BYD,COMPETES_WITH,Bloomberg,doc_43.txt_73
Tesla,COMPETES_WITH,US,doc_43.txt_73
Tesla,COMPETES_WITH,China,doc_43.txt_73
Tesla,COMPETES_WITH,Bloomberg,doc_43.txt_73
US,COMPETES_WITH,China,doc_43.txt_73
US,COMPETES_WITH,Bloomberg,doc_43.txt_73
China,COMPETES_WITH,Bloomberg,doc_43.txt_73
US,MANUFACTURES,SEC,doc_43.txt_75
US,MANUFACTURES,EV,doc_43.txt_75
US,MANUFACTURES,Chinese,doc_43.txt_75
SEC,MANUFACTURES,EV,doc_43.txt_75
SEC,MANUFACTURES,Chinese,doc_43.txt_75
EV,MANUFACTURES,Chinese,doc_43.txt_75
SEC,RELATED_TO,Chinese,doc_43.txt_76
NCA,MANUFACTURES,EV,doc_43.txt_77
NCA,MANUFACTURES,US,doc_43.txt_77
NCA,MANUFACTURES,American-,doc_43.txt_77
NCA,MANUFACTURES,EV,doc_43.txt_77
EV,MANUFACTURES,US,doc_43.txt_77
EV,MANUFACTURES,American-,doc_43.txt_77
EV,MANUFACTURES,EV,doc_43.txt_77
US,MANUFACTURES,American-,doc_43.txt_77
US,MANUFACTURES,EV,doc_43.txt_77
American-,MANUFACTURES,EV,doc_43.txt_77
LFP,RELATED_TO,NCA,doc_43.txt_78
LFP,RELATED_TO,US,doc_43.txt_78
LFP,RELATED_TO,Tesla,doc_43.txt_78
NCA,RELATED_TO,US,doc_43.txt_78
NCA,RELATED_TO,Tesla,doc_43.txt_78
US,RELATED_TO,Tesla,doc_43.txt_78
Europe,RELATED_TO,China,doc_43.txt_79
Europe,RELATED_TO,EU,doc_43.txt_79
Europe,RELATED_TO,China,doc_43.txt_79
Europe,RELATED_TO,U.S.,doc_43.txt_79
China,RELATED_TO,EU,doc_43.txt_79
China,RELATED_TO,China,doc_43.txt_79
China,RELATED_TO,U.S.,doc_43.txt_79
EU,RELATED_TO,China,doc_43.txt_79
EU,RELATED_TO,U.S.,doc_43.txt_79
China,RELATED_TO,U.S.,doc_43.txt_79
US,RELATED_TO,approximately 40 percent,doc_43.txt_80
US,RELATED_TO,EV,doc_43.txt_80
approximately 40 percent,RELATED_TO,EV,doc_43.txt_80
CATL,COMPETES_WITH,EV,doc_43.txt_81
CATL,COMPETES_WITH,just 10 percent,doc_43.txt_81
CATL,COMPETES_WITH,Yang,doc_43.txt_81
CATL,COMPETES_WITH,US,doc_43.txt_81
EV,COMPETES_WITH,just 10 percent,doc_43.txt_81
EV,COMPETES_WITH,Yang,doc_43.txt_81
EV,COMPETES_WITH,US,doc_43.txt_81
just 10 percent,COMPETES_WITH,Yang,doc_43.txt_81
just 10 percent,COMPETES_WITH,US,doc_43.txt_81
Yang,COMPETES_WITH,US,doc_43.txt_81
US,RELATED_TO,CATL,doc_43.txt_82
US,RELATED_TO,”[65,doc_43.txt_82
CATL,RELATED_TO,”[65,doc_43.txt_82
Wood Mackenzie,MANUFACTURES,Max Reid,doc_43.txt_83
Wood Mackenzie,MANUFACTURES,Chinese,doc_43.txt_83
Max Reid,MANUFACTURES,Chinese,doc_43.txt_83
$3.5 billion,RELATED_TO,GM,doc_43.txt_84
$3.5 billion,RELATED_TO,EV,doc_43.txt_84
$3.5 billion,RELATED_TO,CATL,doc_43.txt_84
$3.5 billion,RELATED_TO,US,doc_43.txt_84
GM,RELATED_TO,EV,doc_43.txt_84
GM,RELATED_TO,CATL,doc_43.txt_84
GM,RELATED_TO,US,doc_43.txt_84
EV,RELATED_TO,CATL,doc_43.txt_84
EV,RELATED_TO,US,doc_43.txt_84
CATL,RELATED_TO,US,doc_43.txt_84
CATL,MANUFACTURES,EV,doc_43.txt_85
CATL,MANUFACTURES,America,doc_43.txt_85
CATL,MANUFACTURES,Ford,doc_43.txt_85
CATL,MANUFACTURES,Chinese,doc_43.txt_85
EV,MANUFACTURES,America,doc_43.txt_85
EV,MANUFACTURES,Ford,doc_43.txt_85
EV,MANUFACTURES,Chinese,doc_43.txt_85
America,MANUFACTURES,Ford,doc_43.txt_85
America,MANUFACTURES,Chinese,doc_43.txt_85
Ford,MANUFACTURES,Chinese,doc_43.txt_85
Brilliance,MANUFACTURES,EV,doc_43.txt_86
Brilliance,MANUFACTURES,German,doc_43.txt_86
Brilliance,MANUFACTURES,iX3,doc_43.txt_86
Brilliance,MANUFACTURES,BMW,doc_43.txt_86
EV,MANUFACTURES,German,doc_43.txt_86
EV,MANUFACTURES,iX3,doc_43.txt_86
EV,MANUFACTURES,BMW,doc_43.txt_86
German,MANUFACTURES,iX3,doc_43.txt_86
German,MANUFACTURES,BMW,doc_43.txt_86
iX3,MANUFACTURES,BMW,doc_43.txt_86
US,RELATED_TO,CATL,doc_43.txt_87
Shenzhen,MANUFACTURES,EV,doc_43.txt_88
Shenzhen,MANUFACTURES,Volkswagen,doc_43.txt_88
Shenzhen,MANUFACTURES,Gotion High-Tech,doc_43.txt_88
Shenzhen,MANUFACTURES,Chinese,doc_43.txt_88
EV,MANUFACTURES,Volkswagen,doc_43.txt_88
EV,MANUFACTURES,Gotion High-Tech,doc_43.txt_88
EV,MANUFACTURES,Chinese,doc_43.txt_88
Volkswagen,MANUFACTURES,Gotion High-Tech,doc_43.txt_88
Volkswagen,MANUFACTURES,Chinese,doc_43.txt_88
Gotion High-Tech,MANUFACTURES,Chinese,doc_43.txt_88
LFMP,MANUFACTURES,EV,doc_43.txt_89
LFMP,MANUFACTURES,20 to 25 percent,doc_43.txt_89
LFMP,MANUFACTURES,5 percent,doc_43.txt_89
LFMP,MANUFACTURES,China,doc_43.txt_89
EV,MANUFACTURES,20 to 25 percent,doc_43.txt_89
EV,MANUFACTURES,5 percent,doc_43.txt_89
EV,MANUFACTURES,China,doc_43.txt_89
20 to 25 percent,MANUFACTURES,5 percent,doc_43.txt_89
20 to 25 percent,MANUFACTURES,China,doc_43.txt_89
5 percent,MANUFACTURES,China,doc_43.txt_89
US,RELATED_TO,US,doc_43.txt_91
US,RELATED_TO,TrendForce,doc_43.txt_91
US,RELATED_TO,Europe,doc_43.txt_91
US,RELATED_TO,EU,doc_43.txt_91
US,RELATED_TO,TrendForce,doc_43.txt_91
US,RELATED_TO,Europe,doc_43.txt_91
US,RELATED_TO,EU,doc_43.txt_91
TrendForce,RELATED_TO,Europe,doc_43.txt_91
TrendForce,RELATED_TO,EU,doc_43.txt_91
Europe,RELATED_TO,EU,doc_43.txt_91
Solid Power’s,RELATED_TO,US,doc_43.txt_92
Solid Power’s,RELATED_TO,EV,doc_43.txt_92
Solid Power’s,RELATED_TO,Nissan,doc_43.txt_92
Solid Power’s,RELATED_TO,US,doc_43.txt_92
US,RELATED_TO,EV,doc_43.txt_92
US,RELATED_TO,Nissan,doc_43.txt_92
US,RELATED_TO,US,doc_43.txt_92
EV,RELATED_TO,Nissan,doc_43.txt_92
EV,RELATED_TO,US,doc_43.txt_92
Nissan,RELATED_TO,US,doc_43.txt_92
China,COMPETES_WITH,EV,doc_43.txt_93
China,COMPETES_WITH,China,doc_43.txt_93
EV,COMPETES_WITH,China,doc_43.txt_93
GAC,MANUFACTURES,Nio,doc_43.txt_94
GAC,MANUFACTURES,Chinese,doc_43.txt_94
GAC,MANUFACTURES,LFP,doc_43.txt_94
GAC,MANUFACTURES,ET7,doc_43.txt_94
Nio,MANUFACTURES,Chinese,doc_43.txt_94
Nio,MANUFACTURES,LFP,doc_43.txt_94
Nio,MANUFACTURES,ET7,doc_43.txt_94
Chinese,MANUFACTURES,LFP,doc_43.txt_94
Chinese,MANUFACTURES,ET7,doc_43.txt_94
LFP,MANUFACTURES,ET7,doc_43.txt_94
CATL,RELATED_TO,6 billion yuan,doc_43.txt_95
CATL,RELATED_TO,BYD,doc_43.txt_95
CATL,RELATED_TO,Hyper,doc_43.txt_95
CATL,RELATED_TO,China,doc_43.txt_95
6 billion yuan,RELATED_TO,BYD,doc_43.txt_95
6 billion yuan,RELATED_TO,Hyper,doc_43.txt_95
6 billion yuan,RELATED_TO,China,doc_43.txt_95
BYD,RELATED_TO,Hyper,doc_43.txt_95
BYD,RELATED_TO,China,doc_43.txt_95
Hyper,RELATED_TO,China,doc_43.txt_95
Chongqing,MANUFACTURES,Tailan New Energy,doc_43.txt_96
Chongqing,MANUFACTURES,Tailan,doc_43.txt_96
Tailan New Energy,MANUFACTURES,Tailan,doc_43.txt_96
CATL,RELATED_TO,EV,doc_43.txt_99
CATL,RELATED_TO,GAC,doc_43.txt_99
CATL,RELATED_TO,Tailan,doc_43.txt_99
CATL,RELATED_TO,Chinese,doc_43.txt_99
EV,RELATED_TO,GAC,doc_43.txt_99
EV,RELATED_TO,Tailan,doc_43.txt_99
EV,RELATED_TO,Chinese,doc_43.txt_99
GAC,RELATED_TO,Tailan,doc_43.txt_99
GAC,RELATED_TO,Chinese,doc_43.txt_99
Tailan,RELATED_TO,Chinese,doc_43.txt_99
GM,MANUFACTURES,EV,doc_43.txt_100
GM,MANUFACTURES,US,doc_43.txt_100
GM,MANUFACTURES,China,doc_43.txt_100
GM,MANUFACTURES,China,doc_43.txt_100
EV,MANUFACTURES,US,doc_43.txt_100
EV,MANUFACTURES,China,doc_43.txt_100
EV,MANUFACTURES,China,doc_43.txt_100
US,MANUFACTURES,China,doc_43.txt_100
US,MANUFACTURES,China,doc_43.txt_100
China,MANUFACTURES,China,doc_43.txt_100
China,RELATED_TO,18 percent,doc_43.txt_101
China,RELATED_TO,China,doc_43.txt_101
China,RELATED_TO,Chinese,doc_43.txt_101
China,RELATED_TO,60 percent,doc_43.txt_101
18 percent,RELATED_TO,China,doc_43.txt_101
18 percent,RELATED_TO,Chinese,doc_43.txt_101
18 percent,RELATED_TO,60 percent,doc_43.txt_101
China,RELATED_TO,Chinese,doc_43.txt_101
China,RELATED_TO,60 percent,doc_43.txt_101
Chinese,RELATED_TO,60 percent,doc_43.txt_101
95 percent,RELATED_TO,78 percent,doc_43.txt_102
95 percent,RELATED_TO,EV,doc_43.txt_102
95 percent,RELATED_TO,nearly 90 percent,doc_43.txt_102
95 percent,RELATED_TO,the International Energy Agency,doc_43.txt_102
78 percent,RELATED_TO,EV,doc_43.txt_102
78 percent,RELATED_TO,nearly 90 percent,doc_43.txt_102
78 percent,RELATED_TO,the International Energy Agency,doc_43.txt_102
EV,RELATED_TO,nearly 90 percent,doc_43.txt_102
EV,RELATED_TO,the International Energy Agency,doc_43.txt_102
nearly 90 percent,RELATED_TO,the International Energy Agency,doc_43.txt_102
78 percent,MANUFACTURES,International Energy Agency,doc_43.txt_103
78 percent,MANUFACTURES,82 percent,doc_43.txt_103
78 percent,MANUFACTURES,EPA,doc_43.txt_103
78 percent,MANUFACTURES,Ford,doc_43.txt_103
International Energy Agency,MANUFACTURES,82 percent,doc_43.txt_103
International Energy Agency,MANUFACTURES,EPA,doc_43.txt_103
International Energy Agency,MANUFACTURES,Ford,doc_43.txt_103
82 percent,MANUFACTURES,EPA,doc_43.txt_103
82 percent,MANUFACTURES,Ford,doc_43.txt_103
EPA,MANUFACTURES,Ford,doc_43.txt_103
Alicia García-Herrero,RELATED_TO,SEC,doc_43.txt_105
Alicia García-Herrero,RELATED_TO,China,doc_43.txt_105
Alicia García-Herrero,RELATED_TO,China,doc_43.txt_105
Alicia García-Herrero,RELATED_TO,Asia Pacific,doc_43.txt_105
SEC,RELATED_TO,China,doc_43.txt_105
SEC,RELATED_TO,China,doc_43.txt_105
SEC,RELATED_TO,Asia Pacific,doc_43.txt_105
China,RELATED_TO,China,doc_43.txt_105
China,RELATED_TO,Asia Pacific,doc_43.txt_105
China,RELATED_TO,Asia Pacific,doc_43.txt_105
Andrew Bergbaum,MANUFACTURES,US,doc_43.txt_106
Andrew Bergbaum,MANUFACTURES,AlixPartners,doc_43.txt_106
Andrew Bergbaum,MANUFACTURES,The New York Times,doc_43.txt_106
Andrew Bergbaum,MANUFACTURES,China,doc_43.txt_106
US,MANUFACTURES,AlixPartners,doc_43.txt_106
US,MANUFACTURES,The New York Times,doc_43.txt_106
US,MANUFACTURES,China,doc_43.txt_106
AlixPartners,MANUFACTURES,The New York Times,doc_43.txt_106
AlixPartners,MANUFACTURES,China,doc_43.txt_106
The New York Times,MANUFACTURES,China,doc_43.txt_106
AI,MANUFACTURES,US,doc_43.txt_108
AI,MANUFACTURES,UBS,doc_43.txt_108
AI,MANUFACTURES,China,doc_43.txt_108
AI,MANUFACTURES,China,doc_43.txt_108
US,MANUFACTURES,UBS,doc_43.txt_108
US,MANUFACTURES,China,doc_43.txt_108
US,MANUFACTURES,China,doc_43.txt_108
UBS,MANUFACTURES,China,doc_43.txt_108
UBS,MANUFACTURES,China,doc_43.txt_108
China,MANUFACTURES,China,doc_43.txt_108
EV,MANUFACTURES,US,doc_43.txt_109
EV,MANUFACTURES,Ade Thomas,doc_43.txt_109
EV,MANUFACTURES,China,doc_43.txt_109
EV,MANUFACTURES,Chinese,doc_43.txt_109
US,MANUFACTURES,Ade Thomas,doc_43.txt_109
US,MANUFACTURES,China,doc_43.txt_109
US,MANUFACTURES,Chinese,doc_43.txt_109
Ade Thomas,MANUFACTURES,China,doc_43.txt_109
Ade Thomas,MANUFACTURES,Chinese,doc_43.txt_109
China,MANUFACTURES,Chinese,doc_43.txt_109
GM,LED_BY,JiYue,doc_43.txt_110
GM,LED_BY,Baidu,doc_43.txt_110
GM,LED_BY,The Wall Street Journal’s,doc_43.txt_110
GM,LED_BY,350,doc_43.txt_110
JiYue,LED_BY,Baidu,doc_43.txt_110
JiYue,LED_BY,The Wall Street Journal’s,doc_43.txt_110
JiYue,LED_BY,350,doc_43.txt_110
Baidu,LED_BY,The Wall Street Journal’s,doc_43.txt_110
Baidu,LED_BY,350,doc_43.txt_110
The Wall Street Journal’s,LED_BY,350,doc_43.txt_110
GM,MANUFACTURES,350,doc_43.txt_111
GM,MANUFACTURES,Chinese,doc_43.txt_111
350,MANUFACTURES,Chinese,doc_43.txt_111
US,RELATED_TO,an estimated 45 percent,doc_43.txt_112
US,RELATED_TO,over 40 percent,doc_43.txt_112
US,RELATED_TO,just 18 percent,doc_43.txt_112
an estimated 45 percent,RELATED_TO,over 40 percent,doc_43.txt_112
an estimated 45 percent,RELATED_TO,just 18 percent,doc_43.txt_112
over 40 percent,RELATED_TO,just 18 percent,doc_43.txt_112
AI,MANUFACTURES,Mercedes-Benz,doc_43.txt_113
AI,MANUFACTURES,US,doc_43.txt_113
AI,MANUFACTURES,The Society of Automotive Engineers,doc_43.txt_113
AI,MANUFACTURES,Mercedes,doc_43.txt_113
Mercedes-Benz,MANUFACTURES,US,doc_43.txt_113
Mercedes-Benz,MANUFACTURES,The Society of Automotive Engineers,doc_43.txt_113
Mercedes-Benz,MANUFACTURES,Mercedes,doc_43.txt_113
US,MANUFACTURES,The Society of Automotive Engineers,doc_43.txt_113
US,MANUFACTURES,Mercedes,doc_43.txt_113
The Society of Automotive Engineers,MANUFACTURES,Mercedes,doc_43.txt_113
US,RELATED_TO,DrivePilot,doc_43.txt_114
EV,COMPETES_WITH,US,doc_43.txt_115
EV,COMPETES_WITH,Xiaomi,doc_43.txt_115
EV,COMPETES_WITH,Xiaomi,doc_43.txt_115
EV,COMPETES_WITH,China,doc_43.txt_115
US,COMPETES_WITH,Xiaomi,doc_43.txt_115
US,COMPETES_WITH,Xiaomi,doc_43.txt_115
US,COMPETES_WITH,China,doc_43.txt_115
Xiaomi,COMPETES_WITH,Xiaomi,doc_43.txt_115
Xiaomi,COMPETES_WITH,China,doc_43.txt_115
Xiaomi,COMPETES_WITH,China,doc_43.txt_115
EV,MANUFACTURES,over one billion dollars,doc_43.txt_116
"about $4,000",COMPETES_WITH,Tesla’s Model 3,doc_43.txt_117
"about $4,000",COMPETES_WITH,Model 3,doc_43.txt_117
"about $4,000",COMPETES_WITH,EV,doc_43.txt_117
"about $4,000",COMPETES_WITH,Xiaomi’s SU7,doc_43.txt_117
Tesla’s Model 3,COMPETES_WITH,Model 3,doc_43.txt_117
Tesla’s Model 3,COMPETES_WITH,EV,doc_43.txt_117
Tesla’s Model 3,COMPETES_WITH,Xiaomi’s SU7,doc_43.txt_117
Model 3,COMPETES_WITH,EV,doc_43.txt_117
Model 3,COMPETES_WITH,Xiaomi’s SU7,doc_43.txt_117
EV,COMPETES_WITH,Xiaomi’s SU7,doc_43.txt_117
Yoko Kubota,RELATED_TO,Xiaomi,doc_43.txt_118
Yoko Kubota,RELATED_TO,The Wall Street Journal,doc_43.txt_118
Yoko Kubota,RELATED_TO,Sha Hua,doc_43.txt_118
Xiaomi,RELATED_TO,The Wall Street Journal,doc_43.txt_118
Xiaomi,RELATED_TO,Sha Hua,doc_43.txt_118
The Wall Street Journal,RELATED_TO,Sha Hua,doc_43.txt_118
Tesla,MANUFACTURES,China,doc_43.txt_119
Tesla,MANUFACTURES,China,doc_43.txt_119
China,MANUFACTURES,China,doc_43.txt_119
Model Y,RELATED_TO,Model Y,doc_43.txt_121
Model Y,RELATED_TO,Kubota,doc_43.txt_121
Model Y,RELATED_TO,US,doc_43.txt_121
Model Y,RELATED_TO,Tesla,doc_43.txt_121
Model Y,RELATED_TO,Kubota,doc_43.txt_121
Model Y,RELATED_TO,US,doc_43.txt_121
Model Y,RELATED_TO,Tesla,doc_43.txt_121
Kubota,RELATED_TO,US,doc_43.txt_121
Kubota,RELATED_TO,Tesla,doc_43.txt_121
US,RELATED_TO,Tesla,doc_43.txt_121
US,RELATED_TO,Xiaomi,doc_43.txt_122
Italy,PARTNERS_WITH,Guangdong Hongtu Technology,doc_43.txt_123
Italy,PARTNERS_WITH,LK Technology.[112] It’s,doc_43.txt_123
Italy,PARTNERS_WITH,GHT,doc_43.txt_123
Italy,PARTNERS_WITH,Brescia,doc_43.txt_123
Guangdong Hongtu Technology,PARTNERS_WITH,LK Technology.[112] It’s,doc_43.txt_123
Guangdong Hongtu Technology,PARTNERS_WITH,GHT,doc_43.txt_123
Guangdong Hongtu Technology,PARTNERS_WITH,Brescia,doc_43.txt_123
LK Technology.[112] It’s,PARTNERS_WITH,GHT,doc_43.txt_123
LK Technology.[112] It’s,PARTNERS_WITH,Brescia,doc_43.txt_123
GHT,PARTNERS_WITH,Brescia,doc_43.txt_123
Hong Kong,ACQUIRED,Idra,doc_43.txt_124
Hong Kong,ACQUIRED,US,doc_43.txt_124
Hong Kong,ACQUIRED,German,doc_43.txt_124
Hong Kong,ACQUIRED,SEC,doc_43.txt_124
Idra,ACQUIRED,US,doc_43.txt_124
Idra,ACQUIRED,German,doc_43.txt_124
Idra,ACQUIRED,SEC,doc_43.txt_124
US,ACQUIRED,German,doc_43.txt_124
US,ACQUIRED,SEC,doc_43.txt_124
German,ACQUIRED,SEC,doc_43.txt_124
US,MANUFACTURES,Europe,doc_43.txt_125
US,MANUFACTURES,EU,doc_43.txt_125
US,MANUFACTURES,Chinese,doc_43.txt_125
US,MANUFACTURES,Bernstein,doc_43.txt_125
Europe,MANUFACTURES,EU,doc_43.txt_125
Europe,MANUFACTURES,Chinese,doc_43.txt_125
Europe,MANUFACTURES,Bernstein,doc_43.txt_125
EU,MANUFACTURES,Chinese,doc_43.txt_125
EU,MANUFACTURES,Bernstein,doc_43.txt_125
Chinese,MANUFACTURES,Bernstein,doc_43.txt_125
EV,MANUFACTURES,U9,doc_43.txt_126
EV,MANUFACTURES,BYD,doc_43.txt_126
EV,MANUFACTURES,Yangwang,doc_43.txt_126
EV,MANUFACTURES,US,doc_43.txt_126
U9,MANUFACTURES,BYD,doc_43.txt_126
U9,MANUFACTURES,Yangwang,doc_43.txt_126
U9,MANUFACTURES,US,doc_43.txt_126
BYD,MANUFACTURES,Yangwang,doc_43.txt_126
BYD,MANUFACTURES,US,doc_43.txt_126
Yangwang,MANUFACTURES,US,doc_43.txt_126
Western,MANUFACTURES,Chinese,doc_43.txt_127
South Korea’s,PARTNERS_WITH,Kia,doc_43.txt_128
South Korea’s,PARTNERS_WITH,Hyundai Motor,doc_43.txt_128
South Korea’s,PARTNERS_WITH,Volkswagen,doc_43.txt_128
South Korea’s,PARTNERS_WITH,XPeng.[117,doc_43.txt_128
Kia,PARTNERS_WITH,Hyundai Motor,doc_43.txt_128
Kia,PARTNERS_WITH,Volkswagen,doc_43.txt_128
Kia,PARTNERS_WITH,XPeng.[117,doc_43.txt_128
Hyundai Motor,PARTNERS_WITH,Volkswagen,doc_43.txt_128
Hyundai Motor,PARTNERS_WITH,XPeng.[117,doc_43.txt_128
Volkswagen,PARTNERS_WITH,XPeng.[117,doc_43.txt_128
AI,PARTNERS_WITH,AI,doc_43.txt_129
AI,PARTNERS_WITH,Korea,doc_43.txt_129
AI,PARTNERS_WITH,Kia,doc_43.txt_129
AI,PARTNERS_WITH,Hyundai Motor,doc_43.txt_129
AI,PARTNERS_WITH,Korea,doc_43.txt_129
AI,PARTNERS_WITH,Kia,doc_43.txt_129
AI,PARTNERS_WITH,Hyundai Motor,doc_43.txt_129
Korea,PARTNERS_WITH,Kia,doc_43.txt_129
Korea,PARTNERS_WITH,Hyundai Motor,doc_43.txt_129
Kia,PARTNERS_WITH,Hyundai Motor,doc_43.txt_129
EV,MANUFACTURES,Stellantis,doc_43.txt_130
EV,MANUFACTURES,Europe,doc_43.txt_130
EV,MANUFACTURES,China,doc_43.txt_130
EV,MANUFACTURES,EU,doc_43.txt_130
Stellantis,MANUFACTURES,Europe,doc_43.txt_130
Stellantis,MANUFACTURES,China,doc_43.txt_130
Stellantis,MANUFACTURES,EU,doc_43.txt_130
Europe,MANUFACTURES,China,doc_43.txt_130
Europe,MANUFACTURES,EU,doc_43.txt_130
China,MANUFACTURES,EU,doc_43.txt_130
US,RELATED_TO,Europe,doc_43.txt_131
US,RELATED_TO,China,doc_43.txt_131
US,RELATED_TO,EU,doc_43.txt_131
US,RELATED_TO,China,doc_43.txt_131
Europe,RELATED_TO,China,doc_43.txt_131
Europe,RELATED_TO,EU,doc_43.txt_131
Europe,RELATED_TO,China,doc_43.txt_131
China,RELATED_TO,EU,doc_43.txt_131
China,RELATED_TO,China,doc_43.txt_131
EU,RELATED_TO,China,doc_43.txt_131
Beijing,MANUFACTURES,Tesla,doc_43.txt_133
Beijing,MANUFACTURES,US,doc_43.txt_133
Beijing,MANUFACTURES,Tesla,doc_43.txt_133
Beijing,MANUFACTURES,China,doc_43.txt_133
Tesla,MANUFACTURES,US,doc_43.txt_133
Tesla,MANUFACTURES,Tesla,doc_43.txt_133
Tesla,MANUFACTURES,China,doc_43.txt_133
US,MANUFACTURES,Tesla,doc_43.txt_133
US,MANUFACTURES,China,doc_43.txt_133
Tesla,MANUFACTURES,China,doc_43.txt_133
US,MANUFACTURES,Tianjin,doc_43.txt_135
US,MANUFACTURES,China,doc_43.txt_135
US,MANUFACTURES,China,doc_43.txt_135
US,MANUFACTURES,n’t,doc_43.txt_135
Tianjin,MANUFACTURES,China,doc_43.txt_135
Tianjin,MANUFACTURES,China,doc_43.txt_135
Tianjin,MANUFACTURES,n’t,doc_43.txt_135
China,MANUFACTURES,China,doc_43.txt_135
China,MANUFACTURES,n’t,doc_43.txt_135
China,MANUFACTURES,n’t,doc_43.txt_135
US,RELATED_TO,AutoFlight,doc_43.txt_136
US,RELATED_TO,Chinese,doc_43.txt_136
AutoFlight,RELATED_TO,Chinese,doc_43.txt_136
EV,MANUFACTURES,around 30%,doc_43.txt_140
EV,MANUFACTURES,US,doc_43.txt_140
EV,MANUFACTURES,Selina Cheng,doc_43.txt_140
EV,MANUFACTURES,The Wall Street Journal,doc_43.txt_140
around 30%,MANUFACTURES,US,doc_43.txt_140
around 30%,MANUFACTURES,Selina Cheng,doc_43.txt_140
around 30%,MANUFACTURES,The Wall Street Journal,doc_43.txt_140
US,MANUFACTURES,Selina Cheng,doc_43.txt_140
US,MANUFACTURES,The Wall Street Journal,doc_43.txt_140
Selina Cheng,MANUFACTURES,The Wall Street Journal,doc_43.txt_140
US,MANUFACTURES,Nio,doc_43.txt_141
XPeng 6,MANUFACTURES,EV,doc_43.txt_142
XPeng 6,MANUFACTURES,BYD,doc_43.txt_142
XPeng 6,MANUFACTURES,Volkswagen,doc_43.txt_142
XPeng 6,MANUFACTURES,Chinese,doc_43.txt_142
EV,MANUFACTURES,BYD,doc_43.txt_142
EV,MANUFACTURES,Volkswagen,doc_43.txt_142
EV,MANUFACTURES,Chinese,doc_43.txt_142
BYD,MANUFACTURES,Volkswagen,doc_43.txt_142
BYD,MANUFACTURES,Chinese,doc_43.txt_142
Volkswagen,MANUFACTURES,Chinese,doc_43.txt_142
Stephen Elop’s,MANUFACTURES,EV,doc_43.txt_143
Stephen Elop’s,MANUFACTURES,Kia,doc_43.txt_143
Stephen Elop’s,MANUFACTURES,US,doc_43.txt_143
Stephen Elop’s,MANUFACTURES,Chinese,doc_43.txt_143
EV,MANUFACTURES,Kia,doc_43.txt_143
EV,MANUFACTURES,US,doc_43.txt_143
EV,MANUFACTURES,Chinese,doc_43.txt_143
Kia,MANUFACTURES,US,doc_43.txt_143
Kia,MANUFACTURES,Chinese,doc_43.txt_143
US,MANUFACTURES,Chinese,doc_43.txt_143
China,RELATED_TO,EV,doc_43.txt_144
China,RELATED_TO,China,doc_43.txt_144
EV,RELATED_TO,China,doc_43.txt_144
US,MANUFACTURES,Chinese,doc_43.txt_145
3D,MANUFACTURES,EV,doc_43.txt_146
3D,MANUFACTURES,US,doc_43.txt_146
3D,MANUFACTURES,China,doc_43.txt_146
3D,MANUFACTURES,China,doc_43.txt_146
EV,MANUFACTURES,US,doc_43.txt_146
EV,MANUFACTURES,China,doc_43.txt_146
EV,MANUFACTURES,China,doc_43.txt_146
US,MANUFACTURES,China,doc_43.txt_146
US,MANUFACTURES,China,doc_43.txt_146
China,MANUFACTURES,China,doc_43.txt_146
US,RELATED_TO,Chinese,doc_43.txt_147
US,RELATED_TO,Smart Electric Platform Architecture,doc_43.txt_148
US,RELATED_TO,EPA,doc_43.txt_148
US,RELATED_TO,XPeng,doc_43.txt_148
US,RELATED_TO,XPeng,doc_43.txt_148
Smart Electric Platform Architecture,RELATED_TO,EPA,doc_43.txt_148
Smart Electric Platform Architecture,RELATED_TO,XPeng,doc_43.txt_148
Smart Electric Platform Architecture,RELATED_TO,XPeng,doc_43.txt_148
EPA,RELATED_TO,XPeng,doc_43.txt_148
EPA,RELATED_TO,XPeng,doc_43.txt_148
XPeng,RELATED_TO,XPeng,doc_43.txt_148
XPeng,RELATED_TO,85 percent,doc_43.txt_149
XPeng,RELATED_TO,EPA,doc_43.txt_149
XPeng,RELATED_TO,70 percent,doc_43.txt_149
XPeng,RELATED_TO,20 percent,doc_43.txt_149
85 percent,RELATED_TO,EPA,doc_43.txt_149
85 percent,RELATED_TO,70 percent,doc_43.txt_149
85 percent,RELATED_TO,20 percent,doc_43.txt_149
EPA,RELATED_TO,70 percent,doc_43.txt_149
EPA,RELATED_TO,20 percent,doc_43.txt_149
70 percent,RELATED_TO,20 percent,doc_43.txt_149
EV,MANUFACTURES,Kubota,doc_43.txt_150
EV,MANUFACTURES,Nio,doc_43.txt_150
EV,MANUFACTURES,China,doc_43.txt_150
EV,MANUFACTURES,China,doc_43.txt_150
Kubota,MANUFACTURES,Nio,doc_43.txt_150
Kubota,MANUFACTURES,China,doc_43.txt_150
Kubota,MANUFACTURES,China,doc_43.txt_150
Nio,MANUFACTURES,China,doc_43.txt_150
Nio,MANUFACTURES,China,doc_43.txt_150
China,MANUFACTURES,China,doc_43.txt_150
US,MANUFACTURES,John Deere,doc_43.txt_151
EV,MANUFACTURES,US,doc_43.txt_152
EV,MANUFACTURES,China,doc_43.txt_152
EV,MANUFACTURES,China,doc_43.txt_152
EV,MANUFACTURES,Chinese,doc_43.txt_152
US,MANUFACTURES,China,doc_43.txt_152
US,MANUFACTURES,China,doc_43.txt_152
US,MANUFACTURES,Chinese,doc_43.txt_152
China,MANUFACTURES,China,doc_43.txt_152
China,MANUFACTURES,Chinese,doc_43.txt_152
China,MANUFACTURES,Chinese,doc_43.txt_152
EV,MANUFACTURES,US,doc_43.txt_153
EV,MANUFACTURES,Western,doc_43.txt_153
EV,MANUFACTURES,China,doc_43.txt_153
EV,MANUFACTURES,China,doc_43.txt_153
US,MANUFACTURES,Western,doc_43.txt_153
US,MANUFACTURES,China,doc_43.txt_153
US,MANUFACTURES,China,doc_43.txt_153
Western,MANUFACTURES,China,doc_43.txt_153
Western,MANUFACTURES,China,doc_43.txt_153
China,MANUFACTURES,China,doc_43.txt_153
US,MANUFACTURES,U.S,doc_43.txt_154
US,MANUFACTURES,China,doc_43.txt_154
US,MANUFACTURES,China,doc_43.txt_154
US,MANUFACTURES,Chinese,doc_43.txt_154
U.S,MANUFACTURES,China,doc_43.txt_154
U.S,MANUFACTURES,China,doc_43.txt_154
U.S,MANUFACTURES,Chinese,doc_43.txt_154
China,MANUFACTURES,China,doc_43.txt_154
China,MANUFACTURES,Chinese,doc_43.txt_154
China,MANUFACTURES,Chinese,doc_43.txt_154
US,MANUFACTURES,U.S.,doc_43.txt_155
US,MANUFACTURES,The New York Times’ Bradsher,doc_43.txt_155
US,MANUFACTURES,Chinese,doc_43.txt_155
U.S.,MANUFACTURES,The New York Times’ Bradsher,doc_43.txt_155
U.S.,MANUFACTURES,Chinese,doc_43.txt_155
The New York Times’ Bradsher,MANUFACTURES,Chinese,doc_43.txt_155
Harvard Business Review,MANUFACTURES,EV,doc_43.txt_156
Harvard Business Review,MANUFACTURES,US,doc_43.txt_156
Harvard Business Review,MANUFACTURES,Chengyi Lin,doc_43.txt_156
Harvard Business Review,MANUFACTURES,Chinese,doc_43.txt_156
EV,MANUFACTURES,US,doc_43.txt_156
EV,MANUFACTURES,Chengyi Lin,doc_43.txt_156
EV,MANUFACTURES,Chinese,doc_43.txt_156
US,MANUFACTURES,Chengyi Lin,doc_43.txt_156
US,MANUFACTURES,Chinese,doc_43.txt_156
Chengyi Lin,MANUFACTURES,Chinese,doc_43.txt_156
US,RELATED_TO,EV,doc_43.txt_157
US,RELATED_TO,BYD,doc_43.txt_157
EV,RELATED_TO,BYD,doc_43.txt_157
US,RELATED_TO,BYD,doc_43.txt_158
South American,RELATED_TO,North American,doc_43.txt_159
South American,RELATED_TO,US,doc_43.txt_159
South American,RELATED_TO,BYD,doc_43.txt_159
North American,RELATED_TO,US,doc_43.txt_159
North American,RELATED_TO,BYD,doc_43.txt_159
US,RELATED_TO,BYD,doc_43.txt_159
EV,MANUFACTURES,US,doc_43.txt_160
EV,MANUFACTURES,SEC,doc_43.txt_160
EV,MANUFACTURES,China,doc_43.txt_160
EV,MANUFACTURES,China,doc_43.txt_160
US,MANUFACTURES,SEC,doc_43.txt_160
US,MANUFACTURES,China,doc_43.txt_160
US,MANUFACTURES,China,doc_43.txt_160
SEC,MANUFACTURES,China,doc_43.txt_160
SEC,MANUFACTURES,China,doc_43.txt_160
China,MANUFACTURES,China,doc_43.txt_160
’s,MANUFACTURES,US,doc_43.txt_163
’s,MANUFACTURES,German,doc_43.txt_163
’s,MANUFACTURES,SEC,doc_43.txt_163
’s,MANUFACTURES,Germany,doc_43.txt_163
US,MANUFACTURES,German,doc_43.txt_163
US,MANUFACTURES,SEC,doc_43.txt_163
US,MANUFACTURES,Germany,doc_43.txt_163
German,MANUFACTURES,SEC,doc_43.txt_163
German,MANUFACTURES,Germany,doc_43.txt_163
SEC,MANUFACTURES,Germany,doc_43.txt_163
EV,RELATED_TO,US,doc_43.txt_164
EV,RELATED_TO,Xiaomi,doc_43.txt_164
EV,RELATED_TO,China,doc_43.txt_164
EV,RELATED_TO,China,doc_43.txt_164
US,RELATED_TO,Xiaomi,doc_43.txt_164
US,RELATED_TO,China,doc_43.txt_164
US,RELATED_TO,China,doc_43.txt_164
Xiaomi,RELATED_TO,China,doc_43.txt_164
Xiaomi,RELATED_TO,China,doc_43.txt_164
China,RELATED_TO,China,doc_43.txt_164
China,RELATED_TO,EV,doc_43.txt_165
China,RELATED_TO,China,doc_43.txt_165
China,RELATED_TO,Chinese,doc_43.txt_165
EV,RELATED_TO,China,doc_43.txt_165
EV,RELATED_TO,Chinese,doc_43.txt_165
China,RELATED_TO,Chinese,doc_43.txt_165
Europe,MANUFACTURES,China,doc_43.txt_166
Europe,MANUFACTURES,EU,doc_43.txt_166
Europe,MANUFACTURES,China,doc_43.txt_166
Europe,MANUFACTURES,European,doc_43.txt_166
China,MANUFACTURES,EU,doc_43.txt_166
China,MANUFACTURES,China,doc_43.txt_166
China,MANUFACTURES,European,doc_43.txt_166
EU,MANUFACTURES,China,doc_43.txt_166
EU,MANUFACTURES,European,doc_43.txt_166
China,MANUFACTURES,European,doc_43.txt_166
Britain,ACQUIRED,US,doc_43.txt_167
Britain,ACQUIRED,China,doc_43.txt_167
Britain,ACQUIRED,China,doc_43.txt_167
Britain,ACQUIRED,Chinese,doc_43.txt_167
US,ACQUIRED,China,doc_43.txt_167
US,ACQUIRED,China,doc_43.txt_167
US,ACQUIRED,Chinese,doc_43.txt_167
China,ACQUIRED,China,doc_43.txt_167
China,ACQUIRED,Chinese,doc_43.txt_167
China,ACQUIRED,Chinese,doc_43.txt_167
US,RELATED_TO,SEC,doc_43.txt_168
US,RELATED_TO,China,doc_43.txt_168
US,RELATED_TO,China,doc_43.txt_168
SEC,RELATED_TO,China,doc_43.txt_168
SEC,RELATED_TO,China,doc_43.txt_168
China,RELATED_TO,China,doc_43.txt_168
XPeng,RELATED_TO,US,doc_43.txt_169
XPeng,RELATED_TO,SEC,doc_43.txt_169
XPeng,RELATED_TO,Lordstown,doc_43.txt_169
XPeng,RELATED_TO,about 21.3 percent,doc_43.txt_169
US,RELATED_TO,SEC,doc_43.txt_169
US,RELATED_TO,Lordstown,doc_43.txt_169
US,RELATED_TO,about 21.3 percent,doc_43.txt_169
SEC,RELATED_TO,Lordstown,doc_43.txt_169
SEC,RELATED_TO,about 21.3 percent,doc_43.txt_169
Lordstown,RELATED_TO,about 21.3 percent,doc_43.txt_169
Ferrari,MANUFACTURES,BYD,doc_43.txt_170
Ferrari,MANUFACTURES,EU,doc_43.txt_170
Ferrari,MANUFACTURES,roughly 6.7 percent,doc_43.txt_170
Ferrari,MANUFACTURES,Aston Martin,doc_43.txt_170
BYD,MANUFACTURES,EU,doc_43.txt_170
BYD,MANUFACTURES,roughly 6.7 percent,doc_43.txt_170
BYD,MANUFACTURES,Aston Martin,doc_43.txt_170
EU,MANUFACTURES,roughly 6.7 percent,doc_43.txt_170
EU,MANUFACTURES,Aston Martin,doc_43.txt_170
roughly 6.7 percent,MANUFACTURES,Aston Martin,doc_43.txt_170
United States,INVESTED_IN,US,doc_43.txt_171
United States,INVESTED_IN,256.7,doc_43.txt_171
United States,INVESTED_IN,397.4,doc_43.txt_171
United States,INVESTED_IN,EU,doc_43.txt_171
US,INVESTED_IN,256.7,doc_43.txt_171
US,INVESTED_IN,397.4,doc_43.txt_171
US,INVESTED_IN,EU,doc_43.txt_171
256.7,INVESTED_IN,397.4,doc_43.txt_171
256.7,INVESTED_IN,EU,doc_43.txt_171
397.4,INVESTED_IN,EU,doc_43.txt_171
China,RELATED_TO,"Zhejiang Century Huatong
China",doc_43.txt_172
China,RELATED_TO,7.9%,doc_43.txt_172
China,RELATED_TO,Dongfeng Motor,doc_43.txt_172
China,RELATED_TO,18.3%,doc_43.txt_172
"Zhejiang Century Huatong
China",RELATED_TO,7.9%,doc_43.txt_172
"Zhejiang Century Huatong
China",RELATED_TO,Dongfeng Motor,doc_43.txt_172
"Zhejiang Century Huatong
China",RELATED_TO,18.3%,doc_43.txt_172
7.9%,RELATED_TO,Dongfeng Motor,doc_43.txt_172
7.9%,RELATED_TO,18.3%,doc_43.txt_172
Dongfeng Motor,RELATED_TO,18.3%,doc_43.txt_172
Dongfeng Motor,SURPASSED,9.4%,doc_43.txt_173
Dongfeng Motor,SURPASSED,9.6%,doc_43.txt_173
Dongfeng Motor,SURPASSED,Europe,doc_43.txt_173
Dongfeng Motor,SURPASSED,China,doc_43.txt_173
9.4%,SURPASSED,9.6%,doc_43.txt_173
9.4%,SURPASSED,Europe,doc_43.txt_173
9.4%,SURPASSED,China,doc_43.txt_173
9.6%,SURPASSED,Europe,doc_43.txt_173
9.6%,SURPASSED,China,doc_43.txt_173
Europe,SURPASSED,China,doc_43.txt_173
China,RELATED_TO,EV,doc_43.txt_175
China,RELATED_TO,China,doc_43.txt_175
China,RELATED_TO,Chinese,doc_43.txt_175
EV,RELATED_TO,China,doc_43.txt_175
EV,RELATED_TO,Chinese,doc_43.txt_175
China,RELATED_TO,Chinese,doc_43.txt_175
Critical Technology Tracker,RELATED_TO,EV,doc_43.txt_176
Critical Technology Tracker,RELATED_TO,US,doc_43.txt_176
Critical Technology Tracker,RELATED_TO,DOE,doc_43.txt_176
Critical Technology Tracker,RELATED_TO,20 percent,doc_43.txt_176
EV,RELATED_TO,US,doc_43.txt_176
EV,RELATED_TO,DOE,doc_43.txt_176
EV,RELATED_TO,20 percent,doc_43.txt_176
US,RELATED_TO,DOE,doc_43.txt_176
US,RELATED_TO,20 percent,doc_43.txt_176
DOE,RELATED_TO,20 percent,doc_43.txt_176
65.4 percent,LOCATED_IN,South Korea’s,doc_43.txt_178
65.4 percent,LOCATED_IN,2.8 percent,doc_43.txt_178
65.4 percent,LOCATED_IN,US,doc_43.txt_178
65.4 percent,LOCATED_IN,United States,doc_43.txt_178
South Korea’s,LOCATED_IN,2.8 percent,doc_43.txt_178
South Korea’s,LOCATED_IN,US,doc_43.txt_178
South Korea’s,LOCATED_IN,United States,doc_43.txt_178
2.8 percent,LOCATED_IN,US,doc_43.txt_178
2.8 percent,LOCATED_IN,United States,doc_43.txt_178
US,LOCATED_IN,United States,doc_43.txt_178
the United States,RELATED_TO,China,doc_43.txt_180
the United States,RELATED_TO,United States,doc_43.txt_180
the United States,RELATED_TO,China,doc_43.txt_180
China,RELATED_TO,United States,doc_43.txt_180
China,RELATED_TO,China,doc_43.txt_180
United States,RELATED_TO,China,doc_43.txt_180
China,RELATED_TO,China,doc_43.txt_181
United States,RELATED_TO,the United States,doc_43.txt_183
United States,RELATED_TO,PCT,doc_43.txt_183
United States,RELATED_TO,EU,doc_43.txt_183
United States,RELATED_TO,China,doc_43.txt_183
the United States,RELATED_TO,PCT,doc_43.txt_183
the United States,RELATED_TO,EU,doc_43.txt_183
the United States,RELATED_TO,China,doc_43.txt_183
PCT,RELATED_TO,EU,doc_43.txt_183
PCT,RELATED_TO,China,doc_43.txt_183
EU,RELATED_TO,China,doc_43.txt_183
PCT,RELATED_TO,EU,doc_43.txt_184
PCT,RELATED_TO,China,doc_43.txt_184
PCT,RELATED_TO,China,doc_43.txt_184
PCT,RELATED_TO,Japan,doc_43.txt_184
EU,RELATED_TO,China,doc_43.txt_184
EU,RELATED_TO,China,doc_43.txt_184
EU,RELATED_TO,Japan,doc_43.txt_184
China,RELATED_TO,China,doc_43.txt_184
China,RELATED_TO,Japan,doc_43.txt_184
China,RELATED_TO,Japan,doc_43.txt_184
United States,RELATED_TO,about 242 percent,doc_43.txt_185
United States,RELATED_TO,"over 2,000 percent",doc_43.txt_185
United States,RELATED_TO,the United States,doc_43.txt_185
United States,RELATED_TO,China,doc_43.txt_185
about 242 percent,RELATED_TO,"over 2,000 percent",doc_43.txt_185
about 242 percent,RELATED_TO,the United States,doc_43.txt_185
about 242 percent,RELATED_TO,China,doc_43.txt_185
"over 2,000 percent",RELATED_TO,the United States,doc_43.txt_185
"over 2,000 percent",RELATED_TO,China,doc_43.txt_185
the United States,RELATED_TO,China,doc_43.txt_185
about 46 percent,MANUFACTURES,Japan,doc_43.txt_186
about 46 percent,MANUFACTURES,Japan,doc_43.txt_186
Japan,MANUFACTURES,Japan,doc_43.txt_186
26.9 percent,RELATED_TO,United States,doc_43.txt_188
26.9 percent,RELATED_TO,24.5 percentage point,doc_43.txt_188
26.9 percent,RELATED_TO,2.4 percent,doc_43.txt_188
26.9 percent,RELATED_TO,PCT,doc_43.txt_188
United States,RELATED_TO,24.5 percentage point,doc_43.txt_188
United States,RELATED_TO,2.4 percent,doc_43.txt_188
United States,RELATED_TO,PCT,doc_43.txt_188
24.5 percentage point,RELATED_TO,2.4 percent,doc_43.txt_188
24.5 percentage point,RELATED_TO,PCT,doc_43.txt_188
2.4 percent,RELATED_TO,PCT,doc_43.txt_188
EV,RELATED_TO,BYD,doc_43.txt_190
EV,RELATED_TO,US,doc_43.txt_190
EV,RELATED_TO,SEC,doc_43.txt_190
EV,RELATED_TO,EU,doc_43.txt_190
BYD,RELATED_TO,US,doc_43.txt_190
BYD,RELATED_TO,SEC,doc_43.txt_190
BYD,RELATED_TO,EU,doc_43.txt_190
US,RELATED_TO,SEC,doc_43.txt_190
US,RELATED_TO,EU,doc_43.txt_190
SEC,RELATED_TO,EU,doc_43.txt_190
Shenzhen,MANUFACTURES,Biyadi,doc_43.txt_191
Shenzhen,MANUFACTURES,BYD,doc_43.txt_191
Shenzhen,MANUFACTURES,US,doc_43.txt_191
Shenzhen,MANUFACTURES,PHEV,doc_43.txt_191
Biyadi,MANUFACTURES,BYD,doc_43.txt_191
Biyadi,MANUFACTURES,US,doc_43.txt_191
Biyadi,MANUFACTURES,PHEV,doc_43.txt_191
BYD,MANUFACTURES,US,doc_43.txt_191
BYD,MANUFACTURES,PHEV,doc_43.txt_191
US,MANUFACTURES,PHEV,doc_43.txt_191
US,MANUFACTURES,EV,doc_43.txt_192
US,MANUFACTURES,BYD,doc_43.txt_192
EV,MANUFACTURES,BYD,doc_43.txt_192
approximately 70 percent,MANUFACTURES,BYD,doc_43.txt_193
approximately 70 percent,MANUFACTURES,602 billion yuan,doc_43.txt_193
approximately 70 percent,MANUFACTURES,50 percent,doc_43.txt_193
approximately 70 percent,MANUFACTURES,China,doc_43.txt_193
BYD,MANUFACTURES,602 billion yuan,doc_43.txt_193
BYD,MANUFACTURES,50 percent,doc_43.txt_193
BYD,MANUFACTURES,China,doc_43.txt_193
602 billion yuan,MANUFACTURES,50 percent,doc_43.txt_193
602 billion yuan,MANUFACTURES,China,doc_43.txt_193
50 percent,MANUFACTURES,China,doc_43.txt_193
CATL,MANUFACTURES,Blade LFP,doc_43.txt_194
CATL,MANUFACTURES,EV,doc_43.txt_194
CATL,MANUFACTURES,BYD,doc_43.txt_194
CATL,MANUFACTURES,US,doc_43.txt_194
Blade LFP,MANUFACTURES,EV,doc_43.txt_194
Blade LFP,MANUFACTURES,BYD,doc_43.txt_194
Blade LFP,MANUFACTURES,US,doc_43.txt_194
EV,MANUFACTURES,BYD,doc_43.txt_194
EV,MANUFACTURES,US,doc_43.txt_194
BYD,MANUFACTURES,US,doc_43.txt_194
CTB,RELATED_TO,BYD,doc_43.txt_195
BYD,RELATED_TO,US,doc_43.txt_196
BYD,RELATED_TO,SEC,doc_43.txt_196
BYD,RELATED_TO,China,doc_43.txt_196
BYD,RELATED_TO,China,doc_43.txt_196
US,RELATED_TO,SEC,doc_43.txt_196
US,RELATED_TO,China,doc_43.txt_196
US,RELATED_TO,China,doc_43.txt_196
SEC,RELATED_TO,China,doc_43.txt_196
SEC,RELATED_TO,China,doc_43.txt_196
China,RELATED_TO,China,doc_43.txt_196
Automotive Innovation Awards,RELATED_TO,Germany,doc_43.txt_197
Automotive Innovation Awards,RELATED_TO,Germany,doc_43.txt_197
Automotive Innovation Awards,RELATED_TO,the Zayed Future Energy Prize,doc_43.txt_197
Automotive Innovation Awards,RELATED_TO,the UN Energy Special Award,doc_43.txt_197
Germany,RELATED_TO,Germany,doc_43.txt_197
Germany,RELATED_TO,the Zayed Future Energy Prize,doc_43.txt_197
Germany,RELATED_TO,the UN Energy Special Award,doc_43.txt_197
Germany,RELATED_TO,the Zayed Future Energy Prize,doc_43.txt_197
Germany,RELATED_TO,the UN Energy Special Award,doc_43.txt_197
the Zayed Future Energy Prize,RELATED_TO,the UN Energy Special Award,doc_43.txt_197
66 percent,RELATED_TO,BYD,doc_43.txt_198
66 percent,RELATED_TO,12.2 percent,doc_43.txt_198
66 percent,RELATED_TO,Tesla,doc_43.txt_198
66 percent,RELATED_TO,’s degrees,doc_43.txt_198
BYD,RELATED_TO,12.2 percent,doc_43.txt_198
BYD,RELATED_TO,Tesla,doc_43.txt_198
BYD,RELATED_TO,’s degrees,doc_43.txt_198
12.2 percent,RELATED_TO,Tesla,doc_43.txt_198
12.2 percent,RELATED_TO,’s degrees,doc_43.txt_198
Tesla,RELATED_TO,’s degrees,doc_43.txt_198
80 percent,RELATED_TO,BYD,doc_43.txt_199
80 percent,RELATED_TO,39.92 billion yuan,doc_43.txt_199
80 percent,RELATED_TO,approximately 6.7 percent,doc_43.txt_199
80 percent,RELATED_TO,$5.5 billion,doc_43.txt_199
BYD,RELATED_TO,39.92 billion yuan,doc_43.txt_199
BYD,RELATED_TO,approximately 6.7 percent,doc_43.txt_199
BYD,RELATED_TO,$5.5 billion,doc_43.txt_199
39.92 billion yuan,RELATED_TO,approximately 6.7 percent,doc_43.txt_199
39.92 billion yuan,RELATED_TO,$5.5 billion,doc_43.txt_199
approximately 6.7 percent,RELATED_TO,$5.5 billion,doc_43.txt_199
United States,RELATED_TO,BYD,doc_43.txt_200
United States,RELATED_TO,US,doc_43.txt_200
United States,RELATED_TO,Europe,doc_43.txt_200
United States,RELATED_TO,the United States,doc_43.txt_200
BYD,RELATED_TO,US,doc_43.txt_200
BYD,RELATED_TO,Europe,doc_43.txt_200
BYD,RELATED_TO,the United States,doc_43.txt_200
US,RELATED_TO,Europe,doc_43.txt_200
US,RELATED_TO,the United States,doc_43.txt_200
Europe,RELATED_TO,the United States,doc_43.txt_200
BYD,RELATED_TO,US,doc_43.txt_201
BYD,RELATED_TO,China’s Company Law,doc_43.txt_201
BYD,RELATED_TO,approximately $4.175 billion,doc_43.txt_201
BYD,RELATED_TO,$0.92 billion,doc_43.txt_201
US,RELATED_TO,China’s Company Law,doc_43.txt_201
US,RELATED_TO,approximately $4.175 billion,doc_43.txt_201
US,RELATED_TO,$0.92 billion,doc_43.txt_201
China’s Company Law,RELATED_TO,approximately $4.175 billion,doc_43.txt_201
China’s Company Law,RELATED_TO,$0.92 billion,doc_43.txt_201
approximately $4.175 billion,RELATED_TO,$0.92 billion,doc_43.txt_201
US,RELATED_TO,$0.92 billion,doc_43.txt_202
US,RELATED_TO,NEV,doc_43.txt_202
US,RELATED_TO,approximately $4.175 billion,doc_43.txt_202
$0.92 billion,RELATED_TO,NEV,doc_43.txt_202
$0.92 billion,RELATED_TO,approximately $4.175 billion,doc_43.txt_202
NEV,RELATED_TO,approximately $4.175 billion,doc_43.txt_202
Beijing,LOCATED_IN,Li L8,doc_43.txt_203
Beijing,LOCATED_IN,Li L9,doc_43.txt_203
Beijing,LOCATED_IN,Li L7,doc_43.txt_203
Beijing,LOCATED_IN,Li MEGA,doc_43.txt_203
Li L8,LOCATED_IN,Li L9,doc_43.txt_203
Li L8,LOCATED_IN,Li L7,doc_43.txt_203
Li L8,LOCATED_IN,Li MEGA,doc_43.txt_203
Li L9,LOCATED_IN,Li L7,doc_43.txt_203
Li L9,LOCATED_IN,Li MEGA,doc_43.txt_203
Li L7,LOCATED_IN,Li MEGA,doc_43.txt_203
4.9 percent,MANUFACTURES,EV,doc_43.txt_204
4.9 percent,MANUFACTURES,over 180 percent,doc_43.txt_204
4.9 percent,MANUFACTURES,$10.2 billion,doc_43.txt_204
4.9 percent,MANUFACTURES,China,doc_43.txt_204
EV,MANUFACTURES,over 180 percent,doc_43.txt_204
EV,MANUFACTURES,$10.2 billion,doc_43.txt_204
EV,MANUFACTURES,China,doc_43.txt_204
over 180 percent,MANUFACTURES,$10.2 billion,doc_43.txt_204
over 180 percent,MANUFACTURES,China,doc_43.txt_204
$10.2 billion,MANUFACTURES,China,doc_43.txt_204
US,RELATED_TO,China,doc_43.txt_205
US,RELATED_TO,IDC China Future Enterprise Awards Excellence Award,doc_43.txt_205
US,RELATED_TO,EREV4 Powertrain,doc_43.txt_205
China,RELATED_TO,IDC China Future Enterprise Awards Excellence Award,doc_43.txt_205
China,RELATED_TO,EREV4 Powertrain,doc_43.txt_205
IDC China Future Enterprise Awards Excellence Award,RELATED_TO,EREV4 Powertrain,doc_43.txt_205
US,MANUFACTURES,MSCI ESG,doc_43.txt_206
US,MANUFACTURES,Chinese,doc_43.txt_206
US,MANUFACTURES,AAA,doc_43.txt_206
US,MANUFACTURES,Li Auto,doc_43.txt_206
MSCI ESG,MANUFACTURES,Chinese,doc_43.txt_206
MSCI ESG,MANUFACTURES,AAA,doc_43.txt_206
MSCI ESG,MANUFACTURES,Li Auto,doc_43.txt_206
Chinese,MANUFACTURES,AAA,doc_43.txt_206
Chinese,MANUFACTURES,Li Auto,doc_43.txt_206
AAA,MANUFACTURES,Li Auto,doc_43.txt_206
US,INVESTED_IN,SEC,doc_43.txt_207
US,INVESTED_IN,China,doc_43.txt_207
US,INVESTED_IN,Li,doc_43.txt_207
US,INVESTED_IN,China,doc_43.txt_207
SEC,INVESTED_IN,China,doc_43.txt_207
SEC,INVESTED_IN,Li,doc_43.txt_207
SEC,INVESTED_IN,China,doc_43.txt_207
China,INVESTED_IN,Li,doc_43.txt_207
China,INVESTED_IN,China,doc_43.txt_207
Li,INVESTED_IN,China,doc_43.txt_207
Li Auto’s,RELATED_TO,Li,doc_43.txt_208
Li Auto’s,RELATED_TO,Chinese,doc_43.txt_208
Li Auto’s,RELATED_TO,BYD,doc_43.txt_208
Li,RELATED_TO,Chinese,doc_43.txt_208
Li,RELATED_TO,BYD,doc_43.txt_208
Chinese,RELATED_TO,BYD,doc_43.txt_208
742 million yuan,RELATED_TO,about 3 percent,doc_43.txt_209
742 million yuan,RELATED_TO,BYD,doc_43.txt_209
742 million yuan,RELATED_TO,$103 million,doc_43.txt_209
742 million yuan,RELATED_TO,$193 million,doc_43.txt_209
about 3 percent,RELATED_TO,BYD,doc_43.txt_209
about 3 percent,RELATED_TO,$103 million,doc_43.txt_209
about 3 percent,RELATED_TO,$193 million,doc_43.txt_209
BYD,RELATED_TO,$103 million,doc_43.txt_209
BYD,RELATED_TO,$193 million,doc_43.txt_209
$103 million,RELATED_TO,$193 million,doc_43.txt_209
China,RELATED_TO,China,doc_43.txt_210
Gregor Sebastain,MANUFACTURES,EV,doc_43.txt_211
Gregor Sebastain,MANUFACTURES,US,doc_43.txt_211
Gregor Sebastain,MANUFACTURES,SEC,doc_43.txt_211
Gregor Sebastain,MANUFACTURES,the Rhodium Group,doc_43.txt_211
EV,MANUFACTURES,US,doc_43.txt_211
EV,MANUFACTURES,SEC,doc_43.txt_211
EV,MANUFACTURES,the Rhodium Group,doc_43.txt_211
US,MANUFACTURES,SEC,doc_43.txt_211
US,MANUFACTURES,the Rhodium Group,doc_43.txt_211
SEC,MANUFACTURES,the Rhodium Group,doc_43.txt_211
Erica Downs,RELATED_TO,China,doc_43.txt_212
Erica Downs,RELATED_TO,China,doc_43.txt_212
Erica Downs,RELATED_TO,Chinese,doc_43.txt_212
Erica Downs,RELATED_TO,Columbia University’s Center on Global Energy Policy,doc_43.txt_212
China,RELATED_TO,China,doc_43.txt_212
China,RELATED_TO,Chinese,doc_43.txt_212
China,RELATED_TO,Columbia University’s Center on Global Energy Policy,doc_43.txt_212
China,RELATED_TO,Chinese,doc_43.txt_212
China,RELATED_TO,Columbia University’s Center on Global Energy Policy,doc_43.txt_212
Chinese,RELATED_TO,Columbia University’s Center on Global Energy Policy,doc_43.txt_212
EV,RELATED_TO,Germany,doc_43.txt_213
EV,RELATED_TO,Germany,doc_43.txt_213
EV,RELATED_TO,Volkswagen,doc_43.txt_213
EV,RELATED_TO,Wan Gang,doc_43.txt_213
Germany,RELATED_TO,Germany,doc_43.txt_213
Germany,RELATED_TO,Volkswagen,doc_43.txt_213
Germany,RELATED_TO,Wan Gang,doc_43.txt_213
Germany,RELATED_TO,Volkswagen,doc_43.txt_213
Germany,RELATED_TO,Wan Gang,doc_43.txt_213
Volkswagen,RELATED_TO,Wan Gang,doc_43.txt_213
EV,RELATED_TO,US,doc_43.txt_214
EV,RELATED_TO,SEC,doc_43.txt_214
EV,RELATED_TO,Gang,doc_43.txt_214
EV,RELATED_TO,10 billion yuan,doc_43.txt_214
US,RELATED_TO,SEC,doc_43.txt_214
US,RELATED_TO,Gang,doc_43.txt_214
US,RELATED_TO,10 billion yuan,doc_43.txt_214
SEC,RELATED_TO,Gang,doc_43.txt_214
SEC,RELATED_TO,10 billion yuan,doc_43.txt_214
Gang,RELATED_TO,10 billion yuan,doc_43.txt_214
US,RELATED_TO,China,doc_43.txt_215
US,RELATED_TO,EV,doc_43.txt_215
US,RELATED_TO,China,doc_43.txt_215
China,RELATED_TO,EV,doc_43.txt_215
China,RELATED_TO,China,doc_43.txt_215
EV,RELATED_TO,China,doc_43.txt_215
Bill Russo,RELATED_TO,US,doc_43.txt_216
Bill Russo,RELATED_TO,SEC,doc_43.txt_216
Bill Russo,RELATED_TO,Chrysler,doc_43.txt_216
Bill Russo,RELATED_TO,China,doc_43.txt_216
US,RELATED_TO,SEC,doc_43.txt_216
US,RELATED_TO,Chrysler,doc_43.txt_216
US,RELATED_TO,China,doc_43.txt_216
SEC,RELATED_TO,Chrysler,doc_43.txt_216
SEC,RELATED_TO,China,doc_43.txt_216
Chrysler,RELATED_TO,China,doc_43.txt_216
up to 6.2 percent,RELATED_TO,EV,doc_43.txt_217
up to 6.2 percent,RELATED_TO,US,doc_43.txt_217
up to 6.2 percent,RELATED_TO,SEC,doc_43.txt_217
up to 6.2 percent,RELATED_TO,20 percent,doc_43.txt_217
EV,RELATED_TO,US,doc_43.txt_217
EV,RELATED_TO,SEC,doc_43.txt_217
EV,RELATED_TO,20 percent,doc_43.txt_217
US,RELATED_TO,SEC,doc_43.txt_217
US,RELATED_TO,20 percent,doc_43.txt_217
SEC,RELATED_TO,20 percent,doc_43.txt_217
EV,RELATED_TO,US,doc_43.txt_218
EV,RELATED_TO,China,doc_43.txt_218
EV,RELATED_TO,China,doc_43.txt_218
EV,RELATED_TO,tens of billions of dollars,doc_43.txt_218
US,RELATED_TO,China,doc_43.txt_218
US,RELATED_TO,China,doc_43.txt_218
US,RELATED_TO,tens of billions of dollars,doc_43.txt_218
China,RELATED_TO,China,doc_43.txt_218
China,RELATED_TO,tens of billions of dollars,doc_43.txt_218
China,RELATED_TO,tens of billions of dollars,doc_43.txt_218
China,RELATED_TO,China,doc_43.txt_219
EV,MANUFACTURES,the Center for Strategic and International Studies,doc_43.txt_220
EV,MANUFACTURES,$25 billion,doc_43.txt_220
EV,MANUFACTURES,SEC,doc_43.txt_220
EV,MANUFACTURES,China,doc_43.txt_220
the Center for Strategic and International Studies,MANUFACTURES,$25 billion,doc_43.txt_220
the Center for Strategic and International Studies,MANUFACTURES,SEC,doc_43.txt_220
the Center for Strategic and International Studies,MANUFACTURES,China,doc_43.txt_220
$25 billion,MANUFACTURES,SEC,doc_43.txt_220
$25 billion,MANUFACTURES,China,doc_43.txt_220
SEC,MANUFACTURES,China,doc_43.txt_220
$60.7 billion,RELATED_TO,$49 billion,doc_43.txt_221
$60.7 billion,RELATED_TO,EV,doc_43.txt_221
$60.7 billion,RELATED_TO,$6.74 billion,doc_43.txt_221
$60.7 billion,RELATED_TO,$30.1 billion,doc_43.txt_221
$49 billion,RELATED_TO,EV,doc_43.txt_221
$49 billion,RELATED_TO,$6.74 billion,doc_43.txt_221
$49 billion,RELATED_TO,$30.1 billion,doc_43.txt_221
EV,RELATED_TO,$6.74 billion,doc_43.txt_221
EV,RELATED_TO,$30.1 billion,doc_43.txt_221
$6.74 billion,RELATED_TO,$30.1 billion,doc_43.txt_221
CATL,MANUFACTURES,EV,doc_43.txt_222
CATL,MANUFACTURES,$6.74 billion,doc_43.txt_222
CATL,MANUFACTURES,$401 million,doc_43.txt_222
CATL,MANUFACTURES,$1.8 billion,doc_43.txt_222
EV,MANUFACTURES,$6.74 billion,doc_43.txt_222
EV,MANUFACTURES,$401 million,doc_43.txt_222
EV,MANUFACTURES,$1.8 billion,doc_43.txt_222
$6.74 billion,MANUFACTURES,$401 million,doc_43.txt_222
$6.74 billion,MANUFACTURES,$1.8 billion,doc_43.txt_222
$401 million,MANUFACTURES,$1.8 billion,doc_43.txt_222
EV,INVESTED_IN,SEC,doc_43.txt_223
EV,INVESTED_IN,the 10 percent,doc_43.txt_223
EV,INVESTED_IN,China,doc_43.txt_223
EV,INVESTED_IN,China,doc_43.txt_223
SEC,INVESTED_IN,the 10 percent,doc_43.txt_223
SEC,INVESTED_IN,China,doc_43.txt_223
SEC,INVESTED_IN,China,doc_43.txt_223
the 10 percent,INVESTED_IN,China,doc_43.txt_223
the 10 percent,INVESTED_IN,China,doc_43.txt_223
China,INVESTED_IN,China,doc_43.txt_223
SEC,RELATED_TO,87.4 percent,doc_43.txt_224
SEC,RELATED_TO,Chinese,doc_43.txt_224
SEC,RELATED_TO,$39.6 billion,doc_43.txt_224
87.4 percent,RELATED_TO,Chinese,doc_43.txt_224
87.4 percent,RELATED_TO,$39.6 billion,doc_43.txt_224
Chinese,RELATED_TO,$39.6 billion,doc_43.txt_224
EV,RELATED_TO,SEC,doc_43.txt_225
EV,RELATED_TO,China,doc_43.txt_225
EV,RELATED_TO,$230.9 billion,doc_43.txt_225
EV,RELATED_TO,China,doc_43.txt_225
SEC,RELATED_TO,China,doc_43.txt_225
SEC,RELATED_TO,$230.9 billion,doc_43.txt_225
SEC,RELATED_TO,China,doc_43.txt_225
China,RELATED_TO,$230.9 billion,doc_43.txt_225
China,RELATED_TO,China,doc_43.txt_225
$230.9 billion,RELATED_TO,China,doc_43.txt_225
US,MANUFACTURES,SEC,doc_43.txt_226
US,MANUFACTURES,EV,doc_43.txt_226
US,MANUFACTURES,Chinese,doc_43.txt_226
SEC,MANUFACTURES,EV,doc_43.txt_226
SEC,MANUFACTURES,Chinese,doc_43.txt_226
EV,MANUFACTURES,Chinese,doc_43.txt_226
The New York Times’ Bradsher,MANUFACTURES,"just $1,460",doc_43.txt_227
The New York Times’ Bradsher,MANUFACTURES,BYD,doc_43.txt_227
The New York Times’ Bradsher,MANUFACTURES,US,doc_43.txt_227
The New York Times’ Bradsher,MANUFACTURES,EPA,doc_43.txt_227
"just $1,460",MANUFACTURES,BYD,doc_43.txt_227
"just $1,460",MANUFACTURES,US,doc_43.txt_227
"just $1,460",MANUFACTURES,EPA,doc_43.txt_227
BYD,MANUFACTURES,US,doc_43.txt_227
BYD,MANUFACTURES,EPA,doc_43.txt_227
US,MANUFACTURES,EPA,doc_43.txt_227
$1.6 billion,RELATED_TO,24 percent,doc_43.txt_228
$1.6 billion,RELATED_TO,$1 billion,doc_43.txt_228
24 percent,RELATED_TO,$1 billion,doc_43.txt_228
US,RELATED_TO,EV,doc_43.txt_229
US,RELATED_TO,Chinese,doc_43.txt_229
EV,RELATED_TO,Chinese,doc_43.txt_229
EV,RELATED_TO,US,doc_43.txt_230
EV,RELATED_TO,the U.S.-China Economic and Security Review Commission,doc_43.txt_230
EV,RELATED_TO,SEC,doc_43.txt_230
EV,RELATED_TO,China,doc_43.txt_230
US,RELATED_TO,the U.S.-China Economic and Security Review Commission,doc_43.txt_230
US,RELATED_TO,SEC,doc_43.txt_230
US,RELATED_TO,China,doc_43.txt_230
the U.S.-China Economic and Security Review Commission,RELATED_TO,SEC,doc_43.txt_230
the U.S.-China Economic and Security Review Commission,RELATED_TO,China,doc_43.txt_230
SEC,RELATED_TO,China,doc_43.txt_230
US,MANUFACTURES,SEC,doc_43.txt_231
US,MANUFACTURES,Ilaria Mazzocco,doc_43.txt_231
US,MANUFACTURES,China,doc_43.txt_231
US,MANUFACTURES,China,doc_43.txt_231
SEC,MANUFACTURES,Ilaria Mazzocco,doc_43.txt_231
SEC,MANUFACTURES,China,doc_43.txt_231
SEC,MANUFACTURES,China,doc_43.txt_231
Ilaria Mazzocco,MANUFACTURES,China,doc_43.txt_231
Ilaria Mazzocco,MANUFACTURES,China,doc_43.txt_231
China,MANUFACTURES,China,doc_43.txt_231
GM,MANUFACTURES,EV,doc_43.txt_233
GM,MANUFACTURES,US,doc_43.txt_233
GM,MANUFACTURES,China,doc_43.txt_233
GM,MANUFACTURES,Chinese,doc_43.txt_233
EV,MANUFACTURES,US,doc_43.txt_233
EV,MANUFACTURES,China,doc_43.txt_233
EV,MANUFACTURES,Chinese,doc_43.txt_233
US,MANUFACTURES,China,doc_43.txt_233
US,MANUFACTURES,Chinese,doc_43.txt_233
China,MANUFACTURES,Chinese,doc_43.txt_233
South Korean,MANUFACTURES,China,doc_43.txt_234
South Korean,MANUFACTURES,China,doc_43.txt_234
South Korean,MANUFACTURES,IP,doc_43.txt_234
South Korean,MANUFACTURES,Chinese,doc_43.txt_234
China,MANUFACTURES,China,doc_43.txt_234
China,MANUFACTURES,IP,doc_43.txt_234
China,MANUFACTURES,Chinese,doc_43.txt_234
China,MANUFACTURES,IP,doc_43.txt_234
China,MANUFACTURES,Chinese,doc_43.txt_234
IP,MANUFACTURES,Chinese,doc_43.txt_234
US,RELATED_TO,China,doc_43.txt_235
US,RELATED_TO,China,doc_43.txt_235
US,RELATED_TO,Volkswagen,doc_43.txt_235
China,RELATED_TO,China,doc_43.txt_235
China,RELATED_TO,Volkswagen,doc_43.txt_235
China,RELATED_TO,Volkswagen,doc_43.txt_235
Ford,RELATED_TO,Innovation Economics: The Race for Global Advantage,doc_43.txt_236
Ford,RELATED_TO,China,doc_43.txt_236
Ford,RELATED_TO,China,doc_43.txt_236
Ford,RELATED_TO,Chinese,doc_43.txt_236
Innovation Economics: The Race for Global Advantage,RELATED_TO,China,doc_43.txt_236
Innovation Economics: The Race for Global Advantage,RELATED_TO,China,doc_43.txt_236
Innovation Economics: The Race for Global Advantage,RELATED_TO,Chinese,doc_43.txt_236
China,RELATED_TO,China,doc_43.txt_236
China,RELATED_TO,Chinese,doc_43.txt_236
China,RELATED_TO,Chinese,doc_43.txt_236
US,RELATED_TO,China,doc_43.txt_237
US,RELATED_TO,China,doc_43.txt_237
US,RELATED_TO,Chinese,doc_43.txt_237
China,RELATED_TO,China,doc_43.txt_237
China,RELATED_TO,Chinese,doc_43.txt_237
China,RELATED_TO,Chinese,doc_43.txt_237
Western,MANUFACTURES,Chinese,doc_43.txt_238
US,RELATED_TO,The New York Times,doc_43.txt_239
US,RELATED_TO,"up to $19,300",doc_43.txt_239
US,RELATED_TO,Chinese,doc_43.txt_239
US,RELATED_TO,Volt,doc_43.txt_239
The New York Times,RELATED_TO,"up to $19,300",doc_43.txt_239
The New York Times,RELATED_TO,Chinese,doc_43.txt_239
The New York Times,RELATED_TO,Volt,doc_43.txt_239
"up to $19,300",RELATED_TO,Chinese,doc_43.txt_239
"up to $19,300",RELATED_TO,Volt,doc_43.txt_239
Chinese,RELATED_TO,Volt,doc_43.txt_239
EV,MANUFACTURES,US,doc_43.txt_240
EV,MANUFACTURES,SEC,doc_43.txt_240
EV,MANUFACTURES,China,doc_43.txt_240
EV,MANUFACTURES,China,doc_43.txt_240
US,MANUFACTURES,SEC,doc_43.txt_240
US,MANUFACTURES,China,doc_43.txt_240
US,MANUFACTURES,China,doc_43.txt_240
SEC,MANUFACTURES,China,doc_43.txt_240
SEC,MANUFACTURES,China,doc_43.txt_240
China,MANUFACTURES,China,doc_43.txt_240
China,RELATED_TO,China,doc_43.txt_241
China,RELATED_TO,IP,doc_43.txt_241
China,RELATED_TO,Chinese,doc_43.txt_241
China,RELATED_TO,EV IP,doc_43.txt_241
China,RELATED_TO,IP,doc_43.txt_241
China,RELATED_TO,Chinese,doc_43.txt_241
China,RELATED_TO,EV IP,doc_43.txt_241
IP,RELATED_TO,Chinese,doc_43.txt_241
IP,RELATED_TO,EV IP,doc_43.txt_241
Chinese,RELATED_TO,EV IP,doc_43.txt_241
US,RELATED_TO,Chinese,doc_43.txt_242
US,RELATED_TO,Nicholas Eftimiades,doc_43.txt_242
Chinese,RELATED_TO,Nicholas Eftimiades,doc_43.txt_242
Christopher Wray,RELATED_TO,US,doc_43.txt_243
Christopher Wray,RELATED_TO,American,doc_43.txt_243
Christopher Wray,RELATED_TO,China,doc_43.txt_243
Christopher Wray,RELATED_TO,China,doc_43.txt_243
US,RELATED_TO,American,doc_43.txt_243
US,RELATED_TO,China,doc_43.txt_243
US,RELATED_TO,China,doc_43.txt_243
American,RELATED_TO,China,doc_43.txt_243
American,RELATED_TO,China,doc_43.txt_243
China,RELATED_TO,China,doc_43.txt_243
the National Counterintelligence and Security Center,RELATED_TO,US,doc_43.txt_244
the National Counterintelligence and Security Center,RELATED_TO,SEC,doc_43.txt_244
the National Counterintelligence and Security Center,RELATED_TO,American,doc_43.txt_244
the National Counterintelligence and Security Center,RELATED_TO,China,doc_43.txt_244
US,RELATED_TO,SEC,doc_43.txt_244
US,RELATED_TO,American,doc_43.txt_244
US,RELATED_TO,China,doc_43.txt_244
SEC,RELATED_TO,American,doc_43.txt_244
SEC,RELATED_TO,China,doc_43.txt_244
American,RELATED_TO,China,doc_43.txt_244
China,RELATED_TO,China,doc_43.txt_245
China,RELATED_TO,IP,doc_43.txt_245
China,RELATED_TO,IP,doc_43.txt_245
U.S. EV,RELATED_TO,Chinese,doc_43.txt_246
EV,MANUFACTURES,US,doc_43.txt_247
EV,MANUFACTURES,German,doc_43.txt_247
EV,MANUFACTURES,SEC,doc_43.txt_247
EV,MANUFACTURES,Canadian,doc_43.txt_247
US,MANUFACTURES,German,doc_43.txt_247
US,MANUFACTURES,SEC,doc_43.txt_247
US,MANUFACTURES,Canadian,doc_43.txt_247
German,MANUFACTURES,SEC,doc_43.txt_247
German,MANUFACTURES,Canadian,doc_43.txt_247
SEC,MANUFACTURES,Canadian,doc_43.txt_247
80 percent,RELATED_TO,more than 70 percent,doc_43.txt_248
80 percent,RELATED_TO,US,doc_43.txt_248
80 percent,RELATED_TO,China,doc_43.txt_248
80 percent,RELATED_TO,China,doc_43.txt_248
more than 70 percent,RELATED_TO,US,doc_43.txt_248
more than 70 percent,RELATED_TO,China,doc_43.txt_248
more than 70 percent,RELATED_TO,China,doc_43.txt_248
US,RELATED_TO,China,doc_43.txt_248
US,RELATED_TO,China,doc_43.txt_248
China,RELATED_TO,China,doc_43.txt_248
Geely Automobile Holdings Ltd,MANUFACTURES,EV,doc_43.txt_249
Geely Automobile Holdings Ltd,MANUFACTURES,Chinese,doc_43.txt_249
Geely Automobile Holdings Ltd,MANUFACTURES,BYD,doc_43.txt_249
EV,MANUFACTURES,Chinese,doc_43.txt_249
EV,MANUFACTURES,BYD,doc_43.txt_249
Chinese,MANUFACTURES,BYD,doc_43.txt_249
US,MANUFACTURES,MITI,doc_43.txt_250
US,MANUFACTURES,China,doc_43.txt_250
US,MANUFACTURES,China,doc_43.txt_250
US,MANUFACTURES,Chinese,doc_43.txt_250
MITI,MANUFACTURES,China,doc_43.txt_250
MITI,MANUFACTURES,China,doc_43.txt_250
MITI,MANUFACTURES,Chinese,doc_43.txt_250
China,MANUFACTURES,China,doc_43.txt_250
China,MANUFACTURES,Chinese,doc_43.txt_250
China,MANUFACTURES,Chinese,doc_43.txt_250
SEC,RELATED_TO,EV,doc_43.txt_251
SEC,RELATED_TO,Chinese,doc_43.txt_251
EV,RELATED_TO,Chinese,doc_43.txt_251
EV,MANUFACTURES,US,doc_43.txt_252
EV,MANUFACTURES,China,doc_43.txt_252
EV,MANUFACTURES,China,doc_43.txt_252
EV,MANUFACTURES,an estimated $25 billion,doc_43.txt_252
US,MANUFACTURES,China,doc_43.txt_252
US,MANUFACTURES,China,doc_43.txt_252
US,MANUFACTURES,an estimated $25 billion,doc_43.txt_252
China,MANUFACTURES,China,doc_43.txt_252
China,MANUFACTURES,an estimated $25 billion,doc_43.txt_252
China,MANUFACTURES,an estimated $25 billion,doc_43.txt_252
US,MANUFACTURES,Shanghai,doc_43.txt_253
US,MANUFACTURES,EV,doc_43.txt_253
US,MANUFACTURES,Chinese,doc_43.txt_253
Shanghai,MANUFACTURES,EV,doc_43.txt_253
Shanghai,MANUFACTURES,Chinese,doc_43.txt_253
EV,MANUFACTURES,Chinese,doc_43.txt_253
EV,RELATED_TO,China,doc_43.txt_254
EV,RELATED_TO,China,doc_43.txt_254
EV,RELATED_TO,Chinese,doc_43.txt_254
EV,RELATED_TO,1 million—51 percent,doc_43.txt_254
China,RELATED_TO,China,doc_43.txt_254
China,RELATED_TO,Chinese,doc_43.txt_254
China,RELATED_TO,1 million—51 percent,doc_43.txt_254
China,RELATED_TO,Chinese,doc_43.txt_254
China,RELATED_TO,1 million—51 percent,doc_43.txt_254
Chinese,RELATED_TO,1 million—51 percent,doc_43.txt_254
China,RELATED_TO,EV,doc_43.txt_255
China,RELATED_TO,China,doc_43.txt_255
EV,RELATED_TO,China,doc_43.txt_255
China,RELATED_TO,China,doc_43.txt_256
SEC,RELATED_TO,$18 billion,doc_43.txt_257
SEC,RELATED_TO,50 percent,doc_43.txt_257
SEC,RELATED_TO,China,doc_43.txt_257
SEC,RELATED_TO,China,doc_43.txt_257
$18 billion,RELATED_TO,50 percent,doc_43.txt_257
$18 billion,RELATED_TO,China,doc_43.txt_257
$18 billion,RELATED_TO,China,doc_43.txt_257
50 percent,RELATED_TO,China,doc_43.txt_257
50 percent,RELATED_TO,China,doc_43.txt_257
China,RELATED_TO,China,doc_43.txt_257
United States,RELATED_TO,Autopilot,doc_43.txt_258
United States,RELATED_TO,the United States,doc_43.txt_258
United States,RELATED_TO,China,doc_43.txt_258
United States,RELATED_TO,China,doc_43.txt_258
Autopilot,RELATED_TO,the United States,doc_43.txt_258
Autopilot,RELATED_TO,China,doc_43.txt_258
Autopilot,RELATED_TO,China,doc_43.txt_258
the United States,RELATED_TO,China,doc_43.txt_258
the United States,RELATED_TO,China,doc_43.txt_258
China,RELATED_TO,China,doc_43.txt_258
US,MANUFACTURES,China,doc_43.txt_259
US,MANUFACTURES,China,doc_43.txt_259
China,MANUFACTURES,China,doc_43.txt_259
US,RELATED_TO,Chinese,doc_43.txt_260
US,MANUFACTURES,SEC,doc_43.txt_261
US,MANUFACTURES,U.S,doc_43.txt_261
US,MANUFACTURES,IP,doc_43.txt_261
US,MANUFACTURES,Chinese,doc_43.txt_261
SEC,MANUFACTURES,U.S,doc_43.txt_261
SEC,MANUFACTURES,IP,doc_43.txt_261
SEC,MANUFACTURES,Chinese,doc_43.txt_261
U.S,MANUFACTURES,IP,doc_43.txt_261
U.S,MANUFACTURES,Chinese,doc_43.txt_261
IP,MANUFACTURES,Chinese,doc_43.txt_261
US,RELATED_TO,Economist,doc_43.txt_262
US,RELATED_TO,Americans,doc_43.txt_262
US,RELATED_TO,Chinese,doc_43.txt_262
US,RELATED_TO,U.S.,doc_43.txt_262
Economist,RELATED_TO,Americans,doc_43.txt_262
Economist,RELATED_TO,Chinese,doc_43.txt_262
Economist,RELATED_TO,U.S.,doc_43.txt_262
Americans,RELATED_TO,Chinese,doc_43.txt_262
Americans,RELATED_TO,U.S.,doc_43.txt_262
Chinese,RELATED_TO,U.S.,doc_43.txt_262
United States,SURPASSED,US,doc_43.txt_263
United States,SURPASSED,the United States,doc_43.txt_263
United States,SURPASSED,China,doc_43.txt_263
United States,SURPASSED,China,doc_43.txt_263
US,SURPASSED,the United States,doc_43.txt_263
US,SURPASSED,China,doc_43.txt_263
US,SURPASSED,China,doc_43.txt_263
the United States,SURPASSED,China,doc_43.txt_263
the United States,SURPASSED,China,doc_43.txt_263
China,SURPASSED,China,doc_43.txt_263
United States,SURPASSED,EV,doc_43.txt_264
United States,SURPASSED,over 4.5 million,doc_43.txt_264
United States,SURPASSED,52 percent,doc_43.txt_264
United States,SURPASSED,America,doc_43.txt_264
EV,SURPASSED,over 4.5 million,doc_43.txt_264
EV,SURPASSED,52 percent,doc_43.txt_264
EV,SURPASSED,America,doc_43.txt_264
over 4.5 million,SURPASSED,52 percent,doc_43.txt_264
over 4.5 million,SURPASSED,America,doc_43.txt_264
52 percent,SURPASSED,America,doc_43.txt_264
"up to $7,500",RELATED_TO,EV,doc_43.txt_265
"up to $7,500",RELATED_TO,EVs.[225,doc_43.txt_265
"up to $7,500",RELATED_TO,US,doc_43.txt_265
"up to $7,500",RELATED_TO,"$4,000 credit.[226",doc_43.txt_265
EV,RELATED_TO,EVs.[225,doc_43.txt_265
EV,RELATED_TO,US,doc_43.txt_265
EV,RELATED_TO,"$4,000 credit.[226",doc_43.txt_265
EVs.[225,RELATED_TO,US,doc_43.txt_265
EVs.[225,RELATED_TO,"$4,000 credit.[226",doc_43.txt_265
US,RELATED_TO,"$4,000 credit.[226",doc_43.txt_265
United States,RELATED_TO,EV,doc_43.txt_266
United States,RELATED_TO,Internal Revenue Service,doc_43.txt_266
United States,RELATED_TO,US,doc_43.txt_266
United States,RELATED_TO,EPA,doc_43.txt_266
EV,RELATED_TO,Internal Revenue Service,doc_43.txt_266
EV,RELATED_TO,US,doc_43.txt_266
EV,RELATED_TO,EPA,doc_43.txt_266
Internal Revenue Service,RELATED_TO,US,doc_43.txt_266
Internal Revenue Service,RELATED_TO,EPA,doc_43.txt_266
US,RELATED_TO,EPA,doc_43.txt_266
DOE,INVESTED_IN,US,doc_43.txt_268
DOE,INVESTED_IN,EPA,doc_43.txt_268
DOE,INVESTED_IN,an additional $32 million,doc_43.txt_268
DOE,INVESTED_IN,over $130 million,doc_43.txt_268
US,INVESTED_IN,EPA,doc_43.txt_268
US,INVESTED_IN,an additional $32 million,doc_43.txt_268
US,INVESTED_IN,over $130 million,doc_43.txt_268
EPA,INVESTED_IN,an additional $32 million,doc_43.txt_268
EPA,INVESTED_IN,over $130 million,doc_43.txt_268
an additional $32 million,INVESTED_IN,over $130 million,doc_43.txt_268
GM,MANUFACTURES,$1.7 billion,doc_43.txt_269
GM,MANUFACTURES,EV,doc_43.txt_269
GM,MANUFACTURES,US,doc_43.txt_269
GM,MANUFACTURES,Biden,doc_43.txt_269
$1.7 billion,MANUFACTURES,EV,doc_43.txt_269
$1.7 billion,MANUFACTURES,US,doc_43.txt_269
$1.7 billion,MANUFACTURES,Biden,doc_43.txt_269
EV,MANUFACTURES,US,doc_43.txt_269
EV,MANUFACTURES,Biden,doc_43.txt_269
US,MANUFACTURES,Biden,doc_43.txt_269
United States,RELATED_TO,an additional 2.5 percent,doc_43.txt_270
United States,RELATED_TO,10 percent,doc_43.txt_270
United States,RELATED_TO,Biden,doc_43.txt_270
United States,RELATED_TO,17.4 percent,doc_43.txt_270
an additional 2.5 percent,RELATED_TO,10 percent,doc_43.txt_270
an additional 2.5 percent,RELATED_TO,Biden,doc_43.txt_270
an additional 2.5 percent,RELATED_TO,17.4 percent,doc_43.txt_270
10 percent,RELATED_TO,Biden,doc_43.txt_270
10 percent,RELATED_TO,17.4 percent,doc_43.txt_270
Biden,RELATED_TO,17.4 percent,doc_43.txt_270
US,RELATED_TO,"7,500",doc_43.txt_271
US,RELATED_TO,Chinese,doc_43.txt_271
"7,500",RELATED_TO,Chinese,doc_43.txt_271
RD&D,MANUFACTURES,U.S,doc_43.txt_275
RD&D,MANUFACTURES,less than $250,doc_43.txt_275
U.S,MANUFACTURES,less than $250,doc_43.txt_275
EV,RELATED_TO,DOE,doc_43.txt_276
EV,RELATED_TO,US,doc_43.txt_276
EV,RELATED_TO,less than $200,doc_43.txt_276
EV,RELATED_TO,China,doc_43.txt_276
DOE,RELATED_TO,US,doc_43.txt_276
DOE,RELATED_TO,less than $200,doc_43.txt_276
DOE,RELATED_TO,China,doc_43.txt_276
US,RELATED_TO,less than $200,doc_43.txt_276
US,RELATED_TO,China,doc_43.txt_276
less than $200,RELATED_TO,China,doc_43.txt_276
Manufacturing USA,RELATED_TO,United States,doc_43.txt_277
Manufacturing USA,RELATED_TO,EV,doc_43.txt_277
Manufacturing USA,RELATED_TO,US,doc_43.txt_277
Manufacturing USA,RELATED_TO,SEC,doc_43.txt_277
United States,RELATED_TO,EV,doc_43.txt_277
United States,RELATED_TO,US,doc_43.txt_277
United States,RELATED_TO,SEC,doc_43.txt_277
EV,RELATED_TO,US,doc_43.txt_277
EV,RELATED_TO,SEC,doc_43.txt_277
US,RELATED_TO,SEC,doc_43.txt_277
DOE,RELATED_TO,SEC,doc_43.txt_278
DOE,RELATED_TO,EV,doc_43.txt_278
DOE,RELATED_TO,US,doc_43.txt_278
SEC,RELATED_TO,EV,doc_43.txt_278
SEC,RELATED_TO,US,doc_43.txt_278
EV,RELATED_TO,US,doc_43.txt_278
American,RELATED_TO,EV,doc_43.txt_279
American,RELATED_TO,U.S,doc_43.txt_279
EV,RELATED_TO,U.S,doc_43.txt_279
EV,INVESTED_IN,U.S.,doc_43.txt_280
AliExpress,RELATED_TO,Hisense,doc_43.txt_281
AliExpress,RELATED_TO,BYD,doc_43.txt_281
AliExpress,RELATED_TO,Alipay+,doc_43.txt_281
AliExpress,RELATED_TO,Europe,doc_43.txt_281
Hisense,RELATED_TO,BYD,doc_43.txt_281
Hisense,RELATED_TO,Alipay+,doc_43.txt_281
Hisense,RELATED_TO,Europe,doc_43.txt_281
BYD,RELATED_TO,Alipay+,doc_43.txt_281
BYD,RELATED_TO,Europe,doc_43.txt_281
Alipay+,RELATED_TO,Europe,doc_43.txt_281
BYD,RELATED_TO,US,doc_43.txt_282
BYD,RELATED_TO,German,doc_43.txt_282
BYD,RELATED_TO,Volkswagen,doc_43.txt_282
BYD,RELATED_TO,Europe,doc_43.txt_282
US,RELATED_TO,German,doc_43.txt_282
US,RELATED_TO,Volkswagen,doc_43.txt_282
US,RELATED_TO,Europe,doc_43.txt_282
German,RELATED_TO,Volkswagen,doc_43.txt_282
German,RELATED_TO,Europe,doc_43.txt_282
Volkswagen,RELATED_TO,Europe,doc_43.txt_282
DOE,MANUFACTURES,Europe,doc_43.txt_283
DOE,MANUFACTURES,American,doc_43.txt_283
DOE,MANUFACTURES,China,doc_43.txt_283
DOE,MANUFACTURES,China,doc_43.txt_283
Europe,MANUFACTURES,American,doc_43.txt_283
Europe,MANUFACTURES,China,doc_43.txt_283
Europe,MANUFACTURES,China,doc_43.txt_283
American,MANUFACTURES,China,doc_43.txt_283
American,MANUFACTURES,China,doc_43.txt_283
China,MANUFACTURES,China,doc_43.txt_283
WTO,COMPETES_WITH,the World Trade Organization,doc_43.txt_284
WTO,COMPETES_WITH,China,doc_43.txt_284
WTO,COMPETES_WITH,China,doc_43.txt_284
WTO,COMPETES_WITH,UnionPay,doc_43.txt_284
the World Trade Organization,COMPETES_WITH,China,doc_43.txt_284
the World Trade Organization,COMPETES_WITH,China,doc_43.txt_284
the World Trade Organization,COMPETES_WITH,UnionPay,doc_43.txt_284
China,COMPETES_WITH,China,doc_43.txt_284
China,COMPETES_WITH,UnionPay,doc_43.txt_284
China,COMPETES_WITH,UnionPay,doc_43.txt_284
United States,RELATED_TO,US,doc_43.txt_285
United States,RELATED_TO,Europe,doc_43.txt_285
United States,RELATED_TO,the United States,doc_43.txt_285
United States,RELATED_TO,American,doc_43.txt_285
US,RELATED_TO,Europe,doc_43.txt_285
US,RELATED_TO,the United States,doc_43.txt_285
US,RELATED_TO,American,doc_43.txt_285
Europe,RELATED_TO,the United States,doc_43.txt_285
Europe,RELATED_TO,American,doc_43.txt_285
the United States,RELATED_TO,American,doc_43.txt_285
EV,RELATED_TO,US,doc_43.txt_286
EV,RELATED_TO,SEC,doc_43.txt_286
EV,RELATED_TO,U.S,doc_43.txt_286
EV,RELATED_TO,China,doc_43.txt_286
US,RELATED_TO,SEC,doc_43.txt_286
US,RELATED_TO,U.S,doc_43.txt_286
US,RELATED_TO,China,doc_43.txt_286
SEC,RELATED_TO,U.S,doc_43.txt_286
SEC,RELATED_TO,China,doc_43.txt_286
U.S,RELATED_TO,China,doc_43.txt_286
United States,RELATED_TO,EV,doc_43.txt_287
United States,RELATED_TO,US,doc_43.txt_287
United States,RELATED_TO,SEC,doc_43.txt_287
United States,RELATED_TO,the United States Trade Representative,doc_43.txt_287
EV,RELATED_TO,US,doc_43.txt_287
EV,RELATED_TO,SEC,doc_43.txt_287
EV,RELATED_TO,the United States Trade Representative,doc_43.txt_287
US,RELATED_TO,SEC,doc_43.txt_287
US,RELATED_TO,the United States Trade Representative,doc_43.txt_287
SEC,RELATED_TO,the United States Trade Representative,doc_43.txt_287
IP,MANUFACTURES,U.S,doc_43.txt_288
IP,MANUFACTURES,SEC,doc_43.txt_288
IP,MANUFACTURES,U.S.,doc_43.txt_288
U.S,MANUFACTURES,SEC,doc_43.txt_288
U.S,MANUFACTURES,U.S.,doc_43.txt_288
SEC,MANUFACTURES,U.S.,doc_43.txt_288
IP,MANUFACTURES,U.S.,doc_43.txt_289
Trump,RELATED_TO,Mexico,doc_43.txt_290
Trump,RELATED_TO,United States,doc_43.txt_290
Trump,RELATED_TO,US,doc_43.txt_290
Trump,RELATED_TO,U.S,doc_43.txt_290
Mexico,RELATED_TO,United States,doc_43.txt_290
Mexico,RELATED_TO,US,doc_43.txt_290
Mexico,RELATED_TO,U.S,doc_43.txt_290
United States,RELATED_TO,US,doc_43.txt_290
United States,RELATED_TO,U.S,doc_43.txt_290
US,RELATED_TO,U.S,doc_43.txt_290
Mexico,RELATED_TO,US,doc_43.txt_291
Mexico,RELATED_TO,U.S,doc_43.txt_291
Mexico,RELATED_TO,China,doc_43.txt_291
Mexico,RELATED_TO,China,doc_43.txt_291
US,RELATED_TO,U.S,doc_43.txt_291
US,RELATED_TO,China,doc_43.txt_291
US,RELATED_TO,China,doc_43.txt_291
U.S,RELATED_TO,China,doc_43.txt_291
U.S,RELATED_TO,China,doc_43.txt_291
China,RELATED_TO,China,doc_43.txt_291
US,MANUFACTURES,IP,doc_43.txt_292
US,MANUFACTURES,100 percent,doc_43.txt_292
US,MANUFACTURES,Chinese,doc_43.txt_292
IP,MANUFACTURES,100 percent,doc_43.txt_292
IP,MANUFACTURES,Chinese,doc_43.txt_292
100 percent,MANUFACTURES,Chinese,doc_43.txt_292
United States,MANUFACTURES,EV,doc_43.txt_293
United States,MANUFACTURES,US,doc_43.txt_293
United States,MANUFACTURES,China,doc_43.txt_293
United States,MANUFACTURES,China,doc_43.txt_293
EV,MANUFACTURES,US,doc_43.txt_293
EV,MANUFACTURES,China,doc_43.txt_293
EV,MANUFACTURES,China,doc_43.txt_293
US,MANUFACTURES,China,doc_43.txt_293
US,MANUFACTURES,China,doc_43.txt_293
China,MANUFACTURES,China,doc_43.txt_293
SEC,PARTNERS_WITH,the European Union,doc_43.txt_294
SEC,PARTNERS_WITH,Europe,doc_43.txt_294
SEC,PARTNERS_WITH,EU,doc_43.txt_294
SEC,PARTNERS_WITH,MSP,doc_43.txt_294
the European Union,PARTNERS_WITH,Europe,doc_43.txt_294
the European Union,PARTNERS_WITH,EU,doc_43.txt_294
the European Union,PARTNERS_WITH,MSP,doc_43.txt_294
Europe,PARTNERS_WITH,EU,doc_43.txt_294
Europe,PARTNERS_WITH,MSP,doc_43.txt_294
EU,PARTNERS_WITH,MSP,doc_43.txt_294
as much as 18 percent,RELATED_TO,17 percent,doc_43.txt_296
EV,SURPASSED,US,doc_43.txt_297
EV,SURPASSED,26.8 billion,doc_43.txt_297
EV,SURPASSED,China,doc_43.txt_297
EV,SURPASSED,China,doc_43.txt_297
US,SURPASSED,26.8 billion,doc_43.txt_297
US,SURPASSED,China,doc_43.txt_297
US,SURPASSED,China,doc_43.txt_297
26.8 billion,SURPASSED,China,doc_43.txt_297
26.8 billion,SURPASSED,China,doc_43.txt_297
China,SURPASSED,China,doc_43.txt_297
EV,RELATED_TO,BYD,doc_43.txt_298
EV,RELATED_TO,US,doc_43.txt_298
EV,RELATED_TO,Xiaomi,doc_43.txt_298
EV,RELATED_TO,BMW,doc_43.txt_298
BYD,RELATED_TO,US,doc_43.txt_298
BYD,RELATED_TO,Xiaomi,doc_43.txt_298
BYD,RELATED_TO,BMW,doc_43.txt_298
US,RELATED_TO,Xiaomi,doc_43.txt_298
US,RELATED_TO,BMW,doc_43.txt_298
Xiaomi,RELATED_TO,BMW,doc_43.txt_298
the United States,RELATED_TO,United States,doc_43.txt_299
the United States,RELATED_TO,EV,doc_43.txt_299
the United States,RELATED_TO,Chinese,doc_43.txt_299
United States,RELATED_TO,EV,doc_43.txt_299
United States,RELATED_TO,Chinese,doc_43.txt_299
EV,RELATED_TO,Chinese,doc_43.txt_299
GM,RELATED_TO,the Smith Richardson Foundation,doc_43.txt_300
GM,RELATED_TO,Robert Atkisnon,doc_43.txt_300
GM,RELATED_TO,Leah Kann,doc_43.txt_300
GM,RELATED_TO,Meghan Ostertag,doc_43.txt_300
the Smith Richardson Foundation,RELATED_TO,Robert Atkisnon,doc_43.txt_300
the Smith Richardson Foundation,RELATED_TO,Leah Kann,doc_43.txt_300
the Smith Richardson Foundation,RELATED_TO,Meghan Ostertag,doc_43.txt_300
Robert Atkisnon,RELATED_TO,Leah Kann,doc_43.txt_300
Robert Atkisnon,RELATED_TO,Meghan Ostertag,doc_43.txt_300
Leah Kann,RELATED_TO,Meghan Ostertag,doc_43.txt_300
Stephen Ezell,RELATED_TO,the Global Trade and Innovation Policy Alliance,doc_43.txt_301
Stephen Ezell,RELATED_TO,the Information Technology and Innovation Foundation,doc_43.txt_301
Stephen Ezell,RELATED_TO,ITIF’s Center for Life Sciences Innovation,doc_43.txt_301
the Global Trade and Innovation Policy Alliance,RELATED_TO,the Information Technology and Innovation Foundation,doc_43.txt_301
the Global Trade and Innovation Policy Alliance,RELATED_TO,ITIF’s Center for Life Sciences Innovation,doc_43.txt_301
the Information Technology and Innovation Foundation,RELATED_TO,ITIF’s Center for Life Sciences Innovation,doc_43.txt_301
EV,RELATED_TO,Mark J. Greeven,doc_43.txt_303
EV,RELATED_TO,China,doc_43.txt_303
EV,RELATED_TO,China,doc_43.txt_303
EV,RELATED_TO,Yueyuan Selina Xue,doc_43.txt_303
Mark J. Greeven,RELATED_TO,China,doc_43.txt_303
Mark J. Greeven,RELATED_TO,China,doc_43.txt_303
Mark J. Greeven,RELATED_TO,Yueyuan Selina Xue,doc_43.txt_303
China,RELATED_TO,China,doc_43.txt_303
China,RELATED_TO,Yueyuan Selina Xue,doc_43.txt_303
China,RELATED_TO,Yueyuan Selina Xue,doc_43.txt_303
CNN,MANUFACTURES,US,doc_43.txt_304
CNN,MANUFACTURES,Laura He,doc_43.txt_304
CNN,MANUFACTURES,Tim Levin,doc_43.txt_304
CNN,MANUFACTURES,China,doc_43.txt_304
US,MANUFACTURES,Laura He,doc_43.txt_304
US,MANUFACTURES,Tim Levin,doc_43.txt_304
US,MANUFACTURES,China,doc_43.txt_304
Laura He,MANUFACTURES,Tim Levin,doc_43.txt_304
Laura He,MANUFACTURES,China,doc_43.txt_304
Tim Levin,MANUFACTURES,China,doc_43.txt_304
EV,RELATED_TO,Abdul Latif Jameel,doc_43.txt_305
EV,RELATED_TO,US,doc_43.txt_305
EV,RELATED_TO,China,doc_43.txt_305
EV,RELATED_TO,China,doc_43.txt_305
Abdul Latif Jameel,RELATED_TO,US,doc_43.txt_305
Abdul Latif Jameel,RELATED_TO,China,doc_43.txt_305
Abdul Latif Jameel,RELATED_TO,China,doc_43.txt_305
US,RELATED_TO,China,doc_43.txt_305
US,RELATED_TO,China,doc_43.txt_305
China,RELATED_TO,China,doc_43.txt_305
US,RELATED_TO,China,doc_43.txt_306
US,RELATED_TO,The Wall Street Journal,doc_43.txt_306
US,RELATED_TO,China,doc_43.txt_306
US,RELATED_TO,Scott Kennedy,doc_43.txt_306
China,RELATED_TO,The Wall Street Journal,doc_43.txt_306
China,RELATED_TO,China,doc_43.txt_306
China,RELATED_TO,Scott Kennedy,doc_43.txt_306
The Wall Street Journal,RELATED_TO,China,doc_43.txt_306
The Wall Street Journal,RELATED_TO,Scott Kennedy,doc_43.txt_306
China,RELATED_TO,Scott Kennedy,doc_43.txt_306
Australian,RELATED_TO,US,doc_43.txt_307
Australian,RELATED_TO,Jamie Gaida,doc_43.txt_307
Australian,RELATED_TO,Carlton Reid,doc_43.txt_307
Australian,RELATED_TO,China,doc_43.txt_307
US,RELATED_TO,Jamie Gaida,doc_43.txt_307
US,RELATED_TO,Carlton Reid,doc_43.txt_307
US,RELATED_TO,China,doc_43.txt_307
Jamie Gaida,RELATED_TO,Carlton Reid,doc_43.txt_307
Jamie Gaida,RELATED_TO,China,doc_43.txt_307
Carlton Reid,RELATED_TO,China,doc_43.txt_307
Benzinga,RELATED_TO,Trigger,doc_43.txt_308
Benzinga,RELATED_TO,"US Auto Industry, Report Warns",doc_43.txt_308
Benzinga,RELATED_TO,Extinction-Level Event',doc_43.txt_308
Benzinga,RELATED_TO,US,doc_43.txt_308
Trigger,RELATED_TO,"US Auto Industry, Report Warns",doc_43.txt_308
Trigger,RELATED_TO,Extinction-Level Event',doc_43.txt_308
Trigger,RELATED_TO,US,doc_43.txt_308
"US Auto Industry, Report Warns",RELATED_TO,Extinction-Level Event',doc_43.txt_308
"US Auto Industry, Report Warns",RELATED_TO,US,doc_43.txt_308
Extinction-Level Event',RELATED_TO,US,doc_43.txt_308
United States,RELATED_TO,Lose Its Biopharma Industry,doc_43.txt_309
United States,RELATED_TO,US,doc_43.txt_309
United States,RELATED_TO,Ford,doc_43.txt_309
United States,RELATED_TO,Natural Resources Defense Council,doc_43.txt_309
Lose Its Biopharma Industry,RELATED_TO,US,doc_43.txt_309
Lose Its Biopharma Industry,RELATED_TO,Ford,doc_43.txt_309
Lose Its Biopharma Industry,RELATED_TO,Natural Resources Defense Council,doc_43.txt_309
US,RELATED_TO,Ford,doc_43.txt_309
US,RELATED_TO,Natural Resources Defense Council,doc_43.txt_309
Ford,RELATED_TO,Natural Resources Defense Council,doc_43.txt_309
U.S. Department of Energy,RELATED_TO,EPA,doc_43.txt_310
Engineering News,RELATED_TO,GM,doc_43.txt_311
Engineering News,RELATED_TO,US,doc_43.txt_311
Engineering News,RELATED_TO,CATL,doc_43.txt_311
Engineering News,RELATED_TO,US,doc_43.txt_311
GM,RELATED_TO,US,doc_43.txt_311
GM,RELATED_TO,CATL,doc_43.txt_311
GM,RELATED_TO,US,doc_43.txt_311
US,RELATED_TO,CATL,doc_43.txt_311
US,RELATED_TO,US,doc_43.txt_311
CATL,RELATED_TO,US,doc_43.txt_311
US,RELATED_TO,China,doc_43.txt_312
US,RELATED_TO,https://www.trendforce.com/news/2024/04/17/insights-chinas-position-in-ev-battery-market-to-be-shaken-as-the-mass-production-race-of-all-solid-state-battery-industry-speeds-up/.,doc_43.txt_312
US,RELATED_TO,the Mass Production Race,doc_43.txt_312
China,RELATED_TO,https://www.trendforce.com/news/2024/04/17/insights-chinas-position-in-ev-battery-market-to-be-shaken-as-the-mass-production-race-of-all-solid-state-battery-industry-speeds-up/.,doc_43.txt_312
China,RELATED_TO,the Mass Production Race,doc_43.txt_312
https://www.trendforce.com/news/2024/04/17/insights-chinas-position-in-ev-battery-market-to-be-shaken-as-the-mass-production-race-of-all-solid-state-battery-industry-speeds-up/.,RELATED_TO,the Mass Production Race,doc_43.txt_312
E&E News,RELATED_TO,GM,doc_43.txt_313
E&E News,RELATED_TO,David Ferris,doc_43.txt_313
GM,RELATED_TO,David Ferris,doc_43.txt_313
United States,MANUFACTURES,State,doc_43.txt_314
United States,MANUFACTURES,Kim Hill,doc_43.txt_314
United States,MANUFACTURES,US,doc_43.txt_314
United States,MANUFACTURES,Adam Cooper,doc_43.txt_314
State,MANUFACTURES,Kim Hill,doc_43.txt_314
State,MANUFACTURES,US,doc_43.txt_314
State,MANUFACTURES,Adam Cooper,doc_43.txt_314
Kim Hill,MANUFACTURES,US,doc_43.txt_314
Kim Hill,MANUFACTURES,Adam Cooper,doc_43.txt_314
US,MANUFACTURES,Adam Cooper,doc_43.txt_314
the U.S. Economy,RELATED_TO,Mathilde Carlier,doc_43.txt_315
the U.S. Economy,RELATED_TO,US,doc_43.txt_315
the U.S. Economy,RELATED_TO,Statista,doc_43.txt_315
Mathilde Carlier,RELATED_TO,US,doc_43.txt_315
Mathilde Carlier,RELATED_TO,Statista,doc_43.txt_315
US,RELATED_TO,Statista,doc_43.txt_315
US,RELATED_TO,EV,doc_43.txt_316
US,RELATED_TO,US,doc_43.txt_316
US,RELATED_TO,PHEV,doc_43.txt_316
US,RELATED_TO,HEV,doc_43.txt_316
EV,RELATED_TO,US,doc_43.txt_316
EV,RELATED_TO,PHEV,doc_43.txt_316
EV,RELATED_TO,HEV,doc_43.txt_316
US,RELATED_TO,PHEV,doc_43.txt_316
US,RELATED_TO,HEV,doc_43.txt_316
PHEV,RELATED_TO,HEV,doc_43.txt_316
US,RELATED_TO,EV,doc_43.txt_317
US,RELATED_TO,Dwayne Oxford,doc_43.txt_317
US,RELATED_TO,China EV,doc_43.txt_317
US,RELATED_TO,US,doc_43.txt_317
EV,RELATED_TO,Dwayne Oxford,doc_43.txt_317
EV,RELATED_TO,China EV,doc_43.txt_317
EV,RELATED_TO,US,doc_43.txt_317
Dwayne Oxford,RELATED_TO,China EV,doc_43.txt_317
Dwayne Oxford,RELATED_TO,US,doc_43.txt_317
China EV,RELATED_TO,US,doc_43.txt_317
EV,RELATED_TO,BYD,doc_43.txt_318
EV,RELATED_TO,World,doc_43.txt_318
EV,RELATED_TO,TrendForce,doc_43.txt_318
EV,RELATED_TO,Crown,doc_43.txt_318
BYD,RELATED_TO,World,doc_43.txt_318
BYD,RELATED_TO,TrendForce,doc_43.txt_318
BYD,RELATED_TO,Crown,doc_43.txt_318
World,RELATED_TO,TrendForce,doc_43.txt_318
World,RELATED_TO,Crown,doc_43.txt_318
TrendForce,RELATED_TO,Crown,doc_43.txt_318
Beat,SURPASSED,Hybrids Growth,doc_43.txt_319
Beat,SURPASSED,Decline,doc_43.txt_319
Hybrids Growth,SURPASSED,Decline,doc_43.txt_319
Marcus Lu,RELATED_TO,BYD,doc_43.txt_320
Marcus Lu,RELATED_TO,Market Share,doc_43.txt_320
Marcus Lu,RELATED_TO,Visual Capitalist,doc_43.txt_320
Marcus Lu,RELATED_TO,US,doc_43.txt_320
BYD,RELATED_TO,Market Share,doc_43.txt_320
BYD,RELATED_TO,Visual Capitalist,doc_43.txt_320
BYD,RELATED_TO,US,doc_43.txt_320
Market Share,RELATED_TO,Visual Capitalist,doc_43.txt_320
Market Share,RELATED_TO,US,doc_43.txt_320
Visual Capitalist,RELATED_TO,US,doc_43.txt_320
2.1%,MANUFACTURES,BYD,doc_43.txt_321
2.1%,MANUFACTURES,China,doc_43.txt_321
2.1%,MANUFACTURES,China,doc_43.txt_321
2.1%,MANUFACTURES,Tesla,doc_43.txt_321
BYD,MANUFACTURES,China,doc_43.txt_321
BYD,MANUFACTURES,China,doc_43.txt_321
BYD,MANUFACTURES,Tesla,doc_43.txt_321
China,MANUFACTURES,China,doc_43.txt_321
China,MANUFACTURES,Tesla,doc_43.txt_321
China,MANUFACTURES,Tesla,doc_43.txt_321
the Mass Production Race,RELATED_TO,US,doc_43.txt_322
the Mass Production Race,RELATED_TO,China,doc_43.txt_322
the Mass Production Race,RELATED_TO,China,doc_43.txt_322
the Mass Production Race,RELATED_TO,https://www.trendforce.com/news/2024/04/17/insights-chinas-position-in-ev-battery-market-to-be-shaken-as-the-mass-production-race-of-all-solid-state-battery-industry-speeds-up/.,doc_43.txt_322
US,RELATED_TO,China,doc_43.txt_322
US,RELATED_TO,China,doc_43.txt_322
US,RELATED_TO,https://www.trendforce.com/news/2024/04/17/insights-chinas-position-in-ev-battery-market-to-be-shaken-as-the-mass-production-race-of-all-solid-state-battery-industry-speeds-up/.,doc_43.txt_322
China,RELATED_TO,China,doc_43.txt_322
China,RELATED_TO,https://www.trendforce.com/news/2024/04/17/insights-chinas-position-in-ev-battery-market-to-be-shaken-as-the-mass-production-race-of-all-solid-state-battery-industry-speeds-up/.,doc_43.txt_322
China,RELATED_TO,https://www.trendforce.com/news/2024/04/17/insights-chinas-position-in-ev-battery-market-to-be-shaken-as-the-mass-production-race-of-all-solid-state-battery-industry-speeds-up/.,doc_43.txt_322
International Energy Agency,RELATED_TO,US,doc_43.txt_323
International Energy Agency,RELATED_TO,U.S. Expansion,doc_43.txt_323
International Energy Agency,RELATED_TO,Rachel Liang,doc_43.txt_323
International Energy Agency,RELATED_TO,China,doc_43.txt_323
US,RELATED_TO,U.S. Expansion,doc_43.txt_323
US,RELATED_TO,Rachel Liang,doc_43.txt_323
US,RELATED_TO,China,doc_43.txt_323
U.S. Expansion,RELATED_TO,Rachel Liang,doc_43.txt_323
U.S. Expansion,RELATED_TO,China,doc_43.txt_323
Rachel Liang,RELATED_TO,China,doc_43.txt_323
the Mass Production Race,RELATED_TO,US,doc_43.txt_324
the Mass Production Race,RELATED_TO,National Science Foundation,doc_43.txt_324
the Mass Production Race,RELATED_TO,Technology-Intensive Industries,doc_43.txt_324
the Mass Production Race,RELATED_TO,China,doc_43.txt_324
US,RELATED_TO,National Science Foundation,doc_43.txt_324
US,RELATED_TO,Technology-Intensive Industries,doc_43.txt_324
US,RELATED_TO,China,doc_43.txt_324
National Science Foundation,RELATED_TO,Technology-Intensive Industries,doc_43.txt_324
National Science Foundation,RELATED_TO,China,doc_43.txt_324
Technology-Intensive Industries,RELATED_TO,China,doc_43.txt_324
US,RELATED_TO,US,doc_43.txt_325
US,RELATED_TO,Joseph Webster,doc_43.txt_325
US,RELATED_TO,The New York Times,doc_43.txt_325
US,RELATED_TO,EU,doc_43.txt_325
US,RELATED_TO,Joseph Webster,doc_43.txt_325
US,RELATED_TO,The New York Times,doc_43.txt_325
US,RELATED_TO,EU,doc_43.txt_325
Joseph Webster,RELATED_TO,The New York Times,doc_43.txt_325
Joseph Webster,RELATED_TO,EU,doc_43.txt_325
The New York Times,RELATED_TO,EU,doc_43.txt_325
US,MANUFACTURES,The New York Times,doc_43.txt_326
US,MANUFACTURES,China,doc_43.txt_326
US,MANUFACTURES,China,doc_43.txt_326
US,MANUFACTURES,https://www.nytimes.com/2023/10/05/business/nio-china-electric-vehicles.html,doc_43.txt_326
The New York Times,MANUFACTURES,China,doc_43.txt_326
The New York Times,MANUFACTURES,China,doc_43.txt_326
The New York Times,MANUFACTURES,https://www.nytimes.com/2023/10/05/business/nio-china-electric-vehicles.html,doc_43.txt_326
China,MANUFACTURES,China,doc_43.txt_326
China,MANUFACTURES,https://www.nytimes.com/2023/10/05/business/nio-china-electric-vehicles.html,doc_43.txt_326
China,MANUFACTURES,https://www.nytimes.com/2023/10/05/business/nio-china-electric-vehicles.html,doc_43.txt_326
Institut Montaigne,RELATED_TO,US,doc_43.txt_327
Institut Montaigne,RELATED_TO,François Godement,doc_43.txt_327
Institut Montaigne,RELATED_TO,Europe,doc_43.txt_327
Institut Montaigne,RELATED_TO,The New York Times,doc_43.txt_327
US,RELATED_TO,François Godement,doc_43.txt_327
US,RELATED_TO,Europe,doc_43.txt_327
US,RELATED_TO,The New York Times,doc_43.txt_327
François Godement,RELATED_TO,Europe,doc_43.txt_327
François Godement,RELATED_TO,The New York Times,doc_43.txt_327
Europe,RELATED_TO,The New York Times,doc_43.txt_327
EV,RELATED_TO,BYD,doc_43.txt_328
EV,RELATED_TO,China,doc_43.txt_328
EV,RELATED_TO,China,doc_43.txt_328
EV,RELATED_TO,Chinese,doc_43.txt_328
BYD,RELATED_TO,China,doc_43.txt_328
BYD,RELATED_TO,China,doc_43.txt_328
BYD,RELATED_TO,Chinese,doc_43.txt_328
China,RELATED_TO,China,doc_43.txt_328
China,RELATED_TO,Chinese,doc_43.txt_328
China,RELATED_TO,Chinese,doc_43.txt_328
BYD,RELATED_TO,Maiden Voyage,doc_43.txt_329
BYD,RELATED_TO,China,doc_43.txt_329
BYD,RELATED_TO,China,doc_43.txt_329
BYD,RELATED_TO,Elena Luchian,doc_43.txt_329
Maiden Voyage,RELATED_TO,China,doc_43.txt_329
Maiden Voyage,RELATED_TO,China,doc_43.txt_329
Maiden Voyage,RELATED_TO,Elena Luchian,doc_43.txt_329
China,RELATED_TO,China,doc_43.txt_329
China,RELATED_TO,Elena Luchian,doc_43.txt_329
China,RELATED_TO,Elena Luchian,doc_43.txt_329
Roland Irle,RELATED_TO,The Observatory of Economic Complexity,doc_43.txt_330
Roland Irle,RELATED_TO,EV Volumes,doc_43.txt_330
Roland Irle,RELATED_TO,Andrew Batson,doc_43.txt_330
Roland Irle,RELATED_TO,China,doc_43.txt_330
The Observatory of Economic Complexity,RELATED_TO,EV Volumes,doc_43.txt_330
The Observatory of Economic Complexity,RELATED_TO,Andrew Batson,doc_43.txt_330
The Observatory of Economic Complexity,RELATED_TO,China,doc_43.txt_330
EV Volumes,RELATED_TO,Andrew Batson,doc_43.txt_330
EV Volumes,RELATED_TO,China,doc_43.txt_330
Andrew Batson,RELATED_TO,China,doc_43.txt_330
US,RELATED_TO,Europe,doc_43.txt_331
US,RELATED_TO,https://www.thewirechina.com/2024/05/19/the-great-ev-glut-european-union-electric-vehicle-china-chinese-electric-vehicles-evs-eu/.,doc_43.txt_331
US,RELATED_TO,UN Comtrade Database,doc_43.txt_331
US,RELATED_TO,China,doc_43.txt_331
Europe,RELATED_TO,https://www.thewirechina.com/2024/05/19/the-great-ev-glut-european-union-electric-vehicle-china-chinese-electric-vehicles-evs-eu/.,doc_43.txt_331
Europe,RELATED_TO,UN Comtrade Database,doc_43.txt_331
Europe,RELATED_TO,China,doc_43.txt_331
https://www.thewirechina.com/2024/05/19/the-great-ev-glut-european-union-electric-vehicle-china-chinese-electric-vehicles-evs-eu/.,RELATED_TO,UN Comtrade Database,doc_43.txt_331
https://www.thewirechina.com/2024/05/19/the-great-ev-glut-european-union-electric-vehicle-china-chinese-electric-vehicles-evs-eu/.,RELATED_TO,China,doc_43.txt_331
UN Comtrade Database,RELATED_TO,China,doc_43.txt_331
California Management Review,RELATED_TO,Oxford,doc_43.txt_332
California Management Review,RELATED_TO,The Ten Types of Innovation (Hoboken,doc_43.txt_332
California Management Review,RELATED_TO,Larry Keeley,doc_43.txt_332
California Management Review,RELATED_TO,Ford,doc_43.txt_332
Oxford,RELATED_TO,The Ten Types of Innovation (Hoboken,doc_43.txt_332
Oxford,RELATED_TO,Larry Keeley,doc_43.txt_332
Oxford,RELATED_TO,Ford,doc_43.txt_332
The Ten Types of Innovation (Hoboken,RELATED_TO,Larry Keeley,doc_43.txt_332
The Ten Types of Innovation (Hoboken,RELATED_TO,Ford,doc_43.txt_332
Larry Keeley,RELATED_TO,Ford,doc_43.txt_332
SEC,RELATED_TO,EPA,doc_43.txt_333
SEC,RELATED_TO,Casey Crownhart,doc_43.txt_333
SEC,RELATED_TO,China,doc_43.txt_333
SEC,RELATED_TO,Zeyi Yang,doc_43.txt_333
EPA,RELATED_TO,Casey Crownhart,doc_43.txt_333
EPA,RELATED_TO,China,doc_43.txt_333
EPA,RELATED_TO,Zeyi Yang,doc_43.txt_333
Casey Crownhart,RELATED_TO,China,doc_43.txt_333
Casey Crownhart,RELATED_TO,Zeyi Yang,doc_43.txt_333
China,RELATED_TO,Zeyi Yang,doc_43.txt_333
Yang,RELATED_TO,US,doc_43.txt_334
Yang,RELATED_TO,China,doc_43.txt_334
Yang,RELATED_TO,Zeyi Yang,doc_43.txt_334
Yang,RELATED_TO,China,doc_43.txt_334
US,RELATED_TO,China,doc_43.txt_334
US,RELATED_TO,Zeyi Yang,doc_43.txt_334
US,RELATED_TO,China,doc_43.txt_334
China,RELATED_TO,Zeyi Yang,doc_43.txt_334
China,RELATED_TO,China,doc_43.txt_334
Zeyi Yang,RELATED_TO,China,doc_43.txt_334
GM,RELATED_TO,CATL,doc_43.txt_335
GM,RELATED_TO,Ford Taps Michigan For New Battery Plant,doc_43.txt_335
GM,RELATED_TO,US,doc_43.txt_335
GM,RELATED_TO,Ford,doc_43.txt_335
CATL,RELATED_TO,Ford Taps Michigan For New Battery Plant,doc_43.txt_335
CATL,RELATED_TO,US,doc_43.txt_335
CATL,RELATED_TO,Ford,doc_43.txt_335
Ford Taps Michigan For New Battery Plant,RELATED_TO,US,doc_43.txt_335
Ford Taps Michigan For New Battery Plant,RELATED_TO,Ford,doc_43.txt_335
US,RELATED_TO,Ford,doc_43.txt_335
Ilaria Mazzocco,RELATED_TO,China,doc_43.txt_336
Ilaria Mazzocco,RELATED_TO,Gregor Sebastian,doc_43.txt_336
China,RELATED_TO,Gregor Sebastian,doc_43.txt_336
CATL,MANUFACTURES,EV,doc_43.txt_337
CATL,MANUFACTURES,US,doc_43.txt_337
CATL,MANUFACTURES,Reuters,doc_43.txt_337
CATL,MANUFACTURES,EU,doc_43.txt_337
EV,MANUFACTURES,US,doc_43.txt_337
EV,MANUFACTURES,Reuters,doc_43.txt_337
EV,MANUFACTURES,EU,doc_43.txt_337
US,MANUFACTURES,Reuters,doc_43.txt_337
US,MANUFACTURES,EU,doc_43.txt_337
Reuters,MANUFACTURES,EU,doc_43.txt_337
Yasmeta Oon,RELATED_TO,https://www.msn.com/en-us/autos/news/china-creates-groundbreaking-electric-car-battery-that-fully-charges-in-just-10-minutes/ar-BB1mInh2.,doc_43.txt_338
Yasmeta Oon,RELATED_TO,US,doc_43.txt_338
Yasmeta Oon,RELATED_TO,SEC,doc_43.txt_338
Yasmeta Oon,RELATED_TO,EPA,doc_43.txt_338
https://www.msn.com/en-us/autos/news/china-creates-groundbreaking-electric-car-battery-that-fully-charges-in-just-10-minutes/ar-BB1mInh2.,RELATED_TO,US,doc_43.txt_338
https://www.msn.com/en-us/autos/news/china-creates-groundbreaking-electric-car-battery-that-fully-charges-in-just-10-minutes/ar-BB1mInh2.,RELATED_TO,SEC,doc_43.txt_338
https://www.msn.com/en-us/autos/news/china-creates-groundbreaking-electric-car-battery-that-fully-charges-in-just-10-minutes/ar-BB1mInh2.,RELATED_TO,EPA,doc_43.txt_338
US,RELATED_TO,SEC,doc_43.txt_338
US,RELATED_TO,EPA,doc_43.txt_338
SEC,RELATED_TO,EPA,doc_43.txt_338
CATL,COMPETES_WITH,EV,doc_43.txt_339
CATL,COMPETES_WITH,US,doc_43.txt_339
CATL,COMPETES_WITH,Volkswagen,doc_43.txt_339
CATL,COMPETES_WITH,China,doc_43.txt_339
EV,COMPETES_WITH,US,doc_43.txt_339
EV,COMPETES_WITH,Volkswagen,doc_43.txt_339
EV,COMPETES_WITH,China,doc_43.txt_339
US,COMPETES_WITH,Volkswagen,doc_43.txt_339
US,COMPETES_WITH,China,doc_43.txt_339
Volkswagen,COMPETES_WITH,China,doc_43.txt_339
EV,RELATED_TO,Edis Osmanbasic,doc_43.txt_340
the Mass Production Race,RELATED_TO,China’s Position,doc_43.txt_341
the Mass Production Race,RELATED_TO,US,doc_43.txt_341
the Mass Production Race,RELATED_TO,TrendForce,doc_43.txt_341
the Mass Production Race,RELATED_TO,China,doc_43.txt_341
China’s Position,RELATED_TO,US,doc_43.txt_341
China’s Position,RELATED_TO,TrendForce,doc_43.txt_341
China’s Position,RELATED_TO,China,doc_43.txt_341
US,RELATED_TO,TrendForce,doc_43.txt_341
US,RELATED_TO,China,doc_43.txt_341
TrendForce,RELATED_TO,China,doc_43.txt_341
EV,RELATED_TO,Semi Solid-State,doc_43.txt_342
EV,RELATED_TO,China,doc_43.txt_342
EV,RELATED_TO,China,doc_43.txt_342
EV,RELATED_TO,Emily Dreibelbis,doc_43.txt_342
Semi Solid-State,RELATED_TO,China,doc_43.txt_342
Semi Solid-State,RELATED_TO,China,doc_43.txt_342
Semi Solid-State,RELATED_TO,Emily Dreibelbis,doc_43.txt_342
China,RELATED_TO,China,doc_43.txt_342
China,RELATED_TO,Emily Dreibelbis,doc_43.txt_342
China,RELATED_TO,Emily Dreibelbis,doc_43.txt_342
Jacky Wong,RELATED_TO,Kia,doc_43.txt_343
Jacky Wong,RELATED_TO,US,doc_43.txt_343
Jacky Wong,RELATED_TO,China,doc_43.txt_343
Jacky Wong,RELATED_TO,The Wall Street Journal,doc_43.txt_343
Kia,RELATED_TO,US,doc_43.txt_343
Kia,RELATED_TO,China,doc_43.txt_343
Kia,RELATED_TO,The Wall Street Journal,doc_43.txt_343
US,RELATED_TO,China,doc_43.txt_343
US,RELATED_TO,The Wall Street Journal,doc_43.txt_343
China,RELATED_TO,The Wall Street Journal,doc_43.txt_343
US,RELATED_TO,China,doc_43.txt_344
US,RELATED_TO,China,doc_43.txt_344
US,RELATED_TO,the Mass Production Race,doc_43.txt_344
China,RELATED_TO,China,doc_43.txt_344
China,RELATED_TO,the Mass Production Race,doc_43.txt_344
China,RELATED_TO,the Mass Production Race,doc_43.txt_344
Jackie Northam,RELATED_TO,EV,doc_43.txt_345
Jackie Northam,RELATED_TO,NPR,doc_43.txt_345
Jackie Northam,RELATED_TO,the Mass Production Race,doc_43.txt_345
Jackie Northam,RELATED_TO,Wong,doc_43.txt_345
EV,RELATED_TO,NPR,doc_43.txt_345
EV,RELATED_TO,the Mass Production Race,doc_43.txt_345
EV,RELATED_TO,Wong,doc_43.txt_345
NPR,RELATED_TO,the Mass Production Race,doc_43.txt_345
NPR,RELATED_TO,Wong,doc_43.txt_345
the Mass Production Race,RELATED_TO,Wong,doc_43.txt_345
Yang,MANUFACTURES,US,doc_43.txt_346
Yang,MANUFACTURES,Levin,doc_43.txt_346
Yang,MANUFACTURES,Reid,doc_43.txt_346
Yang,MANUFACTURES,China,doc_43.txt_346
US,MANUFACTURES,Levin,doc_43.txt_346
US,MANUFACTURES,Reid,doc_43.txt_346
US,MANUFACTURES,China,doc_43.txt_346
Levin,MANUFACTURES,Reid,doc_43.txt_346
Levin,MANUFACTURES,China,doc_43.txt_346
Reid,MANUFACTURES,China,doc_43.txt_346
https://www.wsj.com/business/autos/a-chinese-phone-maker-did-something-apple-couldnt-make-an-ev-3523186a,MANUFACTURES,EV,doc_43.txt_347
https://www.wsj.com/business/autos/a-chinese-phone-maker-did-something-apple-couldnt-make-an-ev-3523186a,MANUFACTURES,US,doc_43.txt_347
https://www.wsj.com/business/autos/a-chinese-phone-maker-did-something-apple-couldnt-make-an-ev-3523186a,MANUFACTURES,Reid,doc_43.txt_347
https://www.wsj.com/business/autos/a-chinese-phone-maker-did-something-apple-couldnt-make-an-ev-3523186a,MANUFACTURES,The Wall Street Journal,doc_43.txt_347
EV,MANUFACTURES,US,doc_43.txt_347
EV,MANUFACTURES,Reid,doc_43.txt_347
EV,MANUFACTURES,The Wall Street Journal,doc_43.txt_347
US,MANUFACTURES,Reid,doc_43.txt_347
US,MANUFACTURES,The Wall Street Journal,doc_43.txt_347
Reid,MANUFACTURES,The Wall Street Journal,doc_43.txt_347
Global Automakers Tap Local Tech Giants,MANUFACTURES,Huang,doc_43.txt_348
Global Automakers Tap Local Tech Giants,MANUFACTURES,Survive,doc_43.txt_348
Global Automakers Tap Local Tech Giants,MANUFACTURES,China,doc_43.txt_348
Global Automakers Tap Local Tech Giants,MANUFACTURES,The Wall Street Journal,doc_43.txt_348
Huang,MANUFACTURES,Survive,doc_43.txt_348
Huang,MANUFACTURES,China,doc_43.txt_348
Huang,MANUFACTURES,The Wall Street Journal,doc_43.txt_348
Survive,MANUFACTURES,China,doc_43.txt_348
Survive,MANUFACTURES,The Wall Street Journal,doc_43.txt_348
China,MANUFACTURES,The Wall Street Journal,doc_43.txt_348
Global Automakers Tap Local Tech Giants,MANUFACTURES,Buy Local Chips,doc_43.txt_349
Global Automakers Tap Local Tech Giants,MANUFACTURES,US,doc_43.txt_349
Global Automakers Tap Local Tech Giants,MANUFACTURES,BYD,doc_43.txt_349
Global Automakers Tap Local Tech Giants,MANUFACTURES,US,doc_43.txt_349
Buy Local Chips,MANUFACTURES,US,doc_43.txt_349
Buy Local Chips,MANUFACTURES,BYD,doc_43.txt_349
Buy Local Chips,MANUFACTURES,US,doc_43.txt_349
US,MANUFACTURES,BYD,doc_43.txt_349
US,MANUFACTURES,US,doc_43.txt_349
BYD,MANUFACTURES,US,doc_43.txt_349
Caixin Global,RELATED_TO,Han Wei,doc_43.txt_350
Caixin Global,RELATED_TO,Zhai Shaohui,doc_43.txt_350
Caixin Global,RELATED_TO,https://www.caixinglobal.com/2024-05-22/self-driving-cars-will-be-on-chinas-roads-by-2025-says-xpeng-boss-102198814.html,doc_43.txt_350
Caixin Global,RELATED_TO,US,doc_43.txt_350
Han Wei,RELATED_TO,Zhai Shaohui,doc_43.txt_350
Han Wei,RELATED_TO,https://www.caixinglobal.com/2024-05-22/self-driving-cars-will-be-on-chinas-roads-by-2025-says-xpeng-boss-102198814.html,doc_43.txt_350
Han Wei,RELATED_TO,US,doc_43.txt_350
Zhai Shaohui,RELATED_TO,https://www.caixinglobal.com/2024-05-22/self-driving-cars-will-be-on-chinas-roads-by-2025-says-xpeng-boss-102198814.html,doc_43.txt_350
Zhai Shaohui,RELATED_TO,US,doc_43.txt_350
https://www.caixinglobal.com/2024-05-22/self-driving-cars-will-be-on-chinas-roads-by-2025-says-xpeng-boss-102198814.html,RELATED_TO,US,doc_43.txt_350
Mercedes-Benz,RELATED_TO,US,doc_43.txt_351
Mercedes-Benz,RELATED_TO,Mercedes,doc_43.txt_351
Mercedes-Benz,RELATED_TO,U.S.,doc_43.txt_351
Mercedes-Benz,RELATED_TO,SAE Level,doc_43.txt_351
US,RELATED_TO,Mercedes,doc_43.txt_351
US,RELATED_TO,U.S.,doc_43.txt_351
US,RELATED_TO,SAE Level,doc_43.txt_351
Mercedes,RELATED_TO,U.S.,doc_43.txt_351
Mercedes,RELATED_TO,SAE Level,doc_43.txt_351
U.S.,RELATED_TO,SAE Level,doc_43.txt_351
EV,COMPETES_WITH,Xiaomi,doc_43.txt_352
EV,COMPETES_WITH,Reuters,doc_43.txt_352
EV,COMPETES_WITH,China,doc_43.txt_352
EV,COMPETES_WITH,EU,doc_43.txt_352
Xiaomi,COMPETES_WITH,Reuters,doc_43.txt_352
Xiaomi,COMPETES_WITH,China,doc_43.txt_352
Xiaomi,COMPETES_WITH,EU,doc_43.txt_352
Reuters,COMPETES_WITH,China,doc_43.txt_352
Reuters,COMPETES_WITH,EU,doc_43.txt_352
China,COMPETES_WITH,EU,doc_43.txt_352
Xiaomi SU7:,MANUFACTURES,EV,doc_43.txt_353
Xiaomi SU7:,MANUFACTURES,Kubota,doc_43.txt_353
Xiaomi SU7:,MANUFACTURES,US,doc_43.txt_353
Xiaomi SU7:,MANUFACTURES,Apple,doc_43.txt_353
EV,MANUFACTURES,Kubota,doc_43.txt_353
EV,MANUFACTURES,US,doc_43.txt_353
EV,MANUFACTURES,Apple,doc_43.txt_353
Kubota,MANUFACTURES,US,doc_43.txt_353
Kubota,MANUFACTURES,Apple,doc_43.txt_353
US,MANUFACTURES,Apple,doc_43.txt_353
XPeng Supplier Planning,MANUFACTURES,EV,doc_43.txt_354
XPeng Supplier Planning,MANUFACTURES,Kubota,doc_43.txt_354
XPeng Supplier Planning,MANUFACTURES,Steven Loveday,doc_43.txt_354
XPeng Supplier Planning,MANUFACTURES,Tesla,doc_43.txt_354
EV,MANUFACTURES,Kubota,doc_43.txt_354
EV,MANUFACTURES,Steven Loveday,doc_43.txt_354
EV,MANUFACTURES,Tesla,doc_43.txt_354
Kubota,MANUFACTURES,Steven Loveday,doc_43.txt_354
Kubota,MANUFACTURES,Tesla,doc_43.txt_354
Steven Loveday,MANUFACTURES,Tesla,doc_43.txt_354
Italian,RELATED_TO,SEC,doc_43.txt_355
Italian,RELATED_TO,US,doc_43.txt_355
Italian,RELATED_TO,International Journal of Business and Emerging Markets Vol,doc_43.txt_355
Italian,RELATED_TO,Alessandra Vecchi,doc_43.txt_355
SEC,RELATED_TO,US,doc_43.txt_355
SEC,RELATED_TO,International Journal of Business and Emerging Markets Vol,doc_43.txt_355
SEC,RELATED_TO,Alessandra Vecchi,doc_43.txt_355
US,RELATED_TO,International Journal of Business and Emerging Markets Vol,doc_43.txt_355
US,RELATED_TO,Alessandra Vecchi,doc_43.txt_355
International Journal of Business and Emerging Markets Vol,RELATED_TO,Alessandra Vecchi,doc_43.txt_355
US,COMPETES_WITH,China,doc_43.txt_356
US,COMPETES_WITH,China,doc_43.txt_356
US,COMPETES_WITH,Chinese,doc_43.txt_356
China,COMPETES_WITH,China,doc_43.txt_356
China,COMPETES_WITH,Chinese,doc_43.txt_356
China,COMPETES_WITH,Chinese,doc_43.txt_356
Xpeng Stake,RELATED_TO,Xpeng,doc_43.txt_357
Xpeng Stake,RELATED_TO,Volkswagen,doc_43.txt_357
Xpeng Stake,RELATED_TO,China,doc_43.txt_357
Xpeng Stake,RELATED_TO,China,doc_43.txt_357
Xpeng,RELATED_TO,Volkswagen,doc_43.txt_357
Xpeng,RELATED_TO,China,doc_43.txt_357
Xpeng,RELATED_TO,China,doc_43.txt_357
Volkswagen,RELATED_TO,China,doc_43.txt_357
Volkswagen,RELATED_TO,China,doc_43.txt_357
China,RELATED_TO,China,doc_43.txt_357
Global Automakers Tap Local Tech Giants,MANUFACTURES,https://www.reuters.com/business/autos-transportation/chinas-zhejiang-leapmotor-will-issue-shares-worth-11-bln-stellantis-2023-10-25/.,doc_43.txt_358
Global Automakers Tap Local Tech Giants,MANUFACTURES,US,doc_43.txt_358
Global Automakers Tap Local Tech Giants,MANUFACTURES,Survive,doc_43.txt_358
Global Automakers Tap Local Tech Giants,MANUFACTURES,Stellantis,doc_43.txt_358
https://www.reuters.com/business/autos-transportation/chinas-zhejiang-leapmotor-will-issue-shares-worth-11-bln-stellantis-2023-10-25/.,MANUFACTURES,US,doc_43.txt_358
https://www.reuters.com/business/autos-transportation/chinas-zhejiang-leapmotor-will-issue-shares-worth-11-bln-stellantis-2023-10-25/.,MANUFACTURES,Survive,doc_43.txt_358
https://www.reuters.com/business/autos-transportation/chinas-zhejiang-leapmotor-will-issue-shares-worth-11-bln-stellantis-2023-10-25/.,MANUFACTURES,Stellantis,doc_43.txt_358
US,MANUFACTURES,Survive,doc_43.txt_358
US,MANUFACTURES,Stellantis,doc_43.txt_358
Survive,MANUFACTURES,Stellantis,doc_43.txt_358
Driver-Assistance Service,RELATED_TO,Daniel Leussink,doc_43.txt_359
Driver-Assistance Service,RELATED_TO,CATL,doc_43.txt_359
Driver-Assistance Service,RELATED_TO,US,doc_43.txt_359
Driver-Assistance Service,RELATED_TO,Reuters,doc_43.txt_359
Daniel Leussink,RELATED_TO,CATL,doc_43.txt_359
Daniel Leussink,RELATED_TO,US,doc_43.txt_359
Daniel Leussink,RELATED_TO,Reuters,doc_43.txt_359
CATL,RELATED_TO,US,doc_43.txt_359
CATL,RELATED_TO,Reuters,doc_43.txt_359
US,RELATED_TO,Reuters,doc_43.txt_359
US,RELATED_TO,Erin Feiger,doc_43.txt_360
US,RELATED_TO,TCD,doc_43.txt_360
US,RELATED_TO,https://www.thecooldown.com/green-tech/tianjin-solar-powered-car-china-ev-2/.,doc_43.txt_360
US,RELATED_TO,China,doc_43.txt_360
Erin Feiger,RELATED_TO,TCD,doc_43.txt_360
Erin Feiger,RELATED_TO,https://www.thecooldown.com/green-tech/tianjin-solar-powered-car-china-ev-2/.,doc_43.txt_360
Erin Feiger,RELATED_TO,China,doc_43.txt_360
TCD,RELATED_TO,https://www.thecooldown.com/green-tech/tianjin-solar-powered-car-china-ev-2/.,doc_43.txt_360
TCD,RELATED_TO,China,doc_43.txt_360
https://www.thecooldown.com/green-tech/tianjin-solar-powered-car-china-ev-2/.,RELATED_TO,China,doc_43.txt_360
https://ideascale.com/blog/what-is-process-innovation/.,RELATED_TO,IdeaScale,doc_43.txt_361
https://ideascale.com/blog/what-is-process-innovation/.,RELATED_TO,US,doc_43.txt_361
https://ideascale.com/blog/what-is-process-innovation/.,RELATED_TO,Selina Cheng,doc_43.txt_361
https://ideascale.com/blog/what-is-process-innovation/.,RELATED_TO,China,doc_43.txt_361
IdeaScale,RELATED_TO,US,doc_43.txt_361
IdeaScale,RELATED_TO,Selina Cheng,doc_43.txt_361
IdeaScale,RELATED_TO,China,doc_43.txt_361
US,RELATED_TO,Selina Cheng,doc_43.txt_361
US,RELATED_TO,China,doc_43.txt_361
Selina Cheng,RELATED_TO,China,doc_43.txt_361
China’s Electric Cars Keep Improving,COMPETES_WITH,Leaked Memo,doc_43.txt_362
China’s Electric Cars Keep Improving,COMPETES_WITH,Kia,doc_43.txt_362
China’s Electric Cars Keep Improving,COMPETES_WITH,US,doc_43.txt_362
China’s Electric Cars Keep Improving,COMPETES_WITH,Eric Pfanner,doc_43.txt_362
Leaked Memo,COMPETES_WITH,Kia,doc_43.txt_362
Leaked Memo,COMPETES_WITH,US,doc_43.txt_362
Leaked Memo,COMPETES_WITH,Eric Pfanner,doc_43.txt_362
Kia,COMPETES_WITH,US,doc_43.txt_362
Kia,COMPETES_WITH,Eric Pfanner,doc_43.txt_362
US,COMPETES_WITH,Eric Pfanner,doc_43.txt_362
Tesla,COMPETES_WITH,Kubota,doc_43.txt_363
Tesla,COMPETES_WITH,US,doc_43.txt_363
Tesla,COMPETES_WITH,Seeking Alpha,doc_43.txt_363
Tesla,COMPETES_WITH,Xpeng,doc_43.txt_363
Kubota,COMPETES_WITH,US,doc_43.txt_363
Kubota,COMPETES_WITH,Seeking Alpha,doc_43.txt_363
Kubota,COMPETES_WITH,Xpeng,doc_43.txt_363
US,COMPETES_WITH,Seeking Alpha,doc_43.txt_363
US,COMPETES_WITH,Xpeng,doc_43.txt_363
Seeking Alpha,COMPETES_WITH,Xpeng,doc_43.txt_363
Robert Atkinson,RELATED_TO,Kubota,doc_43.txt_364
Robert Atkinson,RELATED_TO,US,doc_43.txt_364
Robert Atkinson,RELATED_TO,China,doc_43.txt_364
Robert Atkinson,RELATED_TO,China,doc_43.txt_364
Kubota,RELATED_TO,US,doc_43.txt_364
Kubota,RELATED_TO,China,doc_43.txt_364
Kubota,RELATED_TO,China,doc_43.txt_364
US,RELATED_TO,China,doc_43.txt_364
US,RELATED_TO,China,doc_43.txt_364
China,RELATED_TO,China,doc_43.txt_364
Harvard Business Review,MANUFACTURES,US,doc_43.txt_365
Harvard Business Review,MANUFACTURES,https://www.hbsp.harvard.edu/product/H07YQ4-PDF-ENG,doc_43.txt_365
Harvard Business Review,MANUFACTURES,US,doc_43.txt_365
Harvard Business Review,MANUFACTURES,Asia Times,doc_43.txt_365
US,MANUFACTURES,https://www.hbsp.harvard.edu/product/H07YQ4-PDF-ENG,doc_43.txt_365
US,MANUFACTURES,US,doc_43.txt_365
US,MANUFACTURES,Asia Times,doc_43.txt_365
https://www.hbsp.harvard.edu/product/H07YQ4-PDF-ENG,MANUFACTURES,US,doc_43.txt_365
https://www.hbsp.harvard.edu/product/H07YQ4-PDF-ENG,MANUFACTURES,Asia Times,doc_43.txt_365
US,MANUFACTURES,Asia Times,doc_43.txt_365
EV,MANUFACTURES,Kubota,doc_43.txt_366
EV,MANUFACTURES,China EV,doc_43.txt_366
EV,MANUFACTURES,German,doc_43.txt_366
EV,MANUFACTURES,US,doc_43.txt_366
Kubota,MANUFACTURES,China EV,doc_43.txt_366
Kubota,MANUFACTURES,German,doc_43.txt_366
Kubota,MANUFACTURES,US,doc_43.txt_366
China EV,MANUFACTURES,German,doc_43.txt_366
China EV,MANUFACTURES,US,doc_43.txt_366
German,MANUFACTURES,US,doc_43.txt_366
European Commission,RELATED_TO,https://publications.jrc.ec.europa.eu/repository/handle/JRC135576,doc_43.txt_367
European Commission,RELATED_TO,10%,doc_43.txt_367
European Commission,RELATED_TO,Automotive Engineering,doc_43.txt_367
European Commission,RELATED_TO,US,doc_43.txt_367
https://publications.jrc.ec.europa.eu/repository/handle/JRC135576,RELATED_TO,10%,doc_43.txt_367
https://publications.jrc.ec.europa.eu/repository/handle/JRC135576,RELATED_TO,Automotive Engineering,doc_43.txt_367
https://publications.jrc.ec.europa.eu/repository/handle/JRC135576,RELATED_TO,US,doc_43.txt_367
10%,RELATED_TO,Automotive Engineering,doc_43.txt_367
10%,RELATED_TO,US,doc_43.txt_367
Automotive Engineering,RELATED_TO,US,doc_43.txt_367
Milad Haghani,RELATED_TO,Gaida et al.,doc_43.txt_368
the Cooperative Patent Classification,RELATED_TO,B62D,doc_43.txt_369
the Cooperative Patent Classification,RELATED_TO,Property Organization,doc_43.txt_369
the Cooperative Patent Classification,RELATED_TO,IPC,doc_43.txt_369
the Cooperative Patent Classification,RELATED_TO,CPC,doc_43.txt_369
B62D,RELATED_TO,Property Organization,doc_43.txt_369
B62D,RELATED_TO,IPC,doc_43.txt_369
B62D,RELATED_TO,CPC,doc_43.txt_369
Property Organization,RELATED_TO,IPC,doc_43.txt_369
Property Organization,RELATED_TO,CPC,doc_43.txt_369
IPC,RELATED_TO,CPC,doc_43.txt_369
BYD,RELATED_TO,IPC,doc_43.txt_370
BYD,RELATED_TO,BYD Group,doc_43.txt_370
BYD,RELATED_TO,Reid,doc_43.txt_370
BYD,RELATED_TO,China,doc_43.txt_370
IPC,RELATED_TO,BYD Group,doc_43.txt_370
IPC,RELATED_TO,Reid,doc_43.txt_370
IPC,RELATED_TO,China,doc_43.txt_370
BYD Group,RELATED_TO,Reid,doc_43.txt_370
BYD Group,RELATED_TO,China,doc_43.txt_370
Reid,RELATED_TO,China,doc_43.txt_370
EV,MANUFACTURES,BYD,doc_43.txt_371
EV,MANUFACTURES,AutoVista24,doc_43.txt_371
EV,MANUFACTURES,Reid,doc_43.txt_371
EV,MANUFACTURES,China,doc_43.txt_371
BYD,MANUFACTURES,AutoVista24,doc_43.txt_371
BYD,MANUFACTURES,Reid,doc_43.txt_371
BYD,MANUFACTURES,China,doc_43.txt_371
AutoVista24,MANUFACTURES,Reid,doc_43.txt_371
AutoVista24,MANUFACTURES,China,doc_43.txt_371
Reid,MANUFACTURES,China,doc_43.txt_371
Smy,RELATED_TO,BYD,doc_43.txt_372
Smy,RELATED_TO,SEC,doc_43.txt_372
Smy,RELATED_TO,Reid,doc_43.txt_372
Smy,RELATED_TO,China,doc_43.txt_372
BYD,RELATED_TO,SEC,doc_43.txt_372
BYD,RELATED_TO,Reid,doc_43.txt_372
BYD,RELATED_TO,China,doc_43.txt_372
SEC,RELATED_TO,Reid,doc_43.txt_372
SEC,RELATED_TO,China,doc_43.txt_372
Reid,RELATED_TO,China,doc_43.txt_372
Trademark Organization,RELATED_TO,World Intellectual Property Organization,doc_43.txt_373
Trademark Organization,RELATED_TO,Jill Shen,doc_43.txt_373
Trademark Organization,RELATED_TO,BYD,doc_43.txt_373
World Intellectual Property Organization,RELATED_TO,Jill Shen,doc_43.txt_373
World Intellectual Property Organization,RELATED_TO,BYD,doc_43.txt_373
Jill Shen,RELATED_TO,BYD,doc_43.txt_373
Yale University Press,RELATED_TO,Connecticut,doc_43.txt_374
Yale University Press,RELATED_TO,The World Turned Upside Down: America,doc_43.txt_374
Yale University Press,RELATED_TO,United States,doc_43.txt_374
Yale University Press,RELATED_TO,US,doc_43.txt_374
Connecticut,RELATED_TO,The World Turned Upside Down: America,doc_43.txt_374
Connecticut,RELATED_TO,United States,doc_43.txt_374
Connecticut,RELATED_TO,US,doc_43.txt_374
The World Turned Upside Down: America,RELATED_TO,United States,doc_43.txt_374
The World Turned Upside Down: America,RELATED_TO,US,doc_43.txt_374
United States,RELATED_TO,US,doc_43.txt_374
Stephen Ezell,MANUFACTURES,2.1%,doc_43.txt_375
Stephen Ezell,MANUFACTURES,BYD,doc_43.txt_375
Stephen Ezell,MANUFACTURES,WTO,doc_43.txt_375
Stephen Ezell,MANUFACTURES,China,doc_43.txt_375
2.1%,MANUFACTURES,BYD,doc_43.txt_375
2.1%,MANUFACTURES,WTO,doc_43.txt_375
2.1%,MANUFACTURES,China,doc_43.txt_375
BYD,MANUFACTURES,WTO,doc_43.txt_375
BYD,MANUFACTURES,China,doc_43.txt_375
WTO,MANUFACTURES,China,doc_43.txt_375
Stephen Ezell,RELATED_TO,Gregor Sebastian,doc_43.txt_376
Stephen Ezell,RELATED_TO,DOE,doc_43.txt_376
Stephen Ezell,RELATED_TO,Nio,doc_43.txt_376
Stephen Ezell,RELATED_TO,Phate Zhang,doc_43.txt_376
Gregor Sebastian,RELATED_TO,DOE,doc_43.txt_376
Gregor Sebastian,RELATED_TO,Nio,doc_43.txt_376
Gregor Sebastian,RELATED_TO,Phate Zhang,doc_43.txt_376
DOE,RELATED_TO,Nio,doc_43.txt_376
DOE,RELATED_TO,Phate Zhang,doc_43.txt_376
Nio,RELATED_TO,Phate Zhang,doc_43.txt_376
Stephen Ezell,RELATED_TO,Gregor Sebastian,doc_43.txt_377
Stephen Ezell,RELATED_TO,Taken Tesla’s Crown,doc_43.txt_377
Stephen Ezell,RELATED_TO,Yang,doc_43.txt_377
Stephen Ezell,RELATED_TO,Christina Lu,doc_43.txt_377
Gregor Sebastian,RELATED_TO,Taken Tesla’s Crown,doc_43.txt_377
Gregor Sebastian,RELATED_TO,Yang,doc_43.txt_377
Gregor Sebastian,RELATED_TO,Christina Lu,doc_43.txt_377
Taken Tesla’s Crown,RELATED_TO,Yang,doc_43.txt_377
Taken Tesla’s Crown,RELATED_TO,Christina Lu,doc_43.txt_377
Yang,RELATED_TO,Christina Lu,doc_43.txt_377
EV,RELATED_TO,US,doc_43.txt_378
EV,RELATED_TO,Reid,doc_43.txt_378
EV,RELATED_TO,China,doc_43.txt_378
EV,RELATED_TO,China,doc_43.txt_378
US,RELATED_TO,Reid,doc_43.txt_378
US,RELATED_TO,China,doc_43.txt_378
US,RELATED_TO,China,doc_43.txt_378
Reid,RELATED_TO,China,doc_43.txt_378
Reid,RELATED_TO,China,doc_43.txt_378
China,RELATED_TO,China,doc_43.txt_378
SEC,RELATED_TO,Qinyu Qiao,doc_43.txt_379
SEC,RELATED_TO,Harry Lee,doc_43.txt_379
SEC,RELATED_TO,Kennedy,doc_43.txt_379
SEC,RELATED_TO,Belfer Center for,doc_43.txt_379
Qinyu Qiao,RELATED_TO,Harry Lee,doc_43.txt_379
Qinyu Qiao,RELATED_TO,Kennedy,doc_43.txt_379
Qinyu Qiao,RELATED_TO,Belfer Center for,doc_43.txt_379
Harry Lee,RELATED_TO,Kennedy,doc_43.txt_379
Harry Lee,RELATED_TO,Belfer Center for,doc_43.txt_379
Kennedy,RELATED_TO,Belfer Center for,doc_43.txt_379
US,COMPETES_WITH,China,doc_43.txt_380
US,COMPETES_WITH,China,doc_43.txt_380
US,COMPETES_WITH,"35,000",doc_43.txt_380
China,COMPETES_WITH,China,doc_43.txt_380
China,COMPETES_WITH,"35,000",doc_43.txt_380
China,COMPETES_WITH,"35,000",doc_43.txt_380
Congress,MANUFACTURES,US,doc_43.txt_381
Congress,MANUFACTURES,SEC,doc_43.txt_381
Congress,MANUFACTURES,Security Review Commission,doc_43.txt_381
Congress,MANUFACTURES,Kennedy,doc_43.txt_381
US,MANUFACTURES,SEC,doc_43.txt_381
US,MANUFACTURES,Security Review Commission,doc_43.txt_381
US,MANUFACTURES,Kennedy,doc_43.txt_381
SEC,MANUFACTURES,Security Review Commission,doc_43.txt_381
SEC,MANUFACTURES,Kennedy,doc_43.txt_381
Security Review Commission,MANUFACTURES,Kennedy,doc_43.txt_381
Congress,INVESTED_IN,US,doc_43.txt_382
Congress,INVESTED_IN,the U.S.-China Economic and Security Review Commission,doc_43.txt_382
Congress,INVESTED_IN,SEC,doc_43.txt_382
Congress,INVESTED_IN,Kennedy,doc_43.txt_382
US,INVESTED_IN,the U.S.-China Economic and Security Review Commission,doc_43.txt_382
US,INVESTED_IN,SEC,doc_43.txt_382
US,INVESTED_IN,Kennedy,doc_43.txt_382
the U.S.-China Economic and Security Review Commission,INVESTED_IN,SEC,doc_43.txt_382
the U.S.-China Economic and Security Review Commission,INVESTED_IN,Kennedy,doc_43.txt_382
SEC,INVESTED_IN,Kennedy,doc_43.txt_382
Stephen Ezell,RELATED_TO,Connecticut,doc_43.txt_383
Stephen Ezell,RELATED_TO,Yale University Press,doc_43.txt_383
Stephen Ezell,RELATED_TO,Greeven,doc_43.txt_383
Stephen Ezell,RELATED_TO,Robert D. Atkinson,doc_43.txt_383
Connecticut,RELATED_TO,Yale University Press,doc_43.txt_383
Connecticut,RELATED_TO,Greeven,doc_43.txt_383
Connecticut,RELATED_TO,Robert D. Atkinson,doc_43.txt_383
Yale University Press,RELATED_TO,Greeven,doc_43.txt_383
Yale University Press,RELATED_TO,Robert D. Atkinson,doc_43.txt_383
Greeven,RELATED_TO,Robert D. Atkinson,doc_43.txt_383
GM,RELATED_TO,Greeven,doc_43.txt_384
GM,RELATED_TO,US,doc_43.txt_384
GM,RELATED_TO,SEC,doc_43.txt_384
GM,RELATED_TO,The New York Times,doc_43.txt_384
Greeven,RELATED_TO,US,doc_43.txt_384
Greeven,RELATED_TO,SEC,doc_43.txt_384
Greeven,RELATED_TO,The New York Times,doc_43.txt_384
US,RELATED_TO,SEC,doc_43.txt_384
US,RELATED_TO,The New York Times,doc_43.txt_384
SEC,RELATED_TO,The New York Times,doc_43.txt_384
Hannah Ng,RELATED_TO,US,doc_43.txt_385
Hannah Ng,RELATED_TO,Greeven,doc_43.txt_385
Hannah Ng,RELATED_TO,Dominate EV Industry,doc_43.txt_385
Hannah Ng,RELATED_TO,Intellectual Property Theft Enables China,doc_43.txt_385
US,RELATED_TO,Greeven,doc_43.txt_385
US,RELATED_TO,Dominate EV Industry,doc_43.txt_385
US,RELATED_TO,Intellectual Property Theft Enables China,doc_43.txt_385
Greeven,RELATED_TO,Dominate EV Industry,doc_43.txt_385
Greeven,RELATED_TO,Intellectual Property Theft Enables China,doc_43.txt_385
Dominate EV Industry,RELATED_TO,Intellectual Property Theft Enables China,doc_43.txt_385
Alex Lauer,MANUFACTURES,China,doc_43.txt_386
Alex Lauer,MANUFACTURES,China,doc_43.txt_386
Alex Lauer,MANUFACTURES,Warns U.S. Counterintelligence,doc_43.txt_386
Alex Lauer,MANUFACTURES,CarScoops,doc_43.txt_386
China,MANUFACTURES,China,doc_43.txt_386
China,MANUFACTURES,Warns U.S. Counterintelligence,doc_43.txt_386
China,MANUFACTURES,CarScoops,doc_43.txt_386
China,MANUFACTURES,Warns U.S. Counterintelligence,doc_43.txt_386
China,MANUFACTURES,CarScoops,doc_43.txt_386
Warns U.S. Counterintelligence,MANUFACTURES,CarScoops,doc_43.txt_386
Tesla,RELATED_TO,SEC,doc_43.txt_387
Tesla,RELATED_TO,China,doc_43.txt_387
Tesla,RELATED_TO,Vishakha Saxena,doc_43.txt_387
SEC,RELATED_TO,China,doc_43.txt_387
SEC,RELATED_TO,Vishakha Saxena,doc_43.txt_387
China,RELATED_TO,Vishakha Saxena,doc_43.txt_387
Conspiracy,RELATED_TO,IRA,doc_43.txt_388
Conspiracy,RELATED_TO,EV,doc_43.txt_388
Conspiracy,RELATED_TO,Send Leading Electric Vehicle Company’s Trade Secrets,doc_43.txt_388
Conspiracy,RELATED_TO,US,doc_43.txt_388
IRA,RELATED_TO,EV,doc_43.txt_388
IRA,RELATED_TO,Send Leading Electric Vehicle Company’s Trade Secrets,doc_43.txt_388
IRA,RELATED_TO,US,doc_43.txt_388
EV,RELATED_TO,Send Leading Electric Vehicle Company’s Trade Secrets,doc_43.txt_388
EV,RELATED_TO,US,doc_43.txt_388
Send Leading Electric Vehicle Company’s Trade Secrets,RELATED_TO,US,doc_43.txt_388
Stephen Ezell,MANUFACTURES,US,doc_43.txt_389
Stephen Ezell,MANUFACTURES,Buy Local Chips,doc_43.txt_389
Stephen Ezell,MANUFACTURES,US,doc_43.txt_389
Stephen Ezell,MANUFACTURES,Kennedy,doc_43.txt_389
US,MANUFACTURES,Buy Local Chips,doc_43.txt_389
US,MANUFACTURES,US,doc_43.txt_389
US,MANUFACTURES,Kennedy,doc_43.txt_389
Buy Local Chips,MANUFACTURES,US,doc_43.txt_389
Buy Local Chips,MANUFACTURES,Kennedy,doc_43.txt_389
US,MANUFACTURES,Kennedy,doc_43.txt_389
Brian Le Shier,RELATED_TO,China,doc_43.txt_390
Brian Le Shier,RELATED_TO,Rebecca Kanthor,doc_43.txt_390
Brian Le Shier,RELATED_TO,China,doc_43.txt_390
Brian Le Shier,RELATED_TO,Chinese,doc_43.txt_390
China,RELATED_TO,Rebecca Kanthor,doc_43.txt_390
China,RELATED_TO,China,doc_43.txt_390
China,RELATED_TO,Chinese,doc_43.txt_390
Rebecca Kanthor,RELATED_TO,China,doc_43.txt_390
Rebecca Kanthor,RELATED_TO,Chinese,doc_43.txt_390
China,RELATED_TO,Chinese,doc_43.txt_390
Hongyang Cui et,RELATED_TO,The International Council on Clean Transportation,doc_43.txt_391
Hongyang Cui et,RELATED_TO,China,doc_43.txt_391
Hongyang Cui et,RELATED_TO,Chinese,doc_43.txt_391
Hongyang Cui et,RELATED_TO,U.S.,doc_43.txt_391
The International Council on Clean Transportation,RELATED_TO,China,doc_43.txt_391
The International Council on Clean Transportation,RELATED_TO,Chinese,doc_43.txt_391
The International Council on Clean Transportation,RELATED_TO,U.S.,doc_43.txt_391
China,RELATED_TO,Chinese,doc_43.txt_391
China,RELATED_TO,U.S.,doc_43.txt_391
Chinese,RELATED_TO,U.S.,doc_43.txt_391
IRA,COMPETES_WITH,China’s Electric Cars Keep Improving,doc_43.txt_392
IRA,COMPETES_WITH,Kennedy,doc_43.txt_392
IRA,COMPETES_WITH,China,doc_43.txt_392
IRA,COMPETES_WITH,China,doc_43.txt_392
China’s Electric Cars Keep Improving,COMPETES_WITH,Kennedy,doc_43.txt_392
China’s Electric Cars Keep Improving,COMPETES_WITH,China,doc_43.txt_392
China’s Electric Cars Keep Improving,COMPETES_WITH,China,doc_43.txt_392
Kennedy,COMPETES_WITH,China,doc_43.txt_392
Kennedy,COMPETES_WITH,China,doc_43.txt_392
China,COMPETES_WITH,China,doc_43.txt_392
US,MANUFACTURES,nearly 52%,doc_43.txt_393
US,MANUFACTURES,EV,doc_43.txt_393
US,MANUFACTURES,US,doc_43.txt_393
US,MANUFACTURES,Chinese,doc_43.txt_393
nearly 52%,MANUFACTURES,EV,doc_43.txt_393
nearly 52%,MANUFACTURES,US,doc_43.txt_393
nearly 52%,MANUFACTURES,Chinese,doc_43.txt_393
EV,MANUFACTURES,US,doc_43.txt_393
EV,MANUFACTURES,Chinese,doc_43.txt_393
US,MANUFACTURES,Chinese,doc_43.txt_393
EV Tax Credit: Rules,RELATED_TO,NerdWallet,doc_43.txt_394
EV Tax Credit: Rules,RELATED_TO,Sabrina Parys,doc_43.txt_394
NerdWallet,RELATED_TO,Sabrina Parys,doc_43.txt_394
Upfront Savings for Consumers on Electric Vehicle Sales,RELATED_TO,Treasury,doc_43.txt_395
Upfront Savings for Consumers on Electric Vehicle Sales,RELATED_TO,U.S. Department,doc_43.txt_395
Upfront Savings for Consumers on Electric Vehicle Sales,RELATED_TO,EPA,doc_43.txt_395
Treasury,RELATED_TO,U.S. Department,doc_43.txt_395
Treasury,RELATED_TO,EPA,doc_43.txt_395
U.S. Department,RELATED_TO,EPA,doc_43.txt_395
Continue Building,RELATED_TO,US,doc_43.txt_396
Continue Building,RELATED_TO,The White House,doc_43.txt_396
Continue Building,RELATED_TO,Americans,doc_43.txt_396
Continue Building,RELATED_TO,Cut Electric Vehicle,doc_43.txt_396
US,RELATED_TO,The White House,doc_43.txt_396
US,RELATED_TO,Americans,doc_43.txt_396
US,RELATED_TO,Cut Electric Vehicle,doc_43.txt_396
The White House,RELATED_TO,Americans,doc_43.txt_396
The White House,RELATED_TO,Cut Electric Vehicle,doc_43.txt_396
Americans,RELATED_TO,Cut Electric Vehicle,doc_43.txt_396
$1.7 billion,RELATED_TO,Biden,doc_43.txt_397
$1.7 billion,RELATED_TO,Andrew Duehren,doc_43.txt_397
$1.7 billion,RELATED_TO,Associated Press,doc_43.txt_397
$1.7 billion,RELATED_TO,Andrew Restuccia,doc_43.txt_397
Biden,RELATED_TO,Andrew Duehren,doc_43.txt_397
Biden,RELATED_TO,Associated Press,doc_43.txt_397
Biden,RELATED_TO,Andrew Restuccia,doc_43.txt_397
Andrew Duehren,RELATED_TO,Associated Press,doc_43.txt_397
Andrew Duehren,RELATED_TO,Andrew Restuccia,doc_43.txt_397
Associated Press,RELATED_TO,Andrew Restuccia,doc_43.txt_397
Beijing,RELATED_TO,Philip Blenkinsop,doc_43.txt_398
Beijing,RELATED_TO,US,doc_43.txt_398
Beijing,RELATED_TO,Reuters,doc_43.txt_398
Beijing,RELATED_TO,EU,doc_43.txt_398
Philip Blenkinsop,RELATED_TO,US,doc_43.txt_398
Philip Blenkinsop,RELATED_TO,Reuters,doc_43.txt_398
Philip Blenkinsop,RELATED_TO,EU,doc_43.txt_398
US,RELATED_TO,Reuters,doc_43.txt_398
US,RELATED_TO,EU,doc_43.txt_398
Reuters,RELATED_TO,EU,doc_43.txt_398
David McHugh,RELATED_TO,Tesla,doc_43.txt_399
David McHugh,RELATED_TO,Europe,doc_43.txt_399
David McHugh,RELATED_TO,EU,doc_43.txt_399
David McHugh,RELATED_TO,China,doc_43.txt_399
Tesla,RELATED_TO,Europe,doc_43.txt_399
Tesla,RELATED_TO,EU,doc_43.txt_399
Tesla,RELATED_TO,China,doc_43.txt_399
Europe,RELATED_TO,EU,doc_43.txt_399
Europe,RELATED_TO,China,doc_43.txt_399
EU,RELATED_TO,China,doc_43.txt_399
US,RELATED_TO,Europe,doc_43.txt_400
US,RELATED_TO,Associated Press,doc_43.txt_400
US,RELATED_TO,China,doc_43.txt_400
US,RELATED_TO,EU,doc_43.txt_400
Europe,RELATED_TO,Associated Press,doc_43.txt_400
Europe,RELATED_TO,China,doc_43.txt_400
Europe,RELATED_TO,EU,doc_43.txt_400
Associated Press,RELATED_TO,China,doc_43.txt_400
Associated Press,RELATED_TO,EU,doc_43.txt_400
China,RELATED_TO,EU,doc_43.txt_400
Develop Better Electric Vehicle Batteries,RELATED_TO,Edward Rightor,doc_43.txt_401
Develop Better Electric Vehicle Batteries,RELATED_TO,Robin Gaster,doc_43.txt_401
Develop Better Electric Vehicle Batteries,RELATED_TO,Clifton Yin,doc_43.txt_401
Develop Better Electric Vehicle Batteries,RELATED_TO,Matthew Stepp,doc_43.txt_401
Edward Rightor,RELATED_TO,Robin Gaster,doc_43.txt_401
Edward Rightor,RELATED_TO,Clifton Yin,doc_43.txt_401
Edward Rightor,RELATED_TO,Matthew Stepp,doc_43.txt_401
Robin Gaster,RELATED_TO,Clifton Yin,doc_43.txt_401
Robin Gaster,RELATED_TO,Matthew Stepp,doc_43.txt_401
Clifton Yin,RELATED_TO,Matthew Stepp,doc_43.txt_401
Manufacturing USA,RELATED_TO,Climate Group EV100,doc_43.txt_402
Manufacturing USA,RELATED_TO,US,doc_43.txt_402
Manufacturing USA,RELATED_TO,Drive the Electric Vehicle Transition,doc_43.txt_402
Manufacturing USA,RELATED_TO,U.S.,doc_43.txt_402
Climate Group EV100,RELATED_TO,US,doc_43.txt_402
Climate Group EV100,RELATED_TO,Drive the Electric Vehicle Transition,doc_43.txt_402
Climate Group EV100,RELATED_TO,U.S.,doc_43.txt_402
US,RELATED_TO,Drive the Electric Vehicle Transition,doc_43.txt_402
US,RELATED_TO,U.S.,doc_43.txt_402
Drive the Electric Vehicle Transition,RELATED_TO,U.S.,doc_43.txt_402
National Trade Estimate Report of Foreign Trade Barriers,RELATED_TO,United States,doc_43.txt_403
National Trade Estimate Report of Foreign Trade Barriers,RELATED_TO,US,doc_43.txt_403
National Trade Estimate Report of Foreign Trade Barriers,RELATED_TO,United States Trade Representative,doc_43.txt_403
United States,RELATED_TO,US,doc_43.txt_403
United States,RELATED_TO,United States Trade Representative,doc_43.txt_403
US,RELATED_TO,United States Trade Representative,doc_43.txt_403
United States,RELATED_TO,Nigel Cory,doc_43.txt_404
United States,RELATED_TO,US,doc_43.txt_404
United States,RELATED_TO,SEC,doc_43.txt_404
United States,RELATED_TO,China,doc_43.txt_404
Nigel Cory,RELATED_TO,US,doc_43.txt_404
Nigel Cory,RELATED_TO,SEC,doc_43.txt_404
Nigel Cory,RELATED_TO,China,doc_43.txt_404
US,RELATED_TO,SEC,doc_43.txt_404
US,RELATED_TO,China,doc_43.txt_404
SEC,RELATED_TO,China,doc_43.txt_404
US,MANUFACTURES,China,doc_43.txt_405
US,MANUFACTURES,China,doc_43.txt_405
US,MANUFACTURES,USITC,doc_43.txt_405
US,MANUFACTURES,Robert D. Atkinson,doc_43.txt_405
China,MANUFACTURES,China,doc_43.txt_405
China,MANUFACTURES,USITC,doc_43.txt_405
China,MANUFACTURES,Robert D. Atkinson,doc_43.txt_405
China,MANUFACTURES,USITC,doc_43.txt_405
China,MANUFACTURES,Robert D. Atkinson,doc_43.txt_405
USITC,MANUFACTURES,Robert D. Atkinson,doc_43.txt_405
GM,RELATED_TO,US,doc_43.txt_406
GM,RELATED_TO,Mexico,doc_43.txt_406
GM,RELATED_TO,US,doc_43.txt_406
GM,RELATED_TO,Caroline Freund,doc_43.txt_406
US,RELATED_TO,Mexico,doc_43.txt_406
US,RELATED_TO,US,doc_43.txt_406
US,RELATED_TO,Caroline Freund,doc_43.txt_406
Mexico,RELATED_TO,US,doc_43.txt_406
Mexico,RELATED_TO,Caroline Freund,doc_43.txt_406
US,RELATED_TO,Caroline Freund,doc_43.txt_406
U.S. Department of State,PARTNERS_WITH,US,doc_43.txt_407
U.S. Department of State,PARTNERS_WITH,SEC,doc_43.txt_407
U.S. Department of State,PARTNERS_WITH,EPA,doc_43.txt_407
U.S. Department of State,PARTNERS_WITH,Alexander Laska,doc_43.txt_407
US,PARTNERS_WITH,SEC,doc_43.txt_407
US,PARTNERS_WITH,EPA,doc_43.txt_407
US,PARTNERS_WITH,Alexander Laska,doc_43.txt_407
SEC,PARTNERS_WITH,EPA,doc_43.txt_407
SEC,PARTNERS_WITH,Alexander Laska,doc_43.txt_407
EPA,PARTNERS_WITH,Alexander Laska,doc_43.txt_407
K Street NW,RELATED_TO,"Suite 600Washington, DC 20001[email",doc_43.txt_408
K Street NW,RELATED_TO,"Map & Directions
Structured",doc_43.txt_408
"Suite 600Washington, DC 20001[email",RELATED_TO,"Map & Directions
Structured",doc_43.txt_408
EV,RELATED_TO,US,doc_44.txt_0
EV,RELATED_TO,38%,doc_44.txt_0
EV,RELATED_TO,Pew Research Center,doc_44.txt_0
EV,RELATED_TO,U.S.,doc_44.txt_0
US,RELATED_TO,38%,doc_44.txt_0
US,RELATED_TO,Pew Research Center,doc_44.txt_0
US,RELATED_TO,U.S.,doc_44.txt_0
38%,RELATED_TO,Pew Research Center,doc_44.txt_0
38%,RELATED_TO,U.S.,doc_44.txt_0
Pew Research Center,RELATED_TO,U.S.,doc_44.txt_0
the Center’s American Trends Panel,RELATED_TO,U.S.,doc_44.txt_1
US,RELATED_TO,another 13%,doc_44.txt_2
US,RELATED_TO,EV,doc_44.txt_2
US,RELATED_TO,U.S.,doc_44.txt_2
another 13%,RELATED_TO,EV,doc_44.txt_2
another 13%,RELATED_TO,U.S.,doc_44.txt_2
EV,RELATED_TO,U.S.,doc_44.txt_2
EV,MANUFACTURES,Biden,doc_44.txt_3
EV,MANUFACTURES,U.S.,doc_44.txt_3
EV,MANUFACTURES,8.5%,doc_44.txt_3
Biden,MANUFACTURES,U.S.,doc_44.txt_3
Biden,MANUFACTURES,8.5%,doc_44.txt_3
U.S.,MANUFACTURES,8.5%,doc_44.txt_3
EV,RELATED_TO,US,doc_44.txt_4
EV,RELATED_TO,68%,doc_44.txt_4
EV,RELATED_TO,U.S.,doc_44.txt_4
EV,RELATED_TO,Democrats,doc_44.txt_4
US,RELATED_TO,68%,doc_44.txt_4
US,RELATED_TO,U.S.,doc_44.txt_4
US,RELATED_TO,Democrats,doc_44.txt_4
68%,RELATED_TO,U.S.,doc_44.txt_4
68%,RELATED_TO,Democrats,doc_44.txt_4
U.S.,RELATED_TO,Democrats,doc_44.txt_4
70%,RELATED_TO,EV,doc_44.txt_5
70%,RELATED_TO,12%,doc_44.txt_5
70%,RELATED_TO,72%,doc_44.txt_5
EV,RELATED_TO,12%,doc_44.txt_5
EV,RELATED_TO,72%,doc_44.txt_5
12%,RELATED_TO,72%,doc_44.txt_5
US,RELATED_TO,$5 billion,doc_44.txt_6
US,RELATED_TO,EV,doc_44.txt_6
US,RELATED_TO,Biden,doc_44.txt_6
$5 billion,RELATED_TO,EV,doc_44.txt_6
$5 billion,RELATED_TO,Biden,doc_44.txt_6
EV,RELATED_TO,Biden,doc_44.txt_6
Some 17%,RELATED_TO,30%,doc_44.txt_7
Some 17%,RELATED_TO,Americans,doc_44.txt_7
Some 17%,RELATED_TO,53%,doc_44.txt_7
30%,RELATED_TO,Americans,doc_44.txt_7
30%,RELATED_TO,53%,doc_44.txt_7
Americans,RELATED_TO,53%,doc_44.txt_7
74%,RELATED_TO,EV,doc_44.txt_8
74%,RELATED_TO,GOP,doc_44.txt_8
74%,RELATED_TO,34%,doc_44.txt_8
74%,RELATED_TO,Republicans,doc_44.txt_8
EV,RELATED_TO,GOP,doc_44.txt_8
EV,RELATED_TO,34%,doc_44.txt_8
EV,RELATED_TO,Republicans,doc_44.txt_8
GOP,RELATED_TO,34%,doc_44.txt_8
GOP,RELATED_TO,Republicans,doc_44.txt_8
34%,RELATED_TO,Republicans,doc_44.txt_8
EV,RELATED_TO,US,doc_44.txt_9
EV,RELATED_TO,Just 19%,doc_44.txt_9
EV,RELATED_TO,68%,doc_44.txt_9
EV,RELATED_TO,U.S.,doc_44.txt_9
US,RELATED_TO,Just 19%,doc_44.txt_9
US,RELATED_TO,68%,doc_44.txt_9
US,RELATED_TO,U.S.,doc_44.txt_9
Just 19%,RELATED_TO,68%,doc_44.txt_9
Just 19%,RELATED_TO,U.S.,doc_44.txt_9
68%,RELATED_TO,U.S.,doc_44.txt_9
64%,RELATED_TO,Republicans,doc_44.txt_11
64%,RELATED_TO,Americans,doc_44.txt_11
64%,RELATED_TO,Democrats,doc_44.txt_11
64%,RELATED_TO,59%,doc_44.txt_11
Republicans,RELATED_TO,Americans,doc_44.txt_11
Republicans,RELATED_TO,Democrats,doc_44.txt_11
Republicans,RELATED_TO,59%,doc_44.txt_11
Americans,RELATED_TO,Democrats,doc_44.txt_11
Americans,RELATED_TO,59%,doc_44.txt_11
Democrats,RELATED_TO,59%,doc_44.txt_11
Partisans,RELATED_TO,US,doc_44.txt_12
Partisans,RELATED_TO,Some 37%,doc_44.txt_12
Partisans,RELATED_TO,20%,doc_44.txt_12
Partisans,RELATED_TO,Republicans,doc_44.txt_12
US,RELATED_TO,Some 37%,doc_44.txt_12
US,RELATED_TO,20%,doc_44.txt_12
US,RELATED_TO,Republicans,doc_44.txt_12
Some 37%,RELATED_TO,20%,doc_44.txt_12
Some 37%,RELATED_TO,Republicans,doc_44.txt_12
20%,RELATED_TO,Republicans,doc_44.txt_12
US,RELATED_TO,Alec Tyson,doc_44.txt_13
US,RELATED_TO,Media Inquiries,doc_44.txt_13
US,RELATED_TO,Alison Spencer,doc_44.txt_13
US,RELATED_TO,Pew Research Center,doc_44.txt_13
Alec Tyson,RELATED_TO,Media Inquiries,doc_44.txt_13
Alec Tyson,RELATED_TO,Alison Spencer,doc_44.txt_13
Alec Tyson,RELATED_TO,Pew Research Center,doc_44.txt_13
Media Inquiries,RELATED_TO,Alison Spencer,doc_44.txt_13
Media Inquiries,RELATED_TO,Pew Research Center,doc_44.txt_13
Alison Spencer,RELATED_TO,Pew Research Center,doc_44.txt_13
The Pew Charitable Trusts,RELATED_TO,US,doc_44.txt_14
The Pew Charitable Trusts,RELATED_TO,DOE,doc_44.txt_14
The Pew Charitable Trusts,RELATED_TO,Center,doc_44.txt_14
The Pew Charitable Trusts,RELATED_TO,Pew Research Center,doc_44.txt_14
US,RELATED_TO,DOE,doc_44.txt_14
US,RELATED_TO,Center,doc_44.txt_14
US,RELATED_TO,Pew Research Center,doc_44.txt_14
DOE,RELATED_TO,Center,doc_44.txt_14
DOE,RELATED_TO,Pew Research Center,doc_44.txt_14
Center,RELATED_TO,Pew Research Center,doc_44.txt_14
US,RELATED_TO,Cookie Policy,doc_45.txt_0
US,RELATED_TO,LinkedIn’s User Agreement,doc_45.txt_0
Cookie Policy,RELATED_TO,LinkedIn’s User Agreement,doc_45.txt_0
US,RELATED_TO,Cookie Policy,doc_45.txt_1
US,RELATED_TO,LinkedIn’s User Agreement,doc_45.txt_1
Cookie Policy,RELATED_TO,LinkedIn’s User Agreement,doc_45.txt_1
US,RELATED_TO,Cookie Policy,doc_45.txt_2
US,RELATED_TO,LinkedIn’s User Agreement,doc_45.txt_2
Cookie Policy,RELATED_TO,LinkedIn’s User Agreement,doc_45.txt_2
US,RELATED_TO,Cookie Policy,doc_45.txt_3
US,RELATED_TO,LinkedIn’s User Agreement,doc_45.txt_3
Cookie Policy,RELATED_TO,LinkedIn’s User Agreement,doc_45.txt_3
US,RELATED_TO,Cookie Policy,doc_45.txt_4
US,RELATED_TO,LinkedIn’s User Agreement,doc_45.txt_4
Cookie Policy,RELATED_TO,LinkedIn’s User Agreement,doc_45.txt_4
US,RELATED_TO,Cookie Policy,doc_45.txt_5
US,RELATED_TO,LinkedIn’s User Agreement,doc_45.txt_5
Cookie Policy,RELATED_TO,LinkedIn’s User Agreement,doc_45.txt_5
US,RELATED_TO,Cookie Policy,doc_45.txt_6
US,RELATED_TO,LinkedIn’s User Agreement,doc_45.txt_6
Cookie Policy,RELATED_TO,LinkedIn’s User Agreement,doc_45.txt_6
US,RELATED_TO,Cookie Policy,doc_45.txt_7
US,RELATED_TO,Education,doc_45.txt_7
US,RELATED_TO,LinkedIn’s User Agreement,doc_45.txt_7
Cookie Policy,RELATED_TO,Education,doc_45.txt_7
Cookie Policy,RELATED_TO,LinkedIn’s User Agreement,doc_45.txt_7
Education,RELATED_TO,LinkedIn’s User Agreement,doc_45.txt_7
DOE,RELATED_TO,thinker,doc_45.txt_9
DOE,RELATED_TO,Rob,doc_45.txt_9
thinker,RELATED_TO,Rob,doc_45.txt_9
Delta Air Lines,RELATED_TO,"Robert
            
Stay",doc_45.txt_11
Delta Air Lines,RELATED_TO,US,doc_45.txt_11
Delta Air Lines,RELATED_TO,Insights & Analytics,doc_45.txt_11
Delta Air Lines,RELATED_TO,Cookie Policy,doc_45.txt_11
"Robert
            
Stay",RELATED_TO,US,doc_45.txt_11
"Robert
            
Stay",RELATED_TO,Insights & Analytics,doc_45.txt_11
"Robert
            
Stay",RELATED_TO,Cookie Policy,doc_45.txt_11
US,RELATED_TO,Insights & Analytics,doc_45.txt_11
US,RELATED_TO,Cookie Policy,doc_45.txt_11
Insights & Analytics,RELATED_TO,Cookie Policy,doc_45.txt_11
US,RELATED_TO,Experienced Aviation Professional | Board,doc_45.txt_12
US,RELATED_TO,"The Perception Problem

Right",doc_45.txt_13
Lessons for Business Owners,RELATED_TO,DOE,doc_45.txt_15
Lessons for Business Owners,RELATED_TO,SEC,doc_45.txt_15
Lessons for Business Owners,RELATED_TO,US,doc_45.txt_15
Lessons for Business Owners,RELATED_TO,creepy,doc_45.txt_15
DOE,RELATED_TO,SEC,doc_45.txt_15
DOE,RELATED_TO,US,doc_45.txt_15
DOE,RELATED_TO,creepy,doc_45.txt_15
SEC,RELATED_TO,US,doc_45.txt_15
SEC,RELATED_TO,creepy,doc_45.txt_15
US,RELATED_TO,creepy,doc_45.txt_15
creepy,RELATED_TO,Stick,doc_45.txt_16
creepy,RELATED_TO,"Lessons for Business Owners

Here’s",doc_45.txt_16
creepy,RELATED_TO,US,doc_45.txt_16
Stick,RELATED_TO,"Lessons for Business Owners

Here’s",doc_45.txt_16
Stick,RELATED_TO,US,doc_45.txt_16
"Lessons for Business Owners

Here’s",RELATED_TO,US,doc_45.txt_16
US,RELATED_TO,GM,doc_45.txt_17
US,RELATED_TO,Nancy Chester,doc_45.txt_17
US,RELATED_TO,DOE,doc_45.txt_17
GM,RELATED_TO,Nancy Chester,doc_45.txt_17
GM,RELATED_TO,DOE,doc_45.txt_17
Nancy Chester,RELATED_TO,DOE,doc_45.txt_17
"Nancy Chester
        

              
          BCD’s",RELATED_TO,US,doc_45.txt_18
"Nancy Chester
        

              
          BCD’s",RELATED_TO,Business Travel News,doc_45.txt_18
"Nancy Chester
        

              
          BCD’s",RELATED_TO,BCD,doc_45.txt_18
"Nancy Chester
        

              
          BCD’s",RELATED_TO,Amy Dalton,doc_45.txt_18
US,RELATED_TO,Business Travel News,doc_45.txt_18
US,RELATED_TO,BCD,doc_45.txt_18
US,RELATED_TO,Amy Dalton,doc_45.txt_18
Business Travel News,RELATED_TO,BCD,doc_45.txt_18
Business Travel News,RELATED_TO,Amy Dalton,doc_45.txt_18
BCD,RELATED_TO,Amy Dalton,doc_45.txt_18
DOE,RELATED_TO,AA,doc_45.txt_19
US,RELATED_TO,American,doc_45.txt_20
Loyalty Points,RELATED_TO,30%,doc_45.txt_21
Loyalty Points,RELATED_TO,US,doc_45.txt_21
30%,RELATED_TO,US,doc_45.txt_21
Alaska Airlines & The Guardian,RELATED_TO,American Airlines,doc_45.txt_23
Alaska Airlines & The Guardian,RELATED_TO,#airlineNDC #,doc_45.txt_23
Alaska Airlines & The Guardian,RELATED_TO,US,doc_45.txt_23
Alaska Airlines & The Guardian,RELATED_TO,SEC,doc_45.txt_23
American Airlines,RELATED_TO,#airlineNDC #,doc_45.txt_23
American Airlines,RELATED_TO,US,doc_45.txt_23
American Airlines,RELATED_TO,SEC,doc_45.txt_23
#airlineNDC #,RELATED_TO,US,doc_45.txt_23
#airlineNDC #,RELATED_TO,SEC,doc_45.txt_23
US,RELATED_TO,SEC,doc_45.txt_23
Guardian,RELATED_TO,Emilie Harkin,doc_45.txt_24
Guardian,RELATED_TO,Alaska Airlines,doc_45.txt_24
Guardian,RELATED_TO,Taylor Putnam,doc_45.txt_24
Emilie Harkin,RELATED_TO,Alaska Airlines,doc_45.txt_24
Emilie Harkin,RELATED_TO,Taylor Putnam,doc_45.txt_24
Alaska Airlines,RELATED_TO,Taylor Putnam,doc_45.txt_24
Guardian,RELATED_TO,US,doc_45.txt_25
Guardian,RELATED_TO,Alaska Airlines,doc_45.txt_25
Guardian,RELATED_TO,LTV,doc_45.txt_25
US,RELATED_TO,Alaska Airlines,doc_45.txt_25
US,RELATED_TO,LTV,doc_45.txt_25
Alaska Airlines,RELATED_TO,LTV,doc_45.txt_25
EPA,RELATED_TO,RecurlyWebinar,doc_45.txt_26
EPA,RELATED_TO,#SubscriberRelationships #,doc_45.txt_26
RecurlyWebinar,RELATED_TO,#SubscriberRelationships #,doc_45.txt_26
US,RELATED_TO,United Airlines,doc_45.txt_27
US,RELATED_TO,Jay Fulmer,doc_45.txt_27
US,RELATED_TO,Snr,doc_45.txt_27
US,RELATED_TO,Innovation & Strategy,doc_45.txt_27
United Airlines,RELATED_TO,Jay Fulmer,doc_45.txt_27
United Airlines,RELATED_TO,Snr,doc_45.txt_27
United Airlines,RELATED_TO,Innovation & Strategy,doc_45.txt_27
Jay Fulmer,RELATED_TO,Snr,doc_45.txt_27
Jay Fulmer,RELATED_TO,Innovation & Strategy,doc_45.txt_27
Snr,RELATED_TO,Innovation & Strategy,doc_45.txt_27
GM,COMPETES_WITH,Michael Baker,doc_45.txt_28
GM,COMPETES_WITH,IROPS,doc_45.txt_28
GM,COMPETES_WITH,𝐈𝐦𝐏𝐚𝐱 𝐑𝐞𝐩𝐨𝐫𝐭,doc_45.txt_28
Michael Baker,COMPETES_WITH,IROPS,doc_45.txt_28
Michael Baker,COMPETES_WITH,𝐈𝐦𝐏𝐚𝐱 𝐑𝐞𝐩𝐨𝐫𝐭,doc_45.txt_28
IROPS,COMPETES_WITH,𝐈𝐦𝐏𝐚𝐱 𝐑𝐞𝐩𝐨𝐫𝐭,doc_45.txt_28
$506 million,RELATED_TO,the 9 percent,doc_45.txt_29
$506 million,RELATED_TO,4 percent,doc_45.txt_29
$506 million,RELATED_TO,5 percent,doc_45.txt_29
$506 million,RELATED_TO,SEC,doc_45.txt_29
the 9 percent,RELATED_TO,4 percent,doc_45.txt_29
the 9 percent,RELATED_TO,5 percent,doc_45.txt_29
the 9 percent,RELATED_TO,SEC,doc_45.txt_29
4 percent,RELATED_TO,5 percent,doc_45.txt_29
4 percent,RELATED_TO,SEC,doc_45.txt_29
5 percent,RELATED_TO,SEC,doc_45.txt_29
Victor Manuel Valdez,COMPETES_WITH,BusinessTravelers,doc_45.txt_30
Victor Manuel Valdez,COMPETES_WITH,US,doc_45.txt_30
Victor Manuel Valdez,COMPETES_WITH,EPA,doc_45.txt_30
Victor Manuel Valdez,COMPETES_WITH,BCDTravel,doc_45.txt_30
BusinessTravelers,COMPETES_WITH,US,doc_45.txt_30
BusinessTravelers,COMPETES_WITH,EPA,doc_45.txt_30
BusinessTravelers,COMPETES_WITH,BCDTravel,doc_45.txt_30
US,COMPETES_WITH,EPA,doc_45.txt_30
US,COMPETES_WITH,BCDTravel,doc_45.txt_30
EPA,COMPETES_WITH,BCDTravel,doc_45.txt_30
American Travelers,PARTNERS_WITH,Longwoods International,doc_45.txt_32
EV,RELATED_TO,US,doc_45.txt_34
EV,RELATED_TO,American,doc_45.txt_34
EV,RELATED_TO,Only 24%,doc_45.txt_34
EV,RELATED_TO,only 26%,doc_45.txt_34
US,RELATED_TO,American,doc_45.txt_34
US,RELATED_TO,Only 24%,doc_45.txt_34
US,RELATED_TO,only 26%,doc_45.txt_34
American,RELATED_TO,Only 24%,doc_45.txt_34
American,RELATED_TO,only 26%,doc_45.txt_34
Only 24%,RELATED_TO,only 26%,doc_45.txt_34
42%,RELATED_TO,51%,doc_45.txt_36
42%,RELATED_TO,56%,doc_45.txt_36
42%,RELATED_TO,American,doc_45.txt_36
42%,RELATED_TO,49%,doc_45.txt_36
51%,RELATED_TO,56%,doc_45.txt_36
51%,RELATED_TO,American,doc_45.txt_36
51%,RELATED_TO,49%,doc_45.txt_36
56%,RELATED_TO,American,doc_45.txt_36
56%,RELATED_TO,49%,doc_45.txt_36
American,RELATED_TO,49%,doc_45.txt_36
34%,RELATED_TO,22%,doc_45.txt_37
19%,RELATED_TO,US,doc_45.txt_38
19%,RELATED_TO,8%,doc_45.txt_38
19%,RELATED_TO,22%,doc_45.txt_38
19%,RELATED_TO,American,doc_45.txt_38
US,RELATED_TO,8%,doc_45.txt_38
US,RELATED_TO,22%,doc_45.txt_38
US,RELATED_TO,American,doc_45.txt_38
8%,RELATED_TO,22%,doc_45.txt_38
8%,RELATED_TO,American,doc_45.txt_38
22%,RELATED_TO,American,doc_45.txt_38
American,RELATED_TO,94%,doc_45.txt_40
DOE,RELATED_TO,Southwest Airlines,doc_45.txt_43
DOE,RELATED_TO,EPA,doc_45.txt_43
Southwest Airlines,RELATED_TO,EPA,doc_45.txt_43
#SouthwestAirlinesTips #,RELATED_TO,#SouthwestFrequentFlyer #,doc_45.txt_44
#SouthwestAirlinesTips #,RELATED_TO,#SouthwestSeatSelection #,doc_45.txt_44
#SouthwestFrequentFlyer #,RELATED_TO,#SouthwestSeatSelection #,doc_45.txt_44
US,RELATED_TO,Texas,doc_45.txt_45
US,RELATED_TO,Southwest Airlines,doc_45.txt_45
US,RELATED_TO,Florida,doc_45.txt_45
US,RELATED_TO,California,doc_45.txt_45
Texas,RELATED_TO,Southwest Airlines,doc_45.txt_45
Texas,RELATED_TO,Florida,doc_45.txt_45
Texas,RELATED_TO,California,doc_45.txt_45
Southwest Airlines,RELATED_TO,Florida,doc_45.txt_45
Southwest Airlines,RELATED_TO,California,doc_45.txt_45
Florida,RELATED_TO,California,doc_45.txt_45
CBS News,RELATED_TO,John Sweeney,doc_45.txt_46
CBS News,RELATED_TO,DEI,doc_45.txt_46
CBS News,RELATED_TO,Gregory,doc_45.txt_46
John Sweeney,RELATED_TO,DEI,doc_45.txt_46
John Sweeney,RELATED_TO,Gregory,doc_45.txt_46
DEI,RELATED_TO,Gregory,doc_45.txt_46
"ZS
        

              
          The",RELATED_TO,Phil Crofton,doc_45.txt_47
"ZS
        

              
          The",RELATED_TO,US,doc_45.txt_47
Phil Crofton,RELATED_TO,US,doc_45.txt_47
Phil Crofton,RELATED_TO,BCD,doc_45.txt_48
Phil Crofton,RELATED_TO,79%,doc_45.txt_48
BCD,RELATED_TO,79%,doc_45.txt_48
US,RELATED_TO,BCD,doc_45.txt_49
BCDTravel,RELATED_TO,Download BCD's,doc_45.txt_50
BCDTravel,RELATED_TO,TravelManagers,doc_45.txt_50
Download BCD's,RELATED_TO,TravelManagers,doc_45.txt_50
Ted Christie,RELATED_TO,Boeing,doc_45.txt_51
Ted Christie,RELATED_TO,Federal Aviation Administration,doc_45.txt_51
Ted Christie,RELATED_TO,Expedia Group,doc_45.txt_51
Ted Christie,RELATED_TO,William J. McGee,doc_45.txt_51
Boeing,RELATED_TO,Federal Aviation Administration,doc_45.txt_51
Boeing,RELATED_TO,Expedia Group,doc_45.txt_51
Boeing,RELATED_TO,William J. McGee,doc_45.txt_51
Federal Aviation Administration,RELATED_TO,Expedia Group,doc_45.txt_51
Federal Aviation Administration,RELATED_TO,William J. McGee,doc_45.txt_51
Expedia Group,RELATED_TO,William J. McGee,doc_45.txt_51
US,RELATED_TO,#aviation #,doc_45.txt_52
US,RELATED_TO,travelnews,doc_45.txt_52
US,RELATED_TO,FAA,doc_45.txt_52
#aviation #,RELATED_TO,travelnews,doc_45.txt_52
#aviation #,RELATED_TO,FAA,doc_45.txt_52
travelnews,RELATED_TO,FAA,doc_45.txt_52
Alaska Airlines,RELATED_TO,US,doc_45.txt_53
Alaska Airlines,RELATED_TO,SEC,doc_45.txt_53
Alaska Airlines,RELATED_TO,Emilie Harkin,doc_45.txt_53
Alaska Airlines,RELATED_TO,Taylor Putnam,doc_45.txt_53
US,RELATED_TO,SEC,doc_45.txt_53
US,RELATED_TO,Emilie Harkin,doc_45.txt_53
US,RELATED_TO,Taylor Putnam,doc_45.txt_53
SEC,RELATED_TO,Emilie Harkin,doc_45.txt_53
SEC,RELATED_TO,Taylor Putnam,doc_45.txt_53
Emilie Harkin,RELATED_TO,Taylor Putnam,doc_45.txt_53
US,RELATED_TO,LTV,doc_45.txt_54
Anthony Williams,MANUFACTURES,bit.ly/4bZORaY,doc_45.txt_55
Anthony Williams,MANUFACTURES,American Airlines,doc_45.txt_55
Anthony Williams,MANUFACTURES,AmericanAirlines,doc_45.txt_55
bit.ly/4bZORaY,MANUFACTURES,American Airlines,doc_45.txt_55
bit.ly/4bZORaY,MANUFACTURES,AmericanAirlines,doc_45.txt_55
American Airlines,MANUFACTURES,AmericanAirlines,doc_45.txt_55
US,RELATED_TO,BCD Travel,doc_45.txt_56
US,RELATED_TO,"Anthony Williams
        

              
          Recent",doc_45.txt_56
US,RELATED_TO,Connections,doc_45.txt_56
US,RELATED_TO,BCDTravel,doc_45.txt_56
BCD Travel,RELATED_TO,"Anthony Williams
        

              
          Recent",doc_45.txt_56
BCD Travel,RELATED_TO,Connections,doc_45.txt_56
BCD Travel,RELATED_TO,BCDTravel,doc_45.txt_56
"Anthony Williams
        

              
          Recent",RELATED_TO,Connections,doc_45.txt_56
"Anthony Williams
        

              
          Recent",RELATED_TO,BCDTravel,doc_45.txt_56
Connections,RELATED_TO,BCDTravel,doc_45.txt_56
between 3 percent and 4 percent,RELATED_TO,5 percent,doc_45.txt_57
between 3 percent and 4 percent,RELATED_TO,Sabre,doc_45.txt_57
between 3 percent and 4 percent,RELATED_TO,$26 million,doc_45.txt_57
between 3 percent and 4 percent,RELATED_TO,$551 million,doc_45.txt_57
5 percent,RELATED_TO,Sabre,doc_45.txt_57
5 percent,RELATED_TO,$26 million,doc_45.txt_57
5 percent,RELATED_TO,$551 million,doc_45.txt_57
Sabre,RELATED_TO,$26 million,doc_45.txt_57
Sabre,RELATED_TO,$551 million,doc_45.txt_57
$26 million,RELATED_TO,$551 million,doc_45.txt_57
Robert Heppenstall,RELATED_TO,LinkedIn,doc_45.txt_58
Robert Heppenstall,RELATED_TO,AI,doc_45.txt_58
Robert Heppenstall,RELATED_TO,"Bridgewater State University
      
            

              
        Student at Wake Forest University",doc_45.txt_58
LinkedIn,RELATED_TO,AI,doc_45.txt_58
LinkedIn,RELATED_TO,"Bridgewater State University
      
            

              
        Student at Wake Forest University",doc_45.txt_58
AI,RELATED_TO,"Bridgewater State University
      
            

              
        Student at Wake Forest University",doc_45.txt_58
US,RELATED_TO,"LinkedIn
        

              Agree & Join LinkedIn",doc_45.txt_59
US,RELATED_TO,Cookie Policy,doc_45.txt_59
US,RELATED_TO,LinkedIn’s User Agreement,doc_45.txt_59
US,RELATED_TO,Robert Heppenstall,doc_45.txt_59
"LinkedIn
        

              Agree & Join LinkedIn",RELATED_TO,Cookie Policy,doc_45.txt_59
"LinkedIn
        

              Agree & Join LinkedIn",RELATED_TO,LinkedIn’s User Agreement,doc_45.txt_59
"LinkedIn
        

              Agree & Join LinkedIn",RELATED_TO,Robert Heppenstall,doc_45.txt_59
Cookie Policy,RELATED_TO,LinkedIn’s User Agreement,doc_45.txt_59
Cookie Policy,RELATED_TO,Robert Heppenstall,doc_45.txt_59
LinkedIn’s User Agreement,RELATED_TO,Robert Heppenstall,doc_45.txt_59
US,RELATED_TO,Microsoft,doc_45.txt_60
US,RELATED_TO,Cookie Policy,doc_45.txt_60
US,RELATED_TO,LinkedIn’s User Agreement,doc_45.txt_60
US,RELATED_TO,the Microsoft Store,doc_45.txt_60
Microsoft,RELATED_TO,Cookie Policy,doc_45.txt_60
Microsoft,RELATED_TO,LinkedIn’s User Agreement,doc_45.txt_60
Microsoft,RELATED_TO,the Microsoft Store,doc_45.txt_60
Cookie Policy,RELATED_TO,LinkedIn’s User Agreement,doc_45.txt_60
Cookie Policy,RELATED_TO,the Microsoft Store,doc_45.txt_60
LinkedIn’s User Agreement,RELATED_TO,the Microsoft Store,doc_45.txt_60
